t,sensor0_1,sensor0_2,sensor0_3,sensor0_4,sensor0_5,sensor0_6,sensor0_7,sensor0_8,sensor0_9,sensor0_10,sensor0_11,sensor0_12,sensor0_13,sensor0_14,sensor0_15,sensor0_16,sensor0_17,sensor0_18,sensor0_19,sensor0_20,sensor0_21,sensor0_22,sensor0_23,sensor0_24,sensor0_25,sensor0_26,sensor0_27,sensor0_28,sensor0_29,sensor0_30,sensor0_31,sensor0_32,sensor0_33,sensor0_34,sensor0_35,sensor0_36,sensor0_37,sensor0_38,sensor0_39,sensor0_40,sensor0_41,sensor0_42,sensor0_43,sensor0_44,sensor0_45,sensor0_46,sensor0_47,sensor0_48,sensor0_49,sensor0_50,sensor0_51,sensor0_52,sensor0_53,sensor0_54,sensor0_55,sensor0_56,sensor0_57,sensor0_58,sensor0_59,sensor0_60,sensor0_61,sensor0_62,sensor0_63,sensor0_64,sensor1_1,sensor1_2,sensor1_3,sensor1_4,sensor1_5,sensor1_6,sensor1_7,sensor1_8,sensor1_9,sensor1_10,sensor1_11,sensor1_12,sensor1_13,sensor1_14,sensor1_15,sensor1_16,sensor1_17,sensor1_18,sensor1_19,sensor1_20,sensor1_21,sensor1_22,sensor1_23,sensor1_24,sensor1_25,sensor1_26,sensor1_27,sensor1_28,sensor1_29,sensor1_30,sensor1_31,sensor1_32,sensor1_33,sensor1_34,sensor1_35,sensor1_36,sensor1_37,sensor1_38,sensor1_39,sensor1_40,sensor1_41,sensor1_42,sensor1_43,sensor1_44,sensor1_45,sensor1_46,sensor1_47,sensor1_48,sensor1_49,sensor1_50,sensor1_51,sensor1_52,sensor1_53,sensor1_54,sensor1_55,sensor1_56,sensor1_57,sensor1_58,sensor1_59,sensor1_60,sensor1_61,sensor1_62,sensor1_63,sensor1_64,vdd_measured_1,vdd_measured_2,vdd_measured_3,vdd_measured_4,vdd_measured_5,vdd_measured_6,vdd_measured_7,vdd_measured_8,vdd_measured_9,vdd_measured_10,vdd_measured_11,vdd_measured_12,vdd_measured_13,vdd_measured_14,vdd_measured_15,vdd_measured_16,vdd_measured_17,vdd_measured_18,vdd_measured_19,vdd_measured_20,vdd_measured_21,vdd_measured_22,vdd_measured_23,vdd_measured_24,vdd_measured_25,vdd_measured_26,vdd_measured_27,vdd_measured_28,vdd_measured_29,vdd_measured_30,vdd_measured_31,vdd_measured_32,vdd_measured_33,vdd_measured_34,vdd_measured_35,vdd_measured_36,vdd_measured_37,vdd_measured_38,vdd_measured_39,vdd_measured_40,vdd_measured_41,vdd_measured_42,vdd_measured_43,vdd_measured_44,vdd_measured_45,vdd_measured_46,vdd_measured_47,vdd_measured_48,vdd_measured_49,vdd_measured_50,vdd_measured_51,vdd_measured_52,vdd_measured_53,vdd_measured_54,vdd_measured_55,vdd_measured_56,vdd_measured_57,vdd_measured_58,vdd_measured_59,vdd_measured_60,vdd_measured_61,vdd_measured_62,vdd_measured_63,vdd_measured_64
-25,23,23,24,24,24,24,25,24,25,25,25,25,25,25,25,24,25,25,23,23,26,25,25,25,25,24,25,25,25,25,24,24,25,25,23,23,22,25,24,25,25,25,25,23,23,23,25,24,24,23,23,23,23,23,23,23,23,24,24,24,25,25,25,26,47,47,47,47,47,47,47,47,47,47,47,47,47,47,47,47,47,47,47,47,47,47,47,47,47,47,47,47,47,47,47,47,47,47,47,47,47,47,47,47,47,47,47,47,47,47,47,47,47,47,47,47,47,47,47,47,47,47,47,47,47,47,47,47,795,795,800,800,800,800,805,800,805,805,805,805,805,805,805,800,805,805,795,795,810,805,805,805,805,800,805,805,805,805,800,800,805,805,795,795,790,805,800,805,805,805,805,795,795,795,805,800,800,795,795,795,795,795,795,795,795,800,800,800,805,805,805,810
-24.5,23,23,24,24,25,25,25,25,25,25,25,25,25,25,25,24,25,25,23,23,25,25,25,25,25,25,24,25,25,24,24,24,24,24,23,23,23,25,25,25,25,25,24,23,23,23,24,23,23,23,23,23,23,23,23,24,24,24,25,25,25,25,25,25,47,47,47,47,47,47,47,47,47,47,47,47,47,47,47,47,47,47,47,47,47,47,47,47,47,47,47,47,47,47,47,47,47,47,47,47,47,47,47,47,47,47,47,47,47,47,47,47,47,47,47,47,47,47,47,47,47,47,47,47,47,47,47,47,795,795,800,800,805,805,805,805,805,805,805,805,805,805,805,800,805,805,795,795,805,805,805,805,805,805,800,805,805,800,800,800,800,800,795,795,795,805,805,805,805,805,800,795,795,795,800,795,795,795,795,795,795,795,795,800,800,800,805,805,805,805,805,805
-24,23,23,24,25,25,25,25,25,25,26,25,25,25,25,24,25,26,25,24,24,25,25,25,25,25,25,25,25,24,25,24,24,24,23,23,23,23,25,25,25,24,25,23,24,23,23,25,23,23,23,23,24,23,24,23,23,24,24,25,25,25,25,25,25,47,47,47,47,47,47,47,47,47,47,47,47,47,47,47,47,47,47,47,47,47,47,47,47,47,47,47,47,47,47,47,47,47,47,47,47,47,47,47,47,47,47,47,47,47,47,47,47,47,47,47,47,47,47,47,47,47,47,47,47,47,47,47,47,795,795,800,805,805,805,805,805,805,810,805,805,805,805,800,805,810,805,800,800,805,805,805,805,805,805,805,805,800,805,800,800,800,795,795,795,795,805,805,805,800,805,795,800,795,795,805,795,795,795,795,800,795,800,795,795,800,800,805,805,805,805,805,805
-23.5,23,24,25,25,25,25,25,25,25,25,25,25,25,24,24,25,25,25,24,24,24,26,25,25,25,25,24,24,24,24,24,23,23,22,23,23,23,25,25,25,24,25,22,24,24,24,24,23,22,23,23,24,24,24,24,24,25,25,25,26,25,25,25,24,47,47,47,47,47,47,47,47,47,47,47,47,47,47,47,47,47,47,47,47,47,47,47,47,47,47,47,47,47,47,47,47,47,47,47,47,47,47,47,47,47,47,47,47,47,47,47,47,47,47,47,47,47,47,47,47,47,47,47,47,47,47,47,47,795,800,805,805,805,805,805,805,805,805,805,805,805,800,800,805,805,805,800,800,800,810,805,805,805,805,800,800,800,800,800,795,795,790,795,795,795,805,805,805,800,805,790,800,800,800,800,795,790,795,795,800,800,800,800,800,805,805,805,810,805,805,805,800
-23,24,24,26,25,25,25,25,25,25,25,25,24,25,24,24,25,25,25,25,24,24,25,25,25,25,25,24,23,23,23,23,23,22,23,23,23,24,25,25,25,24,25,22,25,25,25,23,23,23,23,23,25,24,24,25,25,24,25,25,25,25,25,25,24,47,47,47,47,47,47,47,47,47,47,47,47,47,47,47,47,47,47,47,47,47,47,47,47,47,47,47,47,47,47,47,47,47,47,47,47,47,47,47,47,47,47,47,47,47,47,47,47,47,47,47,47,47,47,47,47,47,47,47,47,47,47,47,47,800,800,810,805,805,805,805,805,805,805,805,800,805,800,800,805,805,805,805,800,800,805,805,805,805,805,800,795,795,795,795,795,790,795,795,795,800,805,805,805,800,805,790,805,805,805,795,795,795,795,795,805,800,800,805,805,800,805,805,805,805,805,805,800
-22.5,25,25,25,25,25,25,25,25,25,25,24,24,24,23,23,25,25,24,25,25,23,24,25,25,25,24,23,23,23,23,23,23,22,23,23,23,24,24,25,25,23,25,23,25,25,25,23,23,23,23,24,25,25,25,26,25,25,25,25,25,25,25,24,24,47,47,47,47,47,47,47,47,47,47,47,47,47,47,47,47,47,47,47,47,47,47,47,47,47,47,47,47,47,47,47,47,47,47,47,47,47,47,47,47,47,47,47,47,47,47,47,47,47,47,47,47,47,47,47,47,47,47,47,47,47,47,47,47,805,805,805,805,805,805,805,805,805,805,800,800,800,795,795,805,805,800,805,805,795,800,805,805,805,800,795,795,795,795,795,795,790,795,795,795,800,800,805,805,795,805,795,805,805,805,795,795,795,795,800,805,805,805,810,805,805,805,805,805,805,805,800,800
-22,25,25,25,25,25,25,25,25,25,24,23,24,23,23,23,25,24,25,25,26,23,24,24,24,24,24,23,23,23,23,22,23,23,23,23,24,25,25,24,24,22,24,23,25,25,25,22,23,24,23,25,25,25,25,25,25,25,25,25,25,24,24,24,23,47,47,47,47,47,47,47,47,47,47,47,47,47,47,47,47,47,47,47,47,47,47,47,47,47,47,47,47,47,47,47,47,47,47,47,47,47,47,47,47,47,47,47,47,47,47,47,47,47,47,47,47,47,47,47,47,47,47,47,47,47,47,47,47,805,805,805,805,805,805,805,805,805,800,795,800,795,795,795,805,800,805,805,810,795,800,800,800,800,800,795,795,795,795,790,795,795,795,795,800,805,805,800,800,790,800,795,805,805,805,790,795,800,795,805,805,805,805,805,805,805,805,805,805,800,800,800,795
-21.5,26,26,25,24,24,24,24,24,24,24,23,23,22,23,22,25,24,24,25,25,22,24,24,24,24,24,23,23,23,23,23,23,23,23,23,24,25,24,24,24,23,24,24,25,25,25,22,24,24,24,25,25,25,25,25,25,25,24,25,25,24,23,23,23,47,47,47,47,47,47,47,47,47,47,47,47,47,47,47,47,47,47,47,47,47,47,47,47,47,47,47,47,47,47,47,47,47,47,47,47,47,47,47,47,47,47,47,47,47,47,47,47,47,47,47,47,47,47,47,47,47,47,47,47,47,47,47,47,810,810,805,800,800,800,800,800,800,800,795,795,790,795,790,805,800,800,805,805,790,800,800,800,800,800,795,795,795,795,795,795,795,795,795,800,805,800,800,800,795,800,800,805,805,805,790,800,800,800,805,805,805,805,805,805,805,800,805,805,800,795,795,795
-21,25,25,24,24,24,24,23,23,23,23,23,23,22,23,23,24,23,23,25,25,22,24,23,23,24,23,23,23,23,23,24,24,24,23,24,24,25,23,23,23,23,23,24,25,25,25,23,25,24,25,25,25,25,25,25,25,24,24,24,24,23,23,23,22,47,47,47,47,47,47,47,47,47,47,47,47,47,47,47,47,47,47,47,47,47,47,47,47,47,47,47,47,47,47,47,47,47,47,47,47,47,47,47,47,47,47,47,47,47,47,47,47,47,47,47,47,47,47,47,47,47,47,47,47,47,47,47,47,805,805,800,800,800,800,795,795,795,795,795,795,790,795,795,800,795,795,805,805,790,800,795,795,800,795,795,795,795,795,800,800,800,795,800,800,805,795,795,795,795,795,800,805,805,805,795,805,800,805,805,805,805,805,805,805,800,800,800,800,795,795,795,790
-20.5,25,24,24,24,24,23,23,23,22,23,23,23,22,23,23,23,23,23,25,24,23,23,23,23,23,23,23,23,23,23,24,24,24,24,25,25,25,23,23,23,23,23,24,25,25,25,23,25,25,25,25,24,25,24,25,25,24,24,23,23,23,23,23,23,47,47,47,47,47,47,47,47,47,47,47,47,47,47,47,47,47,47,47,47,47,47,47,47,47,47,47,47,47,47,47,47,47,47,47,47,47,47,47,47,47,47,47,47,47,47,47,47,47,47,47,47,47,47,47,47,47,47,47,47,47,47,47,47,805,800,800,800,800,795,795,795,790,795,795,795,790,795,795,795,795,795,805,800,795,795,795,795,795,795,795,795,795,795,800,800,800,800,805,805,805,795,795,795,795,795,800,805,805,805,795,805,805,805,805,800,805,800,805,805,800,800,795,795,795,795,795,795
-20,24,24,23,23,23,23,23,23,23,23,23,23,23,23,23,23,22,23,24,25,23,23,23,22,23,22,23,24,24,24,24,24,25,25,25,25,25,22,23,22,23,22,25,25,25,24,24,25,25,25,25,25,24,25,25,25,24,23,23,23,22,22,23,23,47,47,47,47,47,47,47,47,47,47,47,47,47,47,47,47,47,47,47,47,47,47,47,47,47,47,47,47,47,47,47,47,47,47,47,47,47,47,47,47,47,47,47,47,47,47,47,47,47,47,47,47,47,47,47,47,47,47,47,47,47,47,47,47,800,800,795,795,795,795,795,795,795,795,795,795,795,795,795,795,790,795,800,805,795,795,795,790,795,790,795,800,800,800,800,800,805,805,805,805,805,790,795,790,795,790,805,805,805,800,800,805,805,805,805,805,800,805,805,805,800,795,795,795,790,790,795,795
-19.5,24,24,23,23,23,22,23,23,23,23,23,23,23,24,23,23,23,23,24,24,24,22,23,23,23,23,24,24,25,24,24,24,25,25,25,25,25,23,23,23,24,23,25,24,24,24,24,25,26,25,24,24,24,24,24,24,24,23,23,22,22,23,23,23,47,47,47,47,47,47,47,47,47,47,47,47,47,47,47,47,47,47,47,47,47,47,47,47,47,47,47,47,47,47,47,47,47,47,47,47,47,47,47,47,47,47,47,47,47,47,47,47,47,47,47,47,47,47,47,47,47,47,47,47,47,47,47,47,800,800,795,795,795,790,795,795,795,795,795,795,795,800,795,795,795,795,800,800,800,790,795,795,795,795,800,800,805,800,800,800,805,805,805,805,805,795,795,795,800,795,805,800,800,800,800,805,810,805,800,800,800,800,800,800,800,795,795,790,790,795,795,795
-19,24,24,23,23,23,23,23,23,23,23,23,23,23,24,24,23,23,23,23,23,24,23,23,23,23,23,24,25,25,25,25,25,25,25,25,25,25,23,23,23,25,24,25,23,23,23,25,25,25,25,24,23,24,23,23,23,23,22,23,23,23,23,23,24,47,47,47,47,47,47,47,47,47,47,47,47,47,47,47,47,47,47,47,47,47,47,47,47,47,47,47,47,47,47,47,47,47,47,47,47,47,47,47,47,47,47,47,47,47,47,47,47,47,47,47,47,47,47,47,47,47,47,47,47,47,47,47,47,800,800,795,795,795,795,795,795,795,795,795,795,795,800,800,795,795,795,795,795,800,795,795,795,795,795,800,805,805,805,805,805,805,805,805,805,805,795,795,795,805,800,805,795,795,795,805,805,805,805,800,795,800,795,795,795,795,790,795,795,795,795,795,800
-18.5,23,23,23,23,23,23,23,23,23,24,24,24,24,24,25,23,23,23,23,23,25,23,23,23,23,23,25,25,26,25,25,25,25,25,25,25,24,23,23,23,25,24,25,23,23,23,25,25,25,25,24,23,23,23,23,23,23,23,23,23,23,23,23,24,47,47,47,47,47,47,47,47,47,47,47,47,47,47,47,47,47,47,47,47,47,47,47,47,47,47,47,47,47,47,47,47,47,47,47,47,47,47,47,47,47,47,47,47,47,47,47,47,47,47,47,47,47,47,47,47,47,47,47,47,47,47,47,47,795,795,795,795,795,795,795,795,795,800,800,800,800,800,805,795,795,795,795,795,805,795,795,795,795,795,805,805,810,805,805,805,805,805,805,805,800,795,795,795,805,800,805,795,795,795,805,805,805,805,800,795,795,795,795,795,795,795,795,795,795,795,795,800
-18,23,23,23,23,23,24,23,24,24,24,25,25,25,25,25,23,24,24,22,23,25,23,24,24,23,24,25,25,26,25,26,25,25,25,25,24,23,23,24,24,25,24,25,22,23,22,25,25,25,24,23,23,23,23,23,23,22,23,23,24,23,24,23,24,47,47,47,47,47,47,47,47,47,47,47,47,47,47,47,47,47,47,47,47,47,47,47,47,47,47,47,47,47,47,47,47,47,47,47,47,47,47,47,47,47,47,47,47,47,47,47,47,47,47,47,47,47,47,47,47,47,47,47,47,47,47,47,47,795,795,795,795,795,800,795,800,800,800,805,805,805,805,805,795,800,800,790,795,805,795,800,800,795,800,805,805,810,805,810,805,805,805,805,800,795,795,800,800,805,800,805,790,795,790,805,805,805,800,795,795,795,795,795,795,790,795,795,800,795,800,795,800
-17.5,23,22,23,24,23,24,24,24,24,25,25,25,25,25,25,23,25,24,22,23,25,23,24,24,24,24,25,25,25,25,25,25,25,25,24,24,23,24,24,24,25,24,25,23,23,22,25,24,25,24,23,23,23,23,23,23,23,23,23,24,24,25,24,25,47,47,47,47,47,47,47,47,47,47,47,47,47,47,47,47,47,47,47,47,47,47,47,47,47,47,47,47,47,47,47,47,47,47,47,47,47,47,47,47,47,47,47,47,47,47,47,47,47,47,47,47,47,47,47,47,47,47,47,47,47,47,47,47,795,790,795,800,795,800,800,800,800,805,805,805,805,805,805,795,805,800,790,795,805,795,800,800,800,800,805,805,805,805,805,805,805,805,800,800,795,800,800,800,805,800,805,795,795,790,805,800,805,800,795,795,795,795,795,795,795,795,795,800,800,805,800,805
-17,23,23,24,24,24,24,25,24,25,25,25,26,26,25,25,24,25,25,23,23,25,24,25,24,25,25,25,25,25,25,25,25,24,25,24,23,23,25,24,24,25,25,24,23,23,23,25,24,24,23,22,23,23,23,23,23,23,24,24,24,24,25,25,25,47,47,47,47,47,47,47,47,47,47,47,47,47,47,47,47,47,47,47,47,47,47,47,47,47,47,47,47,47,47,47,47,47,47,47,47,47,47,47,47,47,47,47,47,47,47,47,47,47,47,47,47,47,47,47,47,47,47,47,47,47,47,47,47,795,795,800,800,800,800,805,800,805,805,805,810,810,805,805,800,805,805,795,795,805,800,805,800,805,805,805,805,805,805,805,805,800,805,800,795,795,805,800,800,805,805,800,795,795,795,805,800,800,795,790,795,795,795,795,795,795,800,800,800,800,805,805,805
-16.5,23,23,24,25,25,24,25,25,25,25,25,26,25,25,25,24,25,25,24,23,25,24,25,25,25,25,25,25,25,25,25,25,24,24,23,23,23,25,25,25,25,25,24,23,23,23,25,23,23,23,23,24,23,23,24,23,23,24,25,25,25,25,25,25,47,47,47,47,47,47,47,47,47,47,47,47,47,47,47,47,47,47,47,47,47,47,47,47,47,47,47,47,47,47,47,47,47,47,47,47,47,47,47,47,47,47,47,47,47,47,47,47,47,47,47,47,47,47,47,47,47,47,47,47,47,47,47,47,795,795,800,805,805,800,805,805,805,805,805,810,805,805,805,800,805,805,800,795,805,800,805,805,805,805,805,805,805,805,805,805,800,800,795,795,795,805,805,805,805,805,800,795,795,795,805,795,795,795,795,800,795,795,800,795,795,800,805,805,805,805,805,805
-16,24,24,25,25,25,25,26,25,25,25,25,25,25,25,24,25,25,25,24,24,25,25,25,25,25,25,24,25,25,24,24,24,23,24,23,23,23,25,25,26,24,25,23,23,24,24,25,23,23,22,23,23,23,24,24,24,24,24,25,25,25,25,25,24,47,47,47,47,47,47,47,47,47,47,47,47,47,47,47,47,47,47,47,47,47,47,47,47,47,47,47,47,47,47,47,47,47,47,47,47,47,47,47,47,47,47,47,47,47,47,47,47,47,47,47,47,47,47,47,47,47,47,47,47,47,47,47,47,800,800,805,805,805,805,810,805,805,805,805,805,805,805,800,805,805,805,800,800,805,805,805,805,805,805,800,805,805,800,800,800,795,800,795,795,795,805,805,810,800,805,795,795,800,800,805,795,795,790,795,795,795,800,800,800,800,800,805,805,805,805,805,800
-15.5,24,24,25,25,25,25,25,25,25,25,25,25,24,24,24,25,25,25,24,24,25,25,25,25,25,25,24,24,24,24,24,23,23,23,22,23,24,25,25,25,23,25,23,24,24,24,24,23,23,23,23,24,23,24,24,24,24,25,25,25,25,25,25,24,47,47,47,47,47,47,47,47,47,47,47,47,47,47,47,47,47,47,47,47,47,47,47,47,47,47,47,47,47,47,47,47,47,47,47,47,47,47,47,47,47,47,47,47,47,47,47,47,47,47,47,47,47,47,47,47,47,47,47,47,47,47,47,47,800,800,805,805,805,805,805,805,805,805,805,805,800,800,800,805,805,805,800,800,805,805,805,805,805,805,800,800,800,800,800,795,795,795,790,795,800,805,805,805,795,805,795,800,800,800,800,795,795,795,795,800,795,800,800,800,800,805,805,805,805,805,805,800
-15,24,24,25,25,25,25,25,25,24,25,24,24,25,24,24,25,24,25,25,25,24,25,25,25,25,25,23,23,23,23,23,22,23,23,23,23,23,25,25,25,23,25,23,25,25,25,23,23,22,23,23,25,24,25,24,25,25,25,25,25,25,24,25,24,47,47,47,47,47,47,47,47,47,47,47,47,47,47,47,47,47,47,47,47,47,47,47,47,47,47,47,47,47,47,47,47,47,47,47,47,47,47,47,47,47,47,47,47,47,47,47,47,47,47,47,47,47,47,47,47,47,47,47,47,47,47,47,47,800,800,805,805,805,805,805,805,800,805,800,800,805,800,800,805,800,805,805,805,800,805,805,805,805,805,795,795,795,795,795,790,795,795,795,795,795,805,805,805,795,805,795,805,805,805,795,795,790,795,795,805,800,805,800,805,805,805,805,805,805,800,805,800
-14.5,25,25,25,25,25,25,25,24,24,25,24,24,24,23,23,25,24,24,25,25,23,25,25,25,24,24,23,23,22,23,23,22,23,23,23,23,24,25,25,25,23,25,23,25,25,25,23,23,23,23,24,25,25,25,25,25,25,25,25,25,25,24,24,24,47,47,47,47,47,47,47,47,47,47,47,47,47,47,47,47,47,47,47,47,47,47,47,47,47,47,47,47,47,47,47,47,47,47,47,47,47,47,47,47,47,47,47,47,47,47,47,47,47,47,47,47,47,47,47,47,47,47,47,47,47,47,47,47,805,805,805,805,805,805,805,800,800,805,800,800,800,795,795,805,800,800,805,805,795,805,805,805,800,800,795,795,790,795,795,790,795,795,795,795,800,805,805,805,795,805,795,805,805,805,795,795,795,795,800,805,805,805,805,805,805,805,805,805,805,800,800,800
-14,25,26,25,25,24,24,24,25,24,25,23,24,23,23,23,25,24,24,25,26,23,25,24,25,24,25,22,23,23,22,22,23,23,23,23,24,25,24,25,24,22,24,23,25,26,25,22,24,24,23,25,25,25,25,25,25,25,25,25,25,25,24,24,24,47,47,47,47,47,47,47,47,47,47,47,47,47,47,47,47,47,47,47,47,47,47,47,47,47,47,47,47,47,47,47,47,47,47,47,47,47,47,47,47,47,47,47,47,47,47,47,47,47,47,47,47,47,47,47,47,47,47,47,47,47,47,47,47,805,810,805,805,800,800,800,805,800,805,795,800,795,795,795,805,800,800,805,810,795,805,800,805,800,805,790,795,795,790,790,795,795,795,795,800,805,800,805,800,790,800,795,805,810,805,790,800,800,795,805,805,805,805,805,805,805,805,805,805,805,800,800,800
-13.5,25,26,25,24,24,24,24,24,24,24,23,23,23,22,23,24,24,24,25,25,23,24,24,24,24,24,22,23,23,23,23,23,24,23,23,24,25,24,24,24,23,24,23,25,25,25,23,24,24,24,25,25,25,25,25,25,25,25,25,25,24,24,24,23,47,47,47,47,47,47,47,47,47,47,47,47,47,47,47,47,47,47,47,47,47,47,47,47,47,47,47,47,47,47,47,47,47,47,47,47,47,47,47,47,47,47,47,47,47,47,47,47,47,47,47,47,47,47,47,47,47,47,47,47,47,47,47,47,805,810,805,800,800,800,800,800,800,800,795,795,795,790,795,800,800,800,805,805,795,800,800,800,800,800,790,795,795,795,795,795,800,795,795,800,805,800,800,800,795,800,795,805,805,805,795,800,800,800,805,805,805,805,805,805,805,805,805,805,800,800,800,795
-13,25,25,24,24,24,24,23,23,23,23,23,22,23,22,23,24,23,23,25,25,22,24,24,23,24,23,23,23,23,23,23,23,24,24,24,24,26,23,23,24,23,23,24,25,25,25,23,24,24,24,26,25,25,25,25,25,24,24,24,23,23,24,23,22,47,47,47,47,47,47,47,47,47,47,47,47,47,47,47,47,47,47,47,47,47,47,47,47,47,47,47,47,47,47,47,47,47,47,47,47,47,47,47,47,47,47,47,47,47,47,47,47,47,47,47,47,47,47,47,47,47,47,47,47,47,47,47,47,805,805,800,800,800,800,795,795,795,795,795,790,795,790,795,800,795,795,805,805,790,800,800,795,800,795,795,795,795,795,795,795,800,800,800,800,810,795,795,800,795,795,800,805,805,805,795,800,800,800,810,805,805,805,805,805,800,800,800,795,795,800,795,790
-12.5,25,25,24,23,24,23,23,23,23,23,22,22,23,23,23,23,23,23,24,24,23,23,23,23,23,23,24,23,23,24,23,24,24,24,25,25,25,23,23,23,23,23,24,25,25,25,23,25,25,25,25,25,24,24,24,24,24,24,23,23,23,23,23,23,47,47,47,47,47,47,47,47,47,47,47,47,47,47,47,47,47,47,47,47,47,47,47,47,47,47,47,47,47,47,47,47,47,47,47,47,47,47,47,47,47,47,47,47,47,47,47,47,47,47,47,47,47,47,47,47,47,47,47,47,47,47,47,47,805,805,800,795,800,795,795,795,795,795,790,790,795,795,795,795,795,795,800,800,795,795,795,795,795,795,800,795,795,800,795,800,800,800,805,805,805,795,795,795,795,795,800,805,805,805,795,805,805,805,805,805,800,800,800,800,800,800,795,795,795,795,795,795
-12,24,25,23,23,23,22,23,23,22,22,22,23,23,23,23,23,23,23,25,25,24,23,22,22,23,22,24,23,23,23,24,24,24,25,25,25,25,22,23,23,24,22,25,24,24,25,24,25,25,25,25,25,25,25,24,25,25,23,23,23,23,22,23,23,47,47,47,47,47,47,47,47,47,47,47,47,47,47,47,47,47,47,47,47,47,47,47,47,47,47,47,47,47,47,47,47,47,47,47,47,47,47,47,47,47,47,47,47,47,47,47,47,47,47,47,47,47,47,47,47,47,47,47,47,47,47,47,47,800,805,795,795,795,790,795,795,790,790,790,795,795,795,795,795,795,795,805,805,800,795,790,790,795,790,800,795,795,795,800,800,800,805,805,805,805,790,795,795,800,790,805,800,800,805,800,805,805,805,805,805,805,805,800,805,805,795,795,795,795,790,795,795
-11.5,24,24,22,23,22,22,23,23,22,23,22,23,23,23,23,22,23,23,24,24,24,22,23,23,23,22,24,24,24,24,24,25,24,25,25,25,25,23,23,23,24,23,25,24,24,25,24,25,25,25,24,24,24,24,24,24,24,23,23,22,23,23,23,23,47,47,47,47,47,47,47,47,47,47,47,47,47,47,47,47,47,47,47,47,47,47,47,47,47,47,47,47,47,47,47,47,47,47,47,47,47,47,47,47,47,47,47,47,47,47,47,47,47,47,47,47,47,47,47,47,47,47,47,47,47,47,47,47,800,800,790,795,790,790,795,795,790,795,790,795,795,795,795,790,795,795,800,800,800,790,795,795,795,790,800,800,800,800,800,805,800,805,805,805,805,795,795,795,800,795,805,800,800,805,800,805,805,805,800,800,800,800,800,800,800,795,795,790,795,795,795,795
-11,24,24,22,22,22,22,23,23,23,23,23,23,23,23,23,23,23,23,23,23,23,23,23,23,23,23,24,24,25,25,25,25,25,25,25,25,24,23,23,23,25,23,25,23,24,24,25,25,25,25,24,23,24,23,23,23,23,22,22,23,22,23,23,23,47,47,47,47,47,47,47,47,47,47,47,47,47,47,47,47,47,47,47,47,47,47,47,47,47,47,47,47,47,47,47,47,47,47,47,47,47,47,47,47,47,47,47,47,47,47,47,47,47,47,47,47,47,47,47,47,47,47,47,47,47,47,47,47,800,800,790,790,790,790,795,795,795,795,795,795,795,795,795,795,795,795,795,795,795,795,795,795,795,795,800,800,805,805,805,805,805,805,805,805,800,795,795,795,805,795,805,795,800,800,805,805,805,805,800,795,800,795,795,795,795,790,790,795,790,795,795,795
-10.5,23,23,22,22,23,22,23,23,23,23,23,23,23,23,24,23,23,23,23,23,24,23,23,24,23,24,25,24,25,25,25,25,25,25,24,25,24,23,23,23,25,23,25,23,24,24,25,25,25,25,23,23,23,23,22,23,23,22,22,23,22,23,23,23,47,47,47,47,47,47,47,47,47,47,47,47,47,47,47,47,47,47,47,47,47,47,47,47,47,47,47,47,47,47,47,47,47,47,47,47,47,47,47,47,47,47,47,47,47,47,47,47,47,47,47,47,47,47,47,47,47,47,47,47,47,47,47,47,795,795,790,790,795,790,795,795,795,795,795,795,795,795,800,795,795,795,795,795,800,795,795,800,795,800,805,800,805,805,805,805,805,805,800,805,800,795,795,795,805,795,805,795,800,800,805,805,805,805,795,795,795,795,790,795,795,790,790,795,790,795,795,795
-10,22,22,22,22,22,23,23,23,23,23,23,23,23,23,23,23,23,23,22,23,25,23,23,23,23,23,25,25,25,25,25,24,24,24,24,24,24,24,23,23,25,24,25,23,24,24,25,24,24,24,23,22,22,22,22,22,22,22,22,22,22,22,23,23,47,47,47,47,47,47,47,47,47,47,47,47,47,47,47,47,47,47,47,47,47,47,47,47,47,47,47,47,47,47,47,47,47,47,47,47,47,47,47,47,47,47,47,47,47,47,47,47,47,47,47,47,47,47,47,47,47,47,47,47,47,47,47,47,790,790,790,790,790,795,795,795,795,795,795,795,795,795,795,795,795,795,790,795,805,795,795,795,795,795,805,805,805,805,805,800,800,800,800,800,800,800,795,795,805,800,805,795,800,800,805,800,800,800,795,790,790,790,790,790,790,790,790,790,790,790,795,795
-9.5,22,22,22,22,22,23,23,23,23,23,24,23,23,23,23,23,24,24,23,23,25,23,24,24,24,24,25,24,24,24,24,24,24,24,23,24,23,25,24,24,25,25,24,23,24,24,25,24,24,24,22,22,22,22,22,22,22,22,22,22,22,23,23,23,47,47,47,47,47,47,47,47,47,47,47,47,47,47,47,47,47,47,47,47,47,47,47,47,47,47,47,47,47,47,47,47,47,47,47,47,47,47,47,47,47,47,47,47,47,47,47,47,47,47,47,47,47,47,47,47,47,47,47,47,47,47,47,47,790,790,790,790,790,795,795,795,795,795,800,795,795,795,795,795,800,800,795,795,805,795,800,800,800,800,805,800,800,800,800,800,800,800,795,800,795,805,800,800,805,805,800,795,800,800,805,800,800,800,790,790,790,790,790,790,790,790,790,790,790,795,795,795
-9,22,22,22,22,22,23,23,23,23,23,23,23,23,23,24,24,24,24,23,23,24,24,24,24,24,25,24,24,24,23,24,23,23,23,24,24,23,25,25,25,25,24,24,23,24,24,25,23,24,23,22,22,22,22,22,22,22,22,22,23,23,23,23,23,47,47,47,47,47,47,47,47,47,47,47,47,47,47,47,47,47,47,47,47,47,47,47,47,47,47,47,47,47,47,47,47,47,47,47,47,47,47,47,47,47,47,47,47,47,47,47,47,47,47,47,47,47,47,47,47,47,47,47,47,47,47,47,47,790,790,790,790,790,795,795,795,795,795,795,795,795,795,800,800,800,800,795,795,800,800,800,800,800,805,800,800,800,795,800,795,795,795,800,800,795,805,805,805,805,800,800,795,800,800,805,795,800,795,790,790,790,790,790,790,790,790,790,795,795,795,795,795
-8.5,22,22,22,22,23,23,23,23,23,23,23,23,24,23,24,24,24,24,23,23,23,24,24,24,24,25,23,23,23,23,23,23,23,23,23,23,24,25,25,25,24,25,23,23,24,24,25,22,23,22,22,22,22,22,22,22,22,22,23,23,23,23,23,23,47,47,47,47,47,47,47,47,47,47,47,47,47,47,47,47,47,47,47,47,47,47,47,47,47,47,47,47,47,47,47,47,47,47,47,47,47,47,47,47,47,47,47,47,47,47,47,47,47,47,47,47,47,47,47,47,47,47,47,47,47,47,47,47,790,790,790,790,795,795,795,795,795,795,795,795,800,795,800,800,800,800,795,795,795,800,800,800,800,805,795,795,795,795,795,795,795,795,795,795,800,805,805,805,800,805,795,795,800,800,805,790,795,790,790,790,790,790,790,790,790,790,795,795,795,795,795,795
-8,22,22,22,23,23,23,23,23,23,23,24,23,23,23,24,24,24,24,23,23,22,24,24,24,25,24,23,22,23,23,23,23,23,23,23,23,24,26,25,25,24,25,22,23,24,24,24,22,22,22,22,22,22,22,22,22,22,22,23,22,22,23,23,24,47,47,47,47,47,47,47,47,47,47,47,47,47,47,47,47,47,47,47,47,47,47,47,47,47,47,47,47,47,47,47,47,47,47,47,47,47,47,47,47,47,47,47,47,47,47,47,47,47,47,47,47,47,47,47,47,47,47,47,47,47,47,47,47,790,790,790,795,795,795,795,795,795,795,800,795,795,795,800,800,800,800,795,795,790,800,800,800,805,800,795,790,795,795,795,795,795,795,795,795,800,810,805,805,800,805,790,795,800,800,800,790,790,790,790,790,790,790,790,790,790,790,795,790,790,795,795,800
-7.5,21,22,22,22,23,23,23,23,23,23,24,24,23,23,23,24,25,24,23,24,22,24,25,25,25,25,22,22,23,23,23,23,23,23,23,23,23,25,25,25,23,25,21,24,24,24,24,22,21,21,22,22,22,22,22,22,22,22,23,22,22,23,23,24,47,47,47,47,47,47,47,47,47,47,47,47,47,47,47,47,47,47,47,47,47,47,47,47,47,47,47,47,47,47,47,47,47,47,47,47,47,47,47,47,47,47,47,47,47,47,47,47,47,47,47,47,47,47,47,47,47,47,47,47,47,47,47,47,785,790,790,790,795,795,795,795,795,795,800,800,795,795,795,800,805,800,795,800,790,800,805,805,805,805,790,790,795,795,795,795,795,795,795,795,795,805,805,805,795,805,785,800,800,800,800,790,785,785,790,790,790,790,790,790,790,790,795,790,790,795,795,800
-7,22,22,22,22,23,23,23,23,23,23,24,23,23,24,24,24,24,24,24,24,21,23,25,25,25,25,22,22,23,23,23,22,23,22,23,23,23,24,25,25,22,25,20,25,24,24,23,21,21,22,21,22,22,22,22,22,22,22,23,22,23,23,23,24,47,47,47,47,47,47,47,47,47,47,47,47,47,47,47,47,47,47,47,47,47,47,47,47,47,47,47,47,47,47,47,47,47,47,47,47,47,47,47,47,47,47,47,47,47,47,47,47,47,47,47,47,47,47,47,47,47,47,47,47,47,47,47,47,790,790,790,790,795,795,795,795,795,795,800,795,795,800,800,800,800,800,800,800,785,795,805,805,805,805,790,790,795,795,795,790,795,790,795,795,795,800,805,805,790,805,780,805,800,800,795,785,785,790,785,790,790,790,790,790,790,790,795,790,795,795,795,800
-6.5,22,22,22,22,23,23,23,23,23,23,23,23,23,24,24,24,24,24,24,24,21,23,25,25,25,25,22,22,22,23,23,22,23,22,23,23,24,24,24,25,21,25,20,25,24,24,22,21,21,21,22,22,22,22,22,22,22,23,23,22,23,23,23,24,47,47,47,47,47,47,47,47,47,47,47,47,47,47,47,47,47,47,47,47,47,47,47,47,47,47,47,47,47,47,47,47,47,47,47,47,47,47,47,47,47,47,47,47,47,47,47,47,47,47,47,47,47,47,47,47,47,47,47,47,47,47,47,47,790,790,790,790,795,795,795,795,795,795,795,795,795,800,800,800,800,800,800,800,785,795,805,805,805,805,790,790,790,795,795,790,795,790,795,795,800,800,800,805,785,805,780,805,800,800,790,785,785,785,790,790,790,790,790,790,790,795,795,790,795,795,795,800
-6,22,22,23,22,23,22,23,23,23,23,23,24,23,24,24,24,24,24,24,24,21,22,25,25,25,25,22,22,22,22,22,22,22,23,23,23,23,24,24,24,21,24,20,25,24,24,21,20,21,21,22,22,22,22,22,22,22,22,23,22,23,23,23,24,47,47,47,47,47,47,47,47,47,47,47,47,47,47,47,47,47,47,47,47,47,47,47,47,47,47,47,47,47,47,47,47,47,47,47,47,47,47,47,47,47,47,47,47,47,47,47,47,47,47,47,47,47,47,47,47,47,47,47,47,47,47,47,47,790,790,795,790,795,790,795,795,795,795,795,800,795,800,800,800,800,800,800,800,785,790,805,805,805,805,790,790,790,790,790,790,790,795,795,795,795,800,800,800,785,800,780,805,800,800,785,780,785,785,790,790,790,790,790,790,790,790,795,790,795,795,795,800
-5.5,21,21,22,22,22,22,23,23,23,23,23,24,23,24,23,24,25,24,24,23,21,21,24,24,24,24,22,22,22,22,22,22,22,22,23,24,23,24,24,23,21,23,20,25,24,24,21,20,21,21,22,22,21,22,22,22,22,22,22,22,23,23,23,24,47,47,47,47,47,47,47,47,47,47,47,47,47,47,47,47,47,47,47,47,47,47,47,47,47,47,47,47,47,47,47,47,47,47,47,47,47,47,47,47,47,47,47,47,47,47,47,47,47,47,47,47,47,47,47,47,47,47,47,47,47,47,47,47,785,785,790,790,790,790,795,795,795,795,795,800,795,800,795,800,805,800,800,795,785,785,800,800,800,800,790,790,790,790,790,790,790,790,795,800,795,800,800,795,785,795,780,805,800,800,785,780,785,785,790,790,785,790,790,790,790,790,790,790,795,795,795,800
-5,22,22,22,22,22,23,23,23,23,23,23,23,23,23,23,25,24,24,23,23,21,22,23,24,23,23,22,22,22,22,22,22,22,22,23,24,23,24,23,22,20,22,22,25,24,24,21,20,21,21,21,22,22,22,22,22,22,22,22,23,23,23,23,23,47,47,47,47,47,47,47,47,47,47,47,47,47,47,47,47,47,47,47,47,47,47,47,47,47,47,47,47,47,47,47,47,47,47,47,47,47,47,47,47,47,47,47,47,47,47,47,47,47,47,47,47,47,47,47,47,47,47,47,47,47,47,47,47,790,790,790,790,790,795,795,795,795,795,795,795,795,795,795,805,800,800,795,795,785,790,795,800,795,795,790,790,790,790,790,790,790,790,795,800,795,800,795,790,780,790,790,805,800,800,785,780,785,785,785,790,790,790,790,790,790,790,790,795,795,795,795,795
-4.5,22,22,22,22,22,23,23,23,23,23,23,23,23,23,23,25,24,24,22,22,21,22,23,23,22,22,22,22,22,22,22,22,22,22,23,25,23,24,22,21,20,21,21,24,23,24,21,20,21,21,22,22,22,22,22,22,22,22,22,23,23,23,23,23,47,47,47,47,47,47,47,47,47,47,47,47,47,47,47,47,47,47,47,47,47,47,47,47,47,47,47,47,47,47,47,47,47,47,47,47,47,47,47,47,47,47,47,47,47,47,47,47,47,47,47,47,47,47,47,47,47,47,47,47,47,47,47,47,790,790,790,790,790,795,795,795,795,795,795,795,795,795,795,805,800,800,790,790,785,790,795,795,790,790,790,790,790,790,790,790,790,790,795,805,795,800,790,785,780,785,785,800,795,800,785,780,785,785,790,790,790,790,790,790,790,790,790,795,795,795,795,795
-4,22,22,22,22,22,22,22,22,23,23,23,23,23,23,23,24,24,24,21,22,20,21,22,22,22,22,22,22,22,22,22,22,22,22,22,25,23,23,21,20,21,21,21,24,23,23,20,21,21,21,22,22,21,22,22,22,21,22,23,23,23,22,22,23,47,47,47,47,47,47,47,47,47,47,47,47,47,47,47,47,47,47,47,47,47,47,47,47,47,47,47,47,47,47,47,47,47,47,47,47,47,47,47,47,47,47,47,47,47,47,47,47,47,47,47,47,47,47,47,47,47,47,47,47,47,47,47,47,790,790,790,790,790,790,790,790,795,795,795,795,795,795,795,800,800,800,785,790,780,785,790,790,790,790,790,790,790,790,790,790,790,790,790,805,795,795,785,780,785,785,785,800,795,795,780,785,785,785,790,790,785,790,790,790,785,790,795,795,795,790,790,795
-3.5,21,21,22,22,22,22,22,23,23,23,23,23,22,23,23,24,23,23,21,21,20,21,22,22,22,22,21,21,22,22,22,22,22,22,22,25,23,24,21,20,22,21,20,23,23,23,20,21,21,21,21,21,21,21,22,22,22,22,22,22,22,23,22,22,47,47,47,47,47,47,47,47,47,47,47,47,47,47,47,47,47,47,47,47,47,47,47,47,47,47,47,47,47,47,47,47,47,47,47,47,47,47,47,47,47,47,47,47,47,47,47,47,47,47,47,47,47,47,47,47,47,47,47,47,47,47,47,47,785,785,790,790,790,790,790,795,795,795,795,795,790,795,795,800,795,795,785,785,780,785,790,790,790,790,785,785,790,790,790,790,790,790,790,805,795,800,785,780,790,785,780,795,795,795,780,785,785,785,785,785,785,785,790,790,790,790,790,790,790,795,790,790
-3,22,22,21,21,21,22,23,22,22,22,22,22,22,22,22,23,22,22,21,21,20,21,21,22,22,22,22,22,22,22,21,22,22,21,21,25,22,24,20,20,21,20,20,23,23,23,21,21,21,21,22,22,22,21,22,22,22,22,22,22,23,23,22,22,47,47,47,47,47,47,47,47,47,47,47,47,47,47,47,47,47,47,47,47,47,47,47,47,47,47,47,47,47,47,47,47,47,47,47,47,47,47,47,47,47,47,47,47,47,47,47,47,47,47,47,47,47,47,47,47,47,47,47,47,47,47,47,47,790,790,785,785,785,790,795,790,790,790,790,790,790,790,790,795,790,790,785,785,780,785,785,790,790,790,790,790,790,790,785,790,790,785,785,805,790,800,780,780,785,780,780,795,795,795,785,785,785,785,790,790,790,785,790,790,790,790,790,790,795,795,790,790
-2.5,21,22,21,21,21,22,22,22,22,22,21,22,22,22,22,22,21,21,21,21,20,21,21,21,21,22,21,22,22,22,21,22,21,21,21,24,22,24,20,20,21,20,20,22,23,23,21,21,21,21,22,22,22,21,22,22,21,22,22,22,22,22,22,22,47,47,47,47,47,47,47,47,47,47,47,47,47,47,47,47,47,47,47,47,47,47,47,47,47,47,47,47,47,47,47,47,47,47,47,47,47,47,47,47,47,47,47,47,47,47,47,47,47,47,47,47,47,47,47,47,47,47,47,47,47,47,47,47,785,790,785,785,785,790,790,790,790,790,785,790,790,790,790,790,785,785,785,785,780,785,785,785,785,790,785,790,790,790,785,790,785,785,785,800,790,800,780,780,785,780,780,790,795,795,785,785,785,785,790,790,790,785,790,790,785,790,790,790,790,790,790,790
-2,21,21,21,22,22,22,21,22,21,21,22,22,22,22,22,22,20,21,21,21,20,21,21,21,21,21,21,21,21,21,22,22,21,21,21,23,22,23,21,21,20,21,25,21,22,21,20,20,21,21,21,21,21,21,21,21,21,22,21,21,21,22,22,22,47,47,47,47,47,47,47,47,47,47,47,47,47,47,47,47,47,47,47,47,47,47,47,47,47,47,47,47,47,47,47,47,47,47,47,47,47,47,47,47,47,47,47,47,47,47,47,47,47,47,47,47,47,47,47,47,47,47,47,47,47,47,47,47,785,785,785,790,790,790,785,790,785,785,790,790,790,790,790,790,780,785,785,785,780,785,785,785,785,785,785,785,785,785,790,790,785,785,785,795,790,795,785,785,780,785,805,785,790,785,780,780,785,785,785,785,785,785,785,785,785,790,785,785,785,790,790,790
-1.5,20,21,21,21,21,21,21,21,21,21,21,21,21,21,21,21,20,20,21,21,24,20,21,21,21,21,21,21,21,21,22,21,21,21,21,23,21,22,21,21,21,21,23,21,22,21,20,20,20,21,21,21,21,21,21,21,21,21,21,21,21,22,22,21,47,47,47,47,47,47,47,47,47,47,47,47,47,47,47,47,47,47,47,47,47,47,47,47,47,47,47,47,47,47,47,47,47,47,47,47,47,47,47,47,47,47,47,47,47,47,47,47,47,47,47,47,47,47,47,47,47,47,47,47,47,47,47,47,780,785,785,785,785,785,785,785,785,785,785,785,785,785,785,785,780,780,785,785,800,780,785,785,785,785,785,785,785,785,790,785,785,785,785,795,785,790,785,785,785,785,795,785,790,785,780,780,780,785,785,785,785,785,785,785,785,785,785,785,785,790,790,785
-1,21,21,20,20,21,21,21,21,21,21,21,21,21,21,21,20,21,20,21,21,23,21,21,21,21,20,21,21,21,21,21,21,21,20,21,22,20,21,21,21,21,21,22,21,21,21,20,21,20,21,20,21,21,21,21,21,21,20,21,21,21,21,21,21,47,47,47,47,47,47,47,47,47,47,47,47,47,47,47,47,47,47,47,47,47,47,47,47,47,47,47,47,47,47,47,47,47,47,47,47,47,47,47,47,47,47,47,47,47,47,47,47,47,47,47,47,47,47,47,47,47,47,47,47,47,47,47,47,785,785,780,780,785,785,785,785,785,785,785,785,785,785,785,780,785,780,785,785,795,785,785,785,785,780,785,785,785,785,785,785,785,780,785,790,780,785,785,785,785,785,790,785,785,785,780,785,780,785,780,785,785,785,785,785,785,780,785,785,785,785,785,785
-0.5,20,20,20,20,20,20,21,20,20,20,20,20,21,20,20,21,21,21,20,20,21,20,20,20,21,20,20,21,21,20,21,20,20,20,20,21,20,20,20,20,20,20,21,20,21,20,20,21,20,20,20,21,20,21,20,21,20,20,21,21,20,21,20,21,47,47,47,47,47,47,47,47,47,47,47,47,47,47,47,47,47,47,47,47,47,47,47,47,47,47,47,47,47,47,47,47,47,47,47,47,47,47,47,47,47,47,47,47,47,47,47,47,47,47,47,47,47,47,47,47,47,47,47,47,47,47,47,47,780,780,780,780,780,780,785,780,780,780,780,780,785,780,780,785,785,785,780,780,785,780,780,780,785,780,780,785,785,780,785,780,780,780,780,785,780,780,780,780,780,780,785,780,785,780,780,785,780,780,780,785,780,785,780,785,780,780,785,785,780,785,780,785
0,20,20,19,19,20,20,20,20,20,20,19,19,19,20,19,19,18,19,19,19,21,19,19,19,19,19,19,19,19,19,19,19,19,18,19,21,17,21,19,19,19,20,20,18,16,16,19,18,18,18,17,16,16,16,16,16,16,16,18,18,19,20,19,20,47,47,47,47,47,47,47,47,47,47,47,47,47,47,47,47,47,47,47,47,47,47,47,47,47,47,47,47,47,47,47,47,47,47,47,47,47,47,47,47,47,47,47,47,47,47,47,47,47,47,47,47,47,47,47,47,47,47,47,47,47,47,47,47,780,780,775,775,780,780,780,780,780,780,775,775,775,780,775,775,770,775,775,775,785,775,775,775,775,775,775,775,775,775,775,775,775,770,775,785,765,785,775,775,775,780,780,770,760,760,775,770,770,770,765,760,760,760,760,760,760,760,770,770,775,780,775,780
0.5,19,19,19,19,19,19,19,19,19,19,19,19,18,19,19,18,18,18,19,19,20,19,19,19,19,19,19,18,18,18,19,18,18,18,18,20,16,19,19,19,19,19,19,18,15,15,19,18,18,17,16,15,15,15,15,16,16,17,18,19,19,20,19,20,47,47,47,47,47,47,47,47,47,47,47,47,47,47,47,47,47,47,47,47,47,47,47,47,47,47,47,47,47,47,47,47,47,47,47,47,47,47,47,47,47,47,47,47,47,47,47,47,47,47,47,47,47,47,47,47,47,47,47,47,47,47,47,47,775,775,775,775,775,775,775,775,775,775,775,775,770,775,775,770,770,770,775,775,780,775,775,775,775,775,775,770,770,770,775,770,770,770,770,780,760,775,775,775,775,775,775,770,755,755,775,770,770,765,760,755,755,755,755,760,760,765,770,775,775,780,775,780
1,19,19,19,19,19,19,19,19,19,18,19,19,19,18,18,18,18,18,19,20,19,19,19,19,19,19,18,18,18,18,18,18,18,17,17,19,15,18,19,19,19,19,18,19,16,16,18,17,18,17,15,16,16,16,16,16,16,18,19,20,19,20,20,20,47,47,47,47,47,47,47,47,47,47,47,47,47,47,47,47,47,47,47,47,47,47,47,47,47,47,47,47,47,47,47,47,47,47,47,47,47,47,47,47,47,47,47,47,47,47,47,47,47,47,47,47,47,47,47,47,47,47,47,47,47,47,47,47,775,775,775,775,775,775,775,775,775,770,775,775,775,770,770,770,770,770,775,780,775,775,775,775,775,775,770,770,770,770,770,770,770,765,765,775,755,770,775,775,775,775,770,775,760,760,770,765,770,765,755,760,760,760,760,760,760,770,775,780,775,780,780,780
1.5,20,21,19,20,20,20,19,19,19,19,18,19,18,18,18,19,19,18,20,21,19,19,19,19,19,19,19,18,18,18,18,18,18,17,17,19,15,19,20,20,19,20,18,20,17,17,18,18,18,18,17,18,18,18,18,18,18,20,20,21,20,21,21,21,47,47,47,47,47,47,47,47,47,47,47,47,47,47,47,47,47,47,47,47,47,47,47,47,47,47,47,47,47,47,47,47,47,47,47,47,47,47,47,47,47,47,47,47,47,47,47,47,47,47,47,47,47,47,47,47,47,47,47,47,47,47,47,47,780,785,775,780,780,780,775,775,775,775,770,775,770,770,770,775,775,770,780,785,775,775,775,775,775,775,775,770,770,770,770,770,770,765,765,775,755,775,780,780,775,780,770,780,765,765,770,770,770,770,765,770,770,770,770,770,770,780,780,785,780,785,785,785
2,21,21,19,20,19,20,19,19,19,20,17,18,17,19,18,19,19,18,21,21,18,19,19,19,19,19,19,19,18,18,17,18,18,17,17,20,16,19,22,20,18,21,18,21,19,19,18,18,17,17,18,20,20,20,20,20,20,21,21,21,21,21,21,20,47,47,47,47,47,47,47,47,47,47,47,47,47,47,47,47,47,47,47,47,47,47,47,47,47,47,47,47,47,47,47,47,47,47,47,47,47,47,47,47,47,47,47,47,47,47,47,47,47,47,47,47,47,47,47,47,47,47,47,47,47,47,47,47,785,785,775,780,775,780,775,775,775,780,765,770,765,775,770,775,775,770,785,785,770,775,775,775,775,775,775,775,770,770,765,770,770,765,765,780,760,775,790,780,770,785,770,785,775,775,770,770,765,765,770,780,780,780,780,780,780,785,785,785,785,785,785,780
2.5,20,21,18,19,18,20,18,18,18,19,17,17,17,18,18,18,18,18,21,20,17,19,18,19,18,19,18,18,17,17,17,17,17,17,15,21,16,19,21,20,17,20,16,21,19,19,17,17,15,17,19,20,20,20,20,20,20,20,21,21,20,20,20,19,47,47,47,47,47,47,47,47,47,47,47,47,47,47,47,47,47,47,47,47,47,47,47,47,47,47,47,47,47,47,47,47,47,47,47,47,47,47,47,47,47,47,47,47,47,47,47,47,47,47,47,47,47,47,47,47,47,47,47,47,47,47,47,47,780,785,770,775,770,780,770,770,770,775,765,765,765,770,770,770,770,770,785,780,765,775,770,775,770,775,770,770,765,765,765,765,765,765,755,785,760,775,785,780,765,780,760,785,775,775,765,765,755,765,775,780,780,780,780,780,780,780,785,785,780,780,780,775
3,20,20,18,18,18,19,17,17,17,18,17,17,17,17,17,18,18,18,20,19,17,18,18,18,18,18,17,17,16,16,17,16,15,16,15,20,18,19,20,19,16,19,15,20,19,19,17,16,15,17,19,20,20,20,20,20,20,20,20,20,19,19,20,19,47,47,47,47,47,47,47,47,47,47,47,47,47,47,47,47,47,47,47,47,47,47,47,47,47,47,47,47,47,47,47,47,47,47,47,47,47,47,47,47,47,47,47,47,47,47,47,47,47,47,47,47,47,47,47,47,47,47,47,47,47,47,47,47,780,780,770,770,770,775,765,765,765,770,765,765,765,765,765,770,770,770,780,775,765,770,770,770,770,770,765,765,760,760,765,760,755,760,755,780,770,775,780,775,760,775,755,780,775,775,765,760,755,765,775,780,780,780,780,780,780,780,780,780,775,775,780,775
3.5,19,19,17,18,18,18,17,17,17,17,16,16,16,17,17,18,18,18,19,19,17,18,18,18,18,18,16,16,16,16,17,15,14,15,16,19,19,18,19,18,16,18,15,20,20,20,17,16,16,17,20,20,20,20,20,20,20,20,20,19,19,19,20,19,47,47,47,47,47,47,47,47,47,47,47,47,47,47,47,47,47,47,47,47,47,47,47,47,47,47,47,47,47,47,47,47,47,47,47,47,47,47,47,47,47,47,47,47,47,47,47,47,47,47,47,47,47,47,47,47,47,47,47,47,47,47,47,47,775,775,765,770,770,770,765,765,765,765,760,760,760,765,765,770,770,770,775,775,765,770,770,770,770,770,760,760,760,760,765,755,750,755,760,775,775,770,775,770,760,770,755,780,780,780,765,760,760,765,780,780,780,780,780,780,780,780,780,775,775,775,780,775
4,18,18,17,17,17,17,16,17,16,17,16,16,15,16,16,18,17,17,18,18,15,18,18,17,18,18,15,16,15,14,15,14,14,16,18,18,18,17,18,18,15,17,17,19,19,19,15,18,17,18,20,20,20,20,20,20,19,19,19,19,19,19,18,18,47,47,47,47,47,47,47,47,47,47,47,47,47,47,47,47,47,47,47,47,47,47,47,47,47,47,47,47,47,47,47,47,47,47,47,47,47,47,47,47,47,47,47,47,47,47,47,47,47,47,47,47,47,47,47,47,47,47,47,47,47,47,47,47,770,770,765,765,765,765,760,765,760,765,760,760,755,760,760,770,765,765,770,770,755,770,770,765,770,770,755,760,755,750,755,750,750,760,770,770,770,765,770,770,755,765,765,775,775,775,755,770,765,770,780,780,780,780,780,780,775,775,775,775,775,775,770,770
4.5,18,17,17,16,16,16,15,15,15,16,15,15,15,15,14,16,16,16,18,18,14,17,16,16,16,16,14,14,14,14,14,15,15,17,18,18,18,17,17,17,15,17,18,18,18,18,14,19,18,18,19,19,19,19,19,19,19,19,18,18,18,18,18,17,47,47,47,47,47,47,47,47,47,47,47,47,47,47,47,47,47,47,47,47,47,47,47,47,47,47,47,47,47,47,47,47,47,47,47,47,47,47,47,47,47,47,47,47,47,47,47,47,47,47,47,47,47,47,47,47,47,47,47,47,47,47,47,47,770,765,765,760,760,760,755,755,755,760,755,755,755,755,750,760,760,760,770,770,750,765,760,760,760,760,750,750,750,750,750,755,755,765,770,770,770,765,765,765,755,765,770,770,770,770,750,775,770,770,775,775,775,775,775,775,775,775,770,770,770,770,770,765
5,16,16,16,16,15,15,15,14,15,14,14,14,13,13,13,16,15,16,17,17,13,16,16,16,16,16,14,15,15,16,16,17,17,18,18,19,18,16,17,16,15,16,18,17,18,18,16,18,18,18,19,18,18,18,18,18,19,18,18,18,17,17,18,18,47,47,47,47,47,47,47,47,47,47,47,47,47,47,47,47,47,47,47,47,47,47,47,47,47,47,47,47,47,47,47,47,47,47,47,47,47,47,47,47,47,47,47,47,47,47,47,47,47,47,47,47,47,47,47,47,47,47,47,47,47,47,47,47,760,760,760,760,755,755,755,750,755,750,750,750,745,745,745,760,755,760,765,765,745,760,760,760,760,760,750,755,755,760,760,765,765,770,770,775,770,760,765,760,755,760,770,765,770,770,760,770,770,770,775,770,770,770,770,770,775,770,770,770,765,765,770,770
5.5,17,17,15,15,14,15,14,14,14,14,13,13,12,13,14,16,14,15,16,17,13,15,15,16,16,15,16,16,17,17,17,17,17,17,18,19,16,15,16,15,17,15,18,18,17,17,17,18,19,19,19,18,18,19,18,19,18,17,18,18,18,17,17,16,47,47,47,47,47,47,47,47,47,47,47,47,47,47,47,47,47,47,47,47,47,47,47,47,47,47,47,47,47,47,47,47,47,47,47,47,47,47,47,47,47,47,47,47,47,47,47,47,47,47,47,47,47,47,47,47,47,47,47,47,47,47,47,47,765,765,755,755,750,755,750,750,750,750,745,745,740,745,750,760,750,755,760,765,745,755,755,760,760,755,760,760,765,765,765,765,765,765,770,775,760,755,760,755,765,755,770,770,765,765,765,770,775,775,775,770,770,775,770,775,770,765,770,770,770,765,765,760
6,17,16,14,14,13,14,12,12,12,12,12,13,13,14,14,16,12,13,17,16,14,14,14,14,14,14,16,17,16,17,17,16,17,18,18,19,16,14,14,14,18,14,19,18,16,16,18,19,19,19,19,17,19,18,17,17,17,17,17,17,16,16,16,16,47,47,47,47,47,47,47,47,47,47,47,47,47,47,47,47,47,47,47,47,47,47,47,47,47,47,47,47,47,47,47,47,47,47,47,47,47,47,47,47,47,47,47,47,47,47,47,47,47,47,47,47,47,47,47,47,47,47,47,47,47,47,47,47,765,760,750,750,745,750,740,740,740,740,740,745,745,750,750,760,740,745,765,760,750,750,750,750,750,750,760,765,760,765,765,760,765,770,770,775,760,750,750,750,770,750,775,770,760,760,770,775,775,775,775,765,775,770,765,765,765,765,765,765,760,760,760,760
6.5,16,15,13,13,12,12,12,11,12,11,12,13,14,14,14,14,12,13,16,15,15,13,13,13,13,13,16,16,16,16,17,17,17,17,17,18,16,14,14,14,18,15,18,18,15,15,17,17,18,18,17,17,17,16,17,16,17,17,16,16,15,15,16,15,47,47,47,47,47,47,47,47,47,47,47,47,47,47,47,47,47,47,47,47,47,47,47,47,47,47,47,47,47,47,47,47,47,47,47,47,47,47,47,47,47,47,47,47,47,47,47,47,47,47,47,47,47,47,47,47,47,47,47,47,47,47,47,47,760,755,745,745,740,740,740,735,740,735,740,745,750,750,750,750,740,745,760,755,755,745,745,745,745,745,760,760,760,760,765,765,765,765,765,770,760,750,750,750,770,755,770,770,755,755,765,765,770,770,765,765,765,760,765,760,765,765,760,760,755,755,760,755
7,14,14,10,12,11,11,12,12,13,12,13,13,14,14,15,13,13,13,14,14,15,13,14,13,14,15,17,17,17,17,17,16,16,16,16,17,15,15,14,14,17,15,17,16,15,15,18,17,17,17,16,17,16,17,17,16,17,15,15,15,15,15,15,15,47,47,47,47,47,47,47,47,47,47,47,47,47,47,47,47,47,47,47,47,47,47,47,47,47,47,47,47,47,47,47,47,47,47,47,47,47,47,47,47,47,47,47,47,47,47,47,47,47,47,47,47,47,47,47,47,47,47,47,47,47,47,47,47,750,750,730,740,735,735,740,740,745,740,745,745,750,750,755,745,745,745,750,750,755,745,750,745,750,755,765,765,765,765,765,760,760,760,760,765,755,755,750,750,765,755,765,760,755,755,770,765,765,765,760,765,760,765,765,760,765,755,755,755,755,755,755,755
7.5,14,13,10,11,11,12,13,13,13,13,13,13,13,14,14,13,14,14,14,14,15,13,15,14,15,15,17,17,16,17,16,15,15,15,16,17,14,16,15,15,18,15,17,15,14,14,19,17,18,17,16,15,16,16,16,16,15,14,15,15,15,15,14,13,47,47,47,47,47,47,47,47,47,47,47,47,47,47,47,47,47,47,47,47,47,47,47,47,47,47,47,47,47,47,47,47,47,47,47,47,47,47,47,47,47,47,47,47,47,47,47,47,47,47,47,47,47,47,47,47,47,47,47,47,47,47,47,47,750,745,730,735,735,740,745,745,745,745,745,745,745,750,750,745,750,750,750,750,755,745,755,750,755,755,765,765,760,765,760,755,755,755,760,765,750,760,755,755,770,755,765,755,750,750,775,765,770,765,760,755,760,760,760,760,755,750,755,755,755,755,750,745
8,12,11,11,11,12,12,13,13,13,13,12,12,13,13,13,13,14,14,12,13,14,14,15,15,14,15,15,15,15,15,15,14,14,16,15,17,12,17,16,17,17,17,17,14,13,13,18,16,17,16,16,15,15,14,14,14,14,13,14,14,14,13,12,12,47,47,47,47,47,47,47,47,47,47,47,47,47,47,47,47,47,47,47,47,47,47,47,47,47,47,47,47,47,47,47,47,47,47,47,47,47,47,47,47,47,47,47,47,47,47,47,47,47,47,47,47,47,47,47,47,47,47,47,47,47,47,47,47,740,735,735,735,740,740,745,745,745,745,740,740,745,745,745,745,750,750,740,745,750,750,755,755,750,755,755,755,755,755,755,750,750,760,755,765,740,765,760,765,765,765,765,750,745,745,770,760,765,760,760,755,755,750,750,750,750,745,750,750,750,745,740,740
8.5,10,9,11,11,11,12,12,13,12,12,12,12,12,13,12,13,14,14,11,12,13,15,15,15,15,16,14,14,14,14,14,13,13,15,13,16,12,17,17,17,16,17,15,13,12,12,17,15,16,15,14,14,13,13,13,13,14,12,13,13,12,12,12,12,47,47,47,47,47,47,47,47,47,47,47,47,47,47,47,47,47,47,47,47,47,47,47,47,47,47,47,47,47,47,47,47,47,47,47,47,47,47,47,47,47,47,47,47,47,47,47,47,47,47,47,47,47,47,47,47,47,47,47,47,47,47,47,47,730,725,735,735,735,740,740,745,740,740,740,740,740,745,740,745,750,750,735,740,745,755,755,755,755,760,750,750,750,750,750,745,745,755,745,760,740,765,765,765,760,765,755,745,740,740,765,755,760,755,750,750,745,745,745,745,750,740,745,745,740,740,740,740
9,9,9,11,11,11,12,12,11,12,12,12,11,12,12,13,14,13,14,12,12,12,15,15,16,16,15,13,13,13,13,13,12,12,13,12,15,11,16,17,17,16,17,15,13,12,12,17,15,15,15,13,13,13,13,13,12,13,11,11,11,12,12,12,12,47,47,47,47,47,47,47,47,47,47,47,47,47,47,47,47,47,47,47,47,47,47,47,47,47,47,47,47,47,47,47,47,47,47,47,47,47,47,47,47,47,47,47,47,47,47,47,47,47,47,47,47,47,47,47,47,47,47,47,47,47,47,47,47,725,725,735,735,735,740,740,735,740,740,740,735,740,740,745,750,745,750,740,740,740,755,755,760,760,755,745,745,745,745,745,740,740,745,740,755,735,760,765,765,760,765,755,745,740,740,765,755,755,755,745,745,745,745,745,740,745,735,735,735,740,740,740,740
9.5,9,9,11,11,12,12,13,12,12,12,11,11,11,12,13,14,12,13,13,14,12,14,15,15,15,14,12,12,12,12,12,11,11,12,11,15,11,17,16,17,15,16,14,14,12,12,16,14,15,14,12,12,12,12,11,11,12,11,11,11,12,11,11,11,47,47,47,47,47,47,47,47,47,47,47,47,47,47,47,47,47,47,47,47,47,47,47,47,47,47,47,47,47,47,47,47,47,47,47,47,47,47,47,47,47,47,47,47,47,47,47,47,47,47,47,47,47,47,47,47,47,47,47,47,47,47,47,47,725,725,735,735,740,740,745,740,740,740,735,735,735,740,745,750,740,745,745,750,740,750,755,755,755,750,740,740,740,740,740,735,735,740,735,755,735,765,760,765,755,760,750,750,740,740,760,750,755,750,740,740,740,740,735,735,740,735,735,735,740,735,735,735
10,10,10,13,12,12,12,12,12,12,12,11,11,11,12,13,13,11,12,13,14,12,14,14,13,13,13,11,11,11,11,11,12,11,11,11,13,11,16,16,17,13,17,12,16,12,12,14,13,14,13,11,11,11,11,11,11,11,11,11,11,12,11,11,11,47,47,47,47,47,47,47,47,47,47,47,47,47,47,47,47,47,47,47,47,47,47,47,47,47,47,47,47,47,47,47,47,47,47,47,47,47,47,47,47,47,47,47,47,47,47,47,47,47,47,47,47,47,47,47,47,47,47,47,47,47,47,47,47,730,730,745,740,740,740,740,740,740,740,735,735,735,740,745,745,735,740,745,750,740,750,750,745,745,745,735,735,735,735,735,740,735,735,735,745,735,760,760,765,745,765,740,760,740,740,750,745,750,745,735,735,735,735,735,735,735,735,735,735,740,735,735,735
10.5,10,10,13,12,12,12,12,12,12,11,12,11,11,12,13,12,11,11,13,14,12,13,12,12,12,12,11,11,11,11,11,12,11,11,11,12,11,15,16,15,12,16,11,17,12,12,14,12,12,11,11,11,10,11,11,11,11,12,11,12,12,10,11,11,47,47,47,47,47,47,47,47,47,47,47,47,47,47,47,47,47,47,47,47,47,47,47,47,47,47,47,47,47,47,47,47,47,47,47,47,47,47,47,47,47,47,47,47,47,47,47,47,47,47,47,47,47,47,47,47,47,47,47,47,47,47,47,47,730,730,745,740,740,740,740,740,740,735,740,735,735,740,745,740,735,735,745,750,740,745,740,740,740,740,735,735,735,735,735,740,735,735,735,740,735,755,760,755,740,760,735,765,740,740,750,740,740,735,735,735,730,735,735,735,735,740,735,740,740,730,735,735
11,11,11,13,12,12,13,12,12,12,11,12,12,12,12,13,12,12,11,14,14,11,12,13,12,12,11,11,11,11,11,11,12,11,12,12,13,12,14,15,15,12,15,11,17,13,12,14,11,11,11,11,11,11,11,11,11,11,12,11,12,12,11,11,12,47,47,47,47,47,47,47,47,47,47,47,47,47,47,47,47,47,47,47,47,47,47,47,47,47,47,47,47,47,47,47,47,47,47,47,47,47,47,47,47,47,47,47,47,47,47,47,47,47,47,47,47,47,47,47,47,47,47,47,47,47,47,47,47,735,735,745,740,740,745,740,740,740,735,740,740,740,740,745,740,740,735,750,750,735,740,745,740,740,735,735,735,735,735,735,740,735,740,740,745,740,750,755,755,740,755,735,765,745,740,750,735,735,735,735,735,735,735,735,735,735,740,735,740,740,735,735,740
11.5,12,12,13,12,12,13,12,12,12,11,13,12,12,13,14,12,12,11,13,13,11,12,13,12,12,11,11,11,12,12,12,13,11,12,12,15,12,14,14,15,11,15,11,17,14,13,13,11,11,12,11,11,11,11,11,11,12,13,12,12,12,12,11,12,47,47,47,47,47,47,47,47,47,47,47,47,47,47,47,47,47,47,47,47,47,47,47,47,47,47,47,47,47,47,47,47,47,47,47,47,47,47,47,47,47,47,47,47,47,47,47,47,47,47,47,47,47,47,47,47,47,47,47,47,47,47,47,47,740,740,745,740,740,745,740,740,740,735,745,740,740,745,750,740,740,735,745,745,735,740,745,740,740,735,735,735,740,740,740,745,735,740,740,755,740,750,750,755,735,755,735,765,750,745,745,735,735,740,735,735,735,735,735,735,740,745,740,740,740,740,735,740
12,12,13,13,12,13,13,13,12,12,12,13,13,12,13,14,11,11,11,12,12,12,11,13,12,12,11,11,11,13,12,12,12,12,13,12,15,13,14,14,14,11,14,11,17,13,14,12,11,12,12,11,12,11,12,11,11,12,13,13,13,13,12,12,12,47,47,47,47,47,47,47,47,47,47,47,47,47,47,47,47,47,47,47,47,47,47,47,47,47,47,47,47,47,47,47,47,47,47,47,47,47,47,47,47,47,47,47,47,47,47,47,47,47,47,47,47,47,47,47,47,47,47,47,47,47,47,47,47,740,745,745,740,745,745,745,740,740,740,745,745,740,745,750,735,735,735,740,740,740,735,745,740,740,735,735,735,745,740,740,740,740,745,740,755,745,750,750,750,735,750,735,765,745,750,740,735,740,740,735,740,735,740,735,735,740,745,745,745,745,740,740,740
12.5,13,13,13,12,13,14,13,12,12,12,13,13,13,14,15,11,11,11,12,11,12,11,13,12,12,11,12,12,13,12,12,13,12,13,13,16,13,12,13,12,11,13,12,16,14,14,11,11,12,12,12,12,12,12,11,12,12,13,13,14,13,12,13,13,47,47,47,47,47,47,47,47,47,47,47,47,47,47,47,47,47,47,47,47,47,47,47,47,47,47,47,47,47,47,47,47,47,47,47,47,47,47,47,47,47,47,47,47,47,47,47,47,47,47,47,47,47,47,47,47,47,47,47,47,47,47,47,47,745,745,745,740,745,750,745,740,740,740,745,745,745,750,755,735,735,735,740,735,740,735,745,740,740,735,740,740,745,740,740,745,740,745,745,760,745,740,745,740,735,745,740,760,750,750,735,735,740,740,740,740,740,740,735,740,740,745,745,750,745,740,745,745
13,13,13,13,13,13,14,13,13,12,13,13,13,13,14,15,11,12,12,12,12,12,12,13,12,12,11,12,12,13,13,13,13,13,14,14,16,13,11,12,12,11,12,12,16,15,14,12,11,12,12,12,12,13,13,12,12,13,13,14,14,14,13,13,13,47,47,47,47,47,47,47,47,47,47,47,47,47,47,47,47,47,47,47,47,47,47,47,47,47,47,47,47,47,47,47,47,47,47,47,47,47,47,47,47,47,47,47,47,47,47,47,47,47,47,47,47,47,47,47,47,47,47,47,47,47,47,47,47,745,745,745,745,745,750,745,745,740,745,745,745,745,750,755,735,740,740,740,740,740,740,745,740,740,735,740,740,745,745,745,745,745,750,750,760,745,735,740,740,735,740,740,760,755,750,740,735,740,740,740,740,745,745,740,740,745,745,750,750,750,745,745,745
13.5,14,14,14,13,13,14,13,13,13,13,14,13,14,14,15,11,12,12,12,12,13,13,13,12,12,12,13,13,14,13,13,13,13,14,14,16,14,11,11,11,11,11,13,15,15,15,12,12,12,12,13,13,13,13,12,12,13,14,14,14,14,13,13,14,47,47,47,47,47,47,47,47,47,47,47,47,47,47,47,47,47,47,47,47,47,47,47,47,47,47,47,47,47,47,47,47,47,47,47,47,47,47,47,47,47,47,47,47,47,47,47,47,47,47,47,47,47,47,47,47,47,47,47,47,47,47,47,47,750,750,750,745,745,750,745,745,745,745,750,745,750,750,755,735,740,740,740,740,745,745,745,740,740,740,745,745,750,745,745,745,745,750,750,760,750,735,735,735,735,735,745,755,755,755,740,740,740,740,745,745,745,745,740,740,745,750,750,750,750,745,745,750
14,14,14,14,14,14,14,14,14,13,13,14,14,14,15,15,12,12,12,12,11,13,13,13,12,12,13,13,14,14,13,13,14,13,15,14,16,14,11,11,10,10,10,13,14,15,15,12,12,12,12,14,13,13,13,13,13,13,14,14,15,15,14,14,14,47,47,47,47,47,47,47,47,47,47,47,47,47,47,47,47,47,47,47,47,47,47,47,47,47,47,47,47,47,47,47,47,47,47,47,47,47,47,47,47,47,47,47,47,47,47,47,47,47,47,47,47,47,47,47,47,47,47,47,47,47,47,47,47,750,750,750,750,750,750,750,750,745,745,750,750,750,755,755,740,740,740,740,735,745,745,745,740,740,745,745,750,750,745,745,750,745,755,750,760,750,735,735,730,730,730,745,750,755,755,740,740,740,740,750,745,745,745,745,745,745,750,750,755,755,750,750,750
14.5,15,15,15,14,14,14,14,14,14,14,14,15,14,15,15,12,12,12,12,11,13,13,13,13,13,13,14,14,14,13,14,14,14,15,15,15,15,11,11,10,10,10,13,14,16,16,13,13,12,12,14,13,13,13,13,13,14,14,15,15,15,14,14,14,47,47,47,47,47,47,47,47,47,47,47,47,47,47,47,47,47,47,47,47,47,47,47,47,47,47,47,47,47,47,47,47,47,47,47,47,47,47,47,47,47,47,47,47,47,47,47,47,47,47,47,47,47,47,47,47,47,47,47,47,47,47,47,47,755,755,755,750,750,750,750,750,750,750,750,755,750,755,755,740,740,740,740,735,745,745,745,745,745,745,750,750,750,745,750,750,750,755,755,755,755,735,735,730,730,730,745,750,760,760,745,745,740,740,750,745,745,745,745,745,750,750,755,755,755,750,750,750
15,14,15,15,14,14,15,15,15,14,14,14,15,15,15,15,12,13,13,12,12,14,12,14,13,13,13,14,14,14,14,14,14,14,15,15,15,15,11,11,10,12,11,14,13,16,16,12,13,13,13,14,14,14,14,13,13,14,15,15,15,15,14,14,14,47,47,47,47,47,47,47,47,47,47,47,47,47,47,47,47,47,47,47,47,47,47,47,47,47,47,47,47,47,47,47,47,47,47,47,47,47,47,47,47,47,47,47,47,47,47,47,47,47,47,47,47,47,47,47,47,47,47,47,47,47,47,47,47,750,755,755,750,750,755,755,755,750,750,750,755,755,755,755,740,745,745,740,740,750,740,750,745,745,745,750,750,750,750,750,750,750,755,755,755,755,735,735,730,740,735,750,745,760,760,740,745,745,745,750,750,750,750,745,745,750,755,755,755,755,750,750,750
15.5,15,15,15,15,14,15,15,15,15,15,15,15,15,16,15,13,14,13,12,12,14,12,14,14,14,14,14,14,15,15,15,15,14,15,15,15,15,11,11,11,12,12,14,12,15,15,13,13,13,14,15,14,14,14,14,14,15,15,15,15,15,14,15,15,47,47,47,47,47,47,47,47,47,47,47,47,47,47,47,47,47,47,47,47,47,47,47,47,47,47,47,47,47,47,47,47,47,47,47,47,47,47,47,47,47,47,47,47,47,47,47,47,47,47,47,47,47,47,47,47,47,47,47,47,47,47,47,47,755,755,755,755,750,755,755,755,755,755,755,755,755,760,755,745,750,745,740,740,750,740,750,750,750,750,750,750,755,755,755,755,750,755,755,755,755,735,735,735,740,740,750,740,755,755,745,745,745,750,755,750,750,750,750,750,755,755,755,755,755,750,755,755
16,15,16,15,15,15,15,15,15,15,15,15,15,15,16,16,13,14,14,12,12,14,12,14,14,14,14,15,15,15,15,15,15,14,15,16,13,15,11,11,11,12,12,14,11,15,15,13,14,14,14,15,15,15,14,14,14,15,15,15,16,15,15,15,15,47,47,47,47,47,47,47,47,47,47,47,47,47,47,47,47,47,47,47,47,47,47,47,47,47,47,47,47,47,47,47,47,47,47,47,47,47,47,47,47,47,47,47,47,47,47,47,47,47,47,47,47,47,47,47,47,47,47,47,47,47,47,47,47,755,760,755,755,755,755,755,755,755,755,755,755,755,760,760,745,750,750,740,740,750,740,750,750,750,750,755,755,755,755,755,755,750,755,760,745,755,735,735,735,740,740,750,735,755,755,745,750,750,750,755,755,755,750,750,750,755,755,755,760,755,755,755,755
16.5,15,16,16,15,15,15,16,15,15,15,15,16,16,15,16,14,14,14,13,12,15,13,15,14,14,15,15,15,16,15,15,15,14,15,15,12,15,11,11,11,13,11,14,11,15,15,14,15,14,14,15,15,15,15,15,14,15,15,15,15,15,15,15,16,47,47,47,47,47,47,47,47,47,47,47,47,47,47,47,47,47,47,47,47,47,47,47,47,47,47,47,47,47,47,47,47,47,47,47,47,47,47,47,47,47,47,47,47,47,47,47,47,47,47,47,47,47,47,47,47,47,47,47,47,47,47,47,47,755,760,760,755,755,755,760,755,755,755,755,760,760,755,760,750,750,750,745,740,755,745,755,750,750,755,755,755,760,755,755,755,750,755,755,740,755,735,735,735,745,735,750,735,755,755,750,755,750,750,755,755,755,755,755,750,755,755,755,755,755,755,755,760
17,15,16,16,16,15,15,16,15,15,15,15,16,16,15,15,14,14,14,13,13,15,13,15,15,15,14,15,15,16,15,15,15,15,15,15,12,15,12,12,12,13,12,15,11,15,15,14,14,14,14,15,15,15,15,15,15,15,15,15,16,15,16,15,16,47,47,47,47,47,47,47,47,47,47,47,47,47,47,47,47,47,47,47,47,47,47,47,47,47,47,47,47,47,47,47,47,47,47,47,47,47,47,47,47,47,47,47,47,47,47,47,47,47,47,47,47,47,47,47,47,47,47,47,47,47,47,47,47,755,760,760,760,755,755,760,755,755,755,755,760,760,755,755,750,750,750,745,745,755,745,755,755,755,750,755,755,760,755,755,755,755,755,755,740,755,740,740,740,745,740,755,735,755,755,750,750,750,750,755,755,755,755,755,755,755,755,755,760,755,760,755,760
17.5,16,16,15,16,15,16,16,16,15,15,15,16,15,15,15,14,14,15,14,13,15,13,16,15,15,15,15,15,15,16,16,15,16,15,16,12,15,12,12,12,13,12,15,11,15,15,14,15,15,15,15,16,15,16,15,15,15,15,15,16,15,16,15,16,47,47,47,47,47,47,47,47,47,47,47,47,47,47,47,47,47,47,47,47,47,47,47,47,47,47,47,47,47,47,47,47,47,47,47,47,47,47,47,47,47,47,47,47,47,47,47,47,47,47,47,47,47,47,47,47,47,47,47,47,47,47,47,47,760,760,755,760,755,760,760,760,755,755,755,760,755,755,755,750,750,755,750,745,755,745,760,755,755,755,755,755,755,760,760,755,760,755,760,740,755,740,740,740,745,740,755,735,755,755,750,755,755,755,755,760,755,760,755,755,755,755,755,760,755,760,755,760
18,16,15,15,16,16,15,15,16,15,15,16,16,16,16,16,15,15,15,14,14,16,14,16,15,16,15,16,16,15,16,15,15,16,15,15,12,16,12,12,12,14,12,15,11,15,15,15,15,15,15,16,15,15,16,15,16,15,15,16,15,16,15,15,16,47,47,47,47,47,47,47,47,47,47,47,47,47,47,47,47,47,47,47,47,47,47,47,47,47,47,47,47,47,47,47,47,47,47,47,47,47,47,47,47,47,47,47,47,47,47,47,47,47,47,47,47,47,47,47,47,47,47,47,47,47,47,47,47,760,755,755,760,760,755,755,760,755,755,760,760,760,760,760,755,755,755,750,750,760,750,760,755,760,755,760,760,755,760,755,755,760,755,755,740,760,740,740,740,750,740,755,735,755,755,755,755,755,755,760,755,755,760,755,760,755,755,760,755,760,755,755,760
18.5,16,15,15,15,16,15,15,15,15,15,16,16,16,16,16,15,15,15,14,14,16,14,15,15,16,16,15,15,15,16,15,16,16,15,15,12,15,13,12,13,14,13,15,11,15,16,15,16,16,15,15,15,15,16,16,16,15,15,16,15,16,16,15,15,47,47,47,47,47,47,47,47,47,47,47,47,47,47,47,47,47,47,47,47,47,47,47,47,47,47,47,47,47,47,47,47,47,47,47,47,47,47,47,47,47,47,47,47,47,47,47,47,47,47,47,47,47,47,47,47,47,47,47,47,47,47,47,47,760,755,755,755,760,755,755,755,755,755,760,760,760,760,760,755,755,755,750,750,760,750,755,755,760,760,755,755,755,760,755,760,760,755,755,740,755,745,740,745,750,745,755,735,755,760,755,760,760,755,755,755,755,760,760,760,755,755,760,755,760,760,755,755
19,16,15,16,15,15,15,15,16,16,16,15,15,15,16,16,15,16,15,15,14,15,14,15,16,16,16,16,15,15,15,15,15,15,15,15,12,16,13,12,13,14,13,15,12,16,16,15,16,16,16,15,15,16,16,16,16,16,15,16,16,16,16,16,15,47,47,47,47,47,47,47,47,47,47,47,47,47,47,47,47,47,47,47,47,47,47,47,47,47,47,47,47,47,47,47,47,47,47,47,47,47,47,47,47,47,47,47,47,47,47,47,47,47,47,47,47,47,47,47,47,47,47,47,47,47,47,47,47,760,755,760,755,755,755,755,760,760,760,755,755,755,760,760,755,760,755,755,750,755,750,755,760,760,760,760,755,755,755,755,755,755,755,755,740,760,745,740,745,750,745,755,740,760,760,755,760,760,760,755,755,760,760,760,760,760,755,760,760,760,760,760,755
19.5,16,16,16,15,15,15,15,16,15,15,16,15,16,16,16,15,16,16,15,15,15,15,15,15,15,16,16,16,15,15,15,15,15,15,16,12,15,13,13,13,15,13,15,12,16,16,15,15,16,15,15,15,15,15,16,16,16,15,16,16,16,15,16,15,47,47,47,47,47,47,47,47,47,47,47,47,47,47,47,47,47,47,47,47,47,47,47,47,47,47,47,47,47,47,47,47,47,47,47,47,47,47,47,47,47,47,47,47,47,47,47,47,47,47,47,47,47,47,47,47,47,47,47,47,47,47,47,47,760,760,760,755,755,755,755,760,755,755,760,755,760,760,760,755,760,760,755,755,755,755,755,755,755,760,760,760,755,755,755,755,755,755,760,740,755,745,745,745,755,745,755,740,760,760,755,755,760,755,755,755,755,755,760,760,760,755,760,760,760,755,760,755
20,16,16,15,15,15,15,16,16,15,15,16,16,16,15,16,15,15,16,16,15,15,15,16,15,15,16,15,15,15,15,15,15,15,16,15,12,15,14,13,13,15,14,15,13,15,16,15,16,15,15,15,15,15,15,15,15,16,16,16,15,15,15,16,15,47,47,47,47,47,47,47,47,47,47,47,47,47,47,47,47,47,47,47,47,47,47,47,47,47,47,47,47,47,47,47,47,47,47,47,47,47,47,47,47,47,47,47,47,47,47,47,47,47,47,47,47,47,47,47,47,47,47,47,47,47,47,47,47,760,760,755,755,755,755,760,760,755,755,760,760,760,755,760,755,755,760,760,755,755,755,760,755,755,760,755,755,755,755,755,755,755,760,755,740,755,750,745,745,755,750,755,745,755,760,755,760,755,755,755,755,755,755,755,755,760,760,760,755,755,755,760,755
20.5,16,16,15,15,15,15,16,15,16,15,16,16,16,15,16,16,15,15,16,15,15,15,16,15,15,16,15,15,15,15,16,15,15,16,16,13,16,14,13,14,15,14,15,13,15,16,15,16,15,15,15,15,15,15,15,15,16,16,16,16,15,15,16,15,47,47,47,47,47,47,47,47,47,47,47,47,47,47,47,47,47,47,47,47,47,47,47,47,47,47,47,47,47,47,47,47,47,47,47,47,47,47,47,47,47,47,47,47,47,47,47,47,47,47,47,47,47,47,47,47,47,47,47,47,47,47,47,47,760,760,755,755,755,755,760,755,760,755,760,760,760,755,760,760,755,755,760,755,755,755,760,755,755,760,755,755,755,755,760,755,755,760,760,745,760,750,745,750,755,750,755,745,755,760,755,760,755,755,755,755,755,755,755,755,760,760,760,760,755,755,760,755
21,16,16,15,15,15,16,16,15,16,15,15,15,15,15,16,16,16,15,16,15,15,16,15,16,16,15,16,16,15,16,15,16,15,15,16,13,15,15,13,15,16,14,15,13,16,16,15,16,15,16,16,16,15,16,15,16,15,16,16,16,15,16,15,16,47,47,47,47,47,47,47,47,47,47,47,47,47,47,47,47,47,47,47,47,47,47,47,47,47,47,47,47,47,47,47,47,47,47,47,47,47,47,47,47,47,47,47,47,47,47,47,47,47,47,47,47,47,47,47,47,47,47,47,47,47,47,47,47,760,760,755,755,755,760,760,755,760,755,755,755,755,755,760,760,760,755,760,755,755,760,755,760,760,755,760,760,755,760,755,760,755,755,760,745,755,755,745,755,760,750,755,745,760,760,755,760,755,760,760,760,755,760,755,760,755,760,760,760,755,760,755,760
21.5,16,16,15,15,15,16,16,15,15,16,15,16,16,16,16,16,15,15,16,16,15,16,15,15,16,15,16,16,16,15,16,16,15,16,16,13,15,15,14,15,16,14,16,14,16,16,15,16,15,16,15,16,16,16,15,16,15,16,16,16,15,15,15,16,47,47,47,47,47,47,47,47,47,47,47,47,47,47,47,47,47,47,47,47,47,47,47,47,47,47,47,47,47,47,47,47,47,47,47,47,47,47,47,47,47,47,47,47,47,47,47,47,47,47,47,47,47,47,47,47,47,47,47,47,47,47,47,47,760,760,755,755,755,760,760,755,755,760,755,760,760,760,760,760,755,755,760,760,755,760,755,755,760,755,760,760,760,755,760,760,755,760,760,745,755,755,750,755,760,750,760,750,760,760,755,760,755,760,755,760,760,760,755,760,755,760,760,760,755,755,755,760
22,16,16,16,16,16,16,16,15,15,15,16,16,15,16,16,16,16,15,15,15,16,15,15,15,15,16,16,15,15,15,16,15,16,16,16,14,15,15,14,15,15,15,15,14,16,16,15,16,16,16,16,16,16,16,15,16,15,16,16,16,16,15,16,16,47,47,47,47,47,47,47,47,47,47,47,47,47,47,47,47,47,47,47,47,47,47,47,47,47,47,47,47,47,47,47,47,47,47,47,47,47,47,47,47,47,47,47,47,47,47,47,47,47,47,47,47,47,47,47,47,47,47,47,47,47,47,47,47,760,760,760,760,760,760,760,755,755,755,760,760,755,760,760,760,760,755,755,755,760,755,755,755,755,760,760,755,755,755,760,755,760,760,760,750,755,755,750,755,755,755,755,750,760,760,755,760,760,760,760,760,760,760,755,760,755,760,760,760,760,755,760,760
22.5,16,15,15,16,15,16,16,16,16,15,15,16,15,16,15,16,16,16,15,15,15,15,15,15,15,16,16,15,16,15,16,15,16,16,16,14,16,15,15,15,15,15,15,14,16,16,15,16,16,16,16,16,16,16,16,16,15,16,16,16,16,16,16,16,47,47,47,47,47,47,47,47,47,47,47,47,47,47,47,47,47,47,47,47,47,47,47,47,47,47,47,47,47,47,47,47,47,47,47,47,47,47,47,47,47,47,47,47,47,47,47,47,47,47,47,47,47,47,47,47,47,47,47,47,47,47,47,47,760,755,755,760,755,760,760,760,760,755,755,760,755,760,755,760,760,760,755,755,755,755,755,755,755,760,760,755,760,755,760,755,760,760,760,750,760,755,755,755,755,755,755,750,760,760,755,760,760,760,760,760,760,760,760,760,755,760,760,760,760,760,760,760
23,15,16,16,16,16,16,16,16,15,15,16,16,16,16,16,15,15,16,15,16,15,15,15,16,16,16,16,16,16,16,16,16,16,16,16,14,15,16,15,16,16,15,16,14,16,16,15,15,16,16,15,16,16,16,16,16,15,16,16,16,15,16,16,16,47,47,47,47,47,47,47,47,47,47,47,47,47,47,47,47,47,47,47,47,47,47,47,47,47,47,47,47,47,47,47,47,47,47,47,47,47,47,47,47,47,47,47,47,47,47,47,47,47,47,47,47,47,47,47,47,47,47,47,47,47,47,47,47,755,760,760,760,760,760,760,760,755,755,760,760,760,760,760,755,755,760,755,760,755,755,755,760,760,760,760,760,760,760,760,760,760,760,760,750,755,760,755,760,760,755,760,750,760,760,755,755,760,760,755,760,760,760,760,760,755,760,760,760,755,760,760,760
23.5,16,16,16,16,16,16,16,15,16,15,16,16,16,16,17,15,16,15,15,16,15,15,15,16,16,16,16,16,16,16,16,16,16,16,16,15,16,16,15,16,16,16,16,15,16,16,15,15,16,16,16,16,16,16,16,16,15,16,16,16,16,16,16,16,47,47,47,47,47,47,47,47,47,47,47,47,47,47,47,47,47,47,47,47,47,47,47,47,47,47,47,47,47,47,47,47,47,47,47,47,47,47,47,47,47,47,47,47,47,47,47,47,47,47,47,47,47,47,47,47,47,47,47,47,47,47,47,47,760,760,760,760,760,760,760,755,760,755,760,760,760,760,765,755,760,755,755,760,755,755,755,760,760,760,760,760,760,760,760,760,760,760,760,755,760,760,755,760,760,760,760,755,760,760,755,755,760,760,760,760,760,760,760,760,755,760,760,760,760,760,760,760
24,16,15,16,16,16,16,16,16,16,16,15,16,16,16,16,15,16,15,15,16,16,15,15,16,16,16,16,16,16,16,16,16,16,16,16,15,16,15,15,16,15,15,15,15,16,16,16,16,16,16,16,16,16,16,16,16,16,16,16,16,16,16,15,16,47,47,47,47,47,47,47,47,47,47,47,47,47,47,47,47,47,47,47,47,47,47,47,47,47,47,47,47,47,47,47,47,47,47,47,47,47,47,47,47,47,47,47,47,47,47,47,47,47,47,47,47,47,47,47,47,47,47,47,47,47,47,47,47,760,755,760,760,760,760,760,760,760,760,755,760,760,760,760,755,760,755,755,760,760,755,755,760,760,760,760,760,760,760,760,760,760,760,760,755,760,755,755,760,755,755,755,755,760,760,760,760,760,760,760,760,760,760,760,760,760,760,760,760,760,760,755,760
24.5,16,16,16,16,16,16,16,16,15,16,16,16,16,16,16,15,16,15,16,16,15,16,16,16,16,15,16,16,16,16,16,16,16,16,16,15,15,15,15,16,15,15,16,15,16,17,16,15,16,16,16,16,15,15,16,16,16,16,16,16,15,16,15,16,47,47,47,47,47,47,47,47,47,47,47,47,47,47,47,47,47,47,47,47,47,47,47,47,47,47,47,47,47,47,47,47,47,47,47,47,47,47,47,47,47,47,47,47,47,47,47,47,47,47,47,47,47,47,47,47,47,47,47,47,47,47,47,47,760,760,760,760,760,760,760,760,755,760,760,760,760,760,760,755,760,755,760,760,755,760,760,760,760,755,760,760,760,760,760,760,760,760,760,755,755,755,755,760,755,755,760,755,760,765,760,755,760,760,760,760,755,755,760,760,760,760,760,760,755,760,755,760
25,16,16,16,16,16,16,16,16,16,15,16,15,16,16,16,15,16,15,16,15,16,16,16,16,16,16,16,16,15,16,16,16,16,16,16,16,16,16,15,16,15,16,16,16,16,16,16,15,16,16,16,16,15,16,15,15,16,16,16,16,16,16,16,16,47,47,47,47,47,47,47,47,47,47,47,47,47,47,47,47,47,47,47,47,47,47,47,47,47,47,47,47,47,47,47,47,47,47,47,47,47,47,47,47,47,47,47,47,47,47,47,47,47,47,47,47,47,47,47,47,47,47,47,47,47,47,47,47,760,760,760,760,760,760,760,760,760,755,760,755,760,760,760,755,760,755,760,755,760,760,760,760,760,760,760,760,755,760,760,760,760,760,760,760,760,760,755,760,755,760,760,760,760,760,760,755,760,760,760,760,755,760,755,755,760,760,760,760,760,760,760,760
25.5,16,16,16,16,16,16,16,16,16,15,16,16,16,16,16,15,15,16,16,15,16,15,16,16,16,16,16,16,16,16,16,16,16,16,16,16,16,16,15,16,16,16,16,16,16,16,16,16,16,16,16,16,16,16,16,15,16,16,16,16,15,16,15,16,47,47,47,47,47,47,47,47,47,47,47,47,47,47,47,47,47,47,47,47,47,47,47,47,47,47,47,47,47,47,47,47,47,47,47,47,47,47,47,47,47,47,47,47,47,47,47,47,47,47,47,47,47,47,47,47,47,47,47,47,47,47,47,47,760,760,760,760,760,760,760,760,760,755,760,760,760,760,760,755,755,760,760,755,760,755,760,760,760,760,760,760,760,760,760,760,760,760,760,760,760,760,755,760,760,760,760,760,760,760,760,760,760,760,760,760,760,760,760,755,760,760,760,760,755,760,755,760
26,16,16,16,17,16,16,16,16,16,15,16,16,16,16,17,15,16,16,16,16,16,16,16,16,15,16,16,16,15,16,16,16,15,16,16,15,16,15,16,15,15,15,16,16,16,16,15,16,16,16,16,16,15,16,15,16,16,16,16,16,16,16,16,16,47,47,47,47,47,47,47,47,47,47,47,47,47,47,47,47,47,47,47,47,47,47,47,47,47,47,47,47,47,47,47,47,47,47,47,47,47,47,47,47,47,47,47,47,47,47,47,47,47,47,47,47,47,47,47,47,47,47,47,47,47,47,47,47,760,760,760,765,760,760,760,760,760,755,760,760,760,760,765,755,760,760,760,760,760,760,760,760,755,760,760,760,755,760,760,760,755,760,760,755,760,755,760,755,755,755,760,760,760,760,755,760,760,760,760,760,755,760,755,760,760,760,760,760,760,760,760,760
26.5,16,16,16,16,16,16,16,16,16,15,16,16,16,16,16,15,16,15,16,16,16,16,16,16,16,16,16,16,16,16,16,16,16,16,16,15,16,16,16,16,15,15,16,16,16,16,15,16,16,16,16,16,15,16,15,15,16,16,16,16,16,16,16,16,47,47,47,47,47,47,47,47,47,47,47,47,47,47,47,47,47,47,47,47,47,47,47,47,47,47,47,47,47,47,47,47,47,47,47,47,47,47,47,47,47,47,47,47,47,47,47,47,47,47,47,47,47,47,47,47,47,47,47,47,47,47,47,47,760,760,760,760,760,760,760,760,760,755,760,760,760,760,760,755,760,755,760,760,760,760,760,760,760,760,760,760,760,760,760,760,760,760,760,755,760,760,760,760,755,755,760,760,760,760,755,760,760,760,760,760,755,760,755,755,760,760,760,760,760,760,760,760
27,16,16,16,16,16,16,16,16,16,16,16,16,16,16,17,16,16,16,16,16,16,16,16,16,16,16,16,16,16,16,17,16,16,16,16,16,16,16,16,16,16,15,16,15,16,16,16,16,16,16,16,16,16,16,16,16,16,16,16,16,16,16,16,16,47,47,47,47,47,47,47,47,47,47,47,47,47,47,47,47,47,47,47,47,47,47,47,47,47,47,47,47,47,47,47,47,47,47,47,47,47,47,47,47,47,47,47,47,47,47,47,47,47,47,47,47,47,47,47,47,47,47,47,47,47,47,47,47,760,760,760,760,760,760,760,760,760,760,760,760,760,760,765,760,760,760,760,760,760,760,760,760,760,760,760,760,760,760,765,760,760,760,760,760,760,760,760,760,760,755,760,755,760,760,760,760,760,760,760,760,760,760,760,760,760,760,760,760,760,760,760,760
27.5,16,17,16,16,16,17,16,16,16,16,16,16,16,16,17,16,16,16,16,16,16,16,16,16,16,16,16,16,16,16,16,16,16,16,16,15,16,15,16,15,16,16,16,16,16,16,16,16,16,16,16,16,16,16,16,16,16,16,16,16,17,16,16,16,47,47,47,47,47,47,47,47,47,47,47,47,47,47,47,47,47,47,47,47,47,47,47,47,47,47,47,47,47,47,47,47,47,47,47,47,47,47,47,47,47,47,47,47,47,47,47,47,47,47,47,47,47,47,47,47,47,47,47,47,47,47,47,47,760,765,760,760,760,765,760,760,760,760,760,760,760,760,765,760,760,760,760,760,760,760,760,760,760,760,760,760,760,760,760,760,760,760,760,755,760,755,760,755,760,760,760,760,760,760,760,760,760,760,760,760,760,760,760,760,760,760,760,760,765,760,760,760
28,16,16,16,16,16,17,16,16,16,16,16,16,16,17,17,16,16,15,16,16,16,15,16,16,16,16,16,16,16,16,16,16,16,16,16,15,16,16,15,15,16,15,16,16,16,16,16,16,16,16,16,16,16,16,16,16,16,17,16,16,16,16,16,16,47,47,47,47,47,47,47,47,47,47,47,47,47,47,47,47,47,47,47,47,47,47,47,47,47,47,47,47,47,47,47,47,47,47,47,47,47,47,47,47,47,47,47,47,47,47,47,47,47,47,47,47,47,47,47,47,47,47,47,47,47,47,47,47,760,760,760,760,760,765,760,760,760,760,760,760,760,765,765,760,760,755,760,760,760,755,760,760,760,760,760,760,760,760,760,760,760,760,760,755,760,760,755,755,760,755,760,760,760,760,760,760,760,760,760,760,760,760,760,760,760,765,760,760,760,760,760,760
28.5,16,16,16,17,16,16,16,16,16,16,16,16,17,16,17,16,16,16,16,16,16,16,16,16,16,16,16,16,16,16,16,16,16,16,16,15,16,16,15,16,16,15,16,16,16,17,16,16,16,16,16,16,16,16,16,16,16,16,17,16,16,17,16,16,47,47,47,47,47,47,47,47,47,47,47,47,47,47,47,47,47,47,47,47,47,47,47,47,47,47,47,47,47,47,47,47,47,47,47,47,47,47,47,47,47,47,47,47,47,47,47,47,47,47,47,47,47,47,47,47,47,47,47,47,47,47,47,47,760,760,760,765,760,760,760,760,760,760,760,760,765,760,765,760,760,760,760,760,760,760,760,760,760,760,760,760,760,760,760,760,760,760,760,755,760,760,755,760,760,755,760,760,760,765,760,760,760,760,760,760,760,760,760,760,760,760,765,760,760,765,760,760
29,16,17,16,16,16,16,16,16,16,16,16,16,16,16,16,16,16,16,16,16,16,16,16,16,16,16,16,17,16,17,16,17,16,16,17,16,16,16,15,15,16,16,16,16,16,17,16,16,16,16,16,16,16,16,16,16,16,16,16,16,16,16,17,17,47,47,47,47,47,47,47,47,47,47,47,47,47,47,47,47,47,47,47,47,47,47,47,47,47,47,47,47,47,47,47,47,47,47,47,47,47,47,47,47,47,47,47,47,47,47,47,47,47,47,47,47,47,47,47,47,47,47,47,47,47,47,47,47,760,765,760,760,760,760,760,760,760,760,760,760,760,760,760,760,760,760,760,760,760,760,760,760,760,760,760,765,760,765,760,765,760,760,765,760,760,760,755,755,760,760,760,760,760,765,760,760,760,760,760,760,760,760,760,760,760,760,760,760,760,760,765,765
29.5,16,17,16,16,17,16,16,16,16,16,16,16,17,16,17,16,16,16,16,16,16,16,16,16,16,16,16,17,16,16,17,16,16,16,16,16,16,16,16,15,16,16,16,16,17,17,16,16,16,16,16,16,16,16,16,16,16,16,16,16,16,16,17,17,47,47,47,47,47,47,47,47,47,47,47,47,47,47,47,47,47,47,47,47,47,47,47,47,47,47,47,47,47,47,47,47,47,47,47,47,47,47,47,47,47,47,47,47,47,47,47,47,47,47,47,47,47,47,47,47,47,47,47,47,47,47,47,47,760,765,760,760,765,760,760,760,760,760,760,760,765,760,765,760,760,760,760,760,760,760,760,760,760,760,760,765,760,760,765,760,760,760,760,760,760,760,760,755,760,760,760,760,765,765,760,760,760,760,760,760,760,760,760,760,760,760,760,760,760,760,765,765
30,16,16,16,16,17,17,17,16,16,16,16,16,16,16,17,16,17,16,17,16,17,16,16,16,16,16,17,16,16,16,16,17,16,16,16,15,17,16,16,16,16,15,17,15,16,16,16,16,16,17,17,17,17,16,15,16,16,16,17,16,17,16,16,16,47,47,47,47,47,47,47,47,47,47,47,47,47,47,47,47,47,47,47,47,47,47,47,47,47,47,47,47,47,47,47,47,47,47,47,47,47,47,47,47,47,47,47,47,47,47,47,47,47,47,47,47,47,47,47,47,47,47,47,47,47,47,47,47,760,760,760,760,765,765,765,760,760,760,760,760,760,760,765,760,765,760,765,760,765,760,760,760,760,760,765,760,760,760,760,765,760,760,760,755,765,760,760,760,760,755,765,755,760,760,760,760,760,765,765,765,765,760,755,760,760,760,765,760,765,760,760,760
30.5,16,17,16,16,17,16,16,16,16,16,16,16,16,16,16,16,16,16,17,17,16,16,16,16,16,16,16,17,16,16,17,17,16,16,16,15,16,16,15,16,16,16,17,15,16,16,17,16,16,16,17,16,17,17,16,16,16,16,17,16,16,16,16,17,47,47,47,47,47,47,47,47,47,47,47,47,47,47,47,47,47,47,47,47,47,47,47,47,47,47,47,47,47,47,47,47,47,47,47,47,47,47,47,47,47,47,47,47,47,47,47,47,47,47,47,47,47,47,47,47,47,47,47,47,47,47,47,47,760,765,760,760,765,760,760,760,760,760,760,760,760,760,760,760,760,760,765,765,760,760,760,760,760,760,760,765,760,760,765,765,760,760,760,755,760,760,755,760,760,760,765,755,760,760,765,760,760,760,765,760,765,765,760,760,760,760,765,760,760,760,760,765
31,17,17,16,16,16,16,17,16,16,17,16,16,17,16,17,16,16,16,16,16,16,16,17,16,16,16,16,17,17,16,17,16,16,16,16,15,16,16,16,16,16,16,17,15,17,17,16,16,16,16,17,16,16,17,16,17,17,16,17,16,16,17,16,17,47,47,47,47,47,47,47,47,47,47,47,47,47,47,47,47,47,47,47,47,47,47,47,47,47,47,47,47,47,47,47,47,47,47,47,47,47,47,47,47,47,47,47,47,47,47,47,47,47,47,47,47,47,47,47,47,47,47,47,47,47,47,47,47,765,765,760,760,760,760,765,760,760,765,760,760,765,760,765,760,760,760,760,760,760,760,765,760,760,760,760,765,765,760,765,760,760,760,760,755,760,760,760,760,760,760,765,755,765,765,760,760,760,760,765,760,760,765,760,765,765,760,765,760,760,765,760,765
31.5,17,17,16,16,16,17,17,16,16,16,16,17,16,16,17,16,16,17,16,16,16,16,17,16,16,16,16,17,16,17,17,17,16,17,16,15,16,16,16,16,16,16,17,15,16,16,16,16,16,16,17,16,17,17,16,16,17,17,17,16,16,17,17,17,47,47,47,47,47,47,47,47,47,47,47,47,47,47,47,47,47,47,47,47,47,47,47,47,47,47,47,47,47,47,47,47,47,47,47,47,47,47,47,47,47,47,47,47,47,47,47,47,47,47,47,47,47,47,47,47,47,47,47,47,47,47,47,47,765,765,760,760,760,765,765,760,760,760,760,765,760,760,765,760,760,765,760,760,760,760,765,760,760,760,760,765,760,765,765,765,760,765,760,755,760,760,760,760,760,760,765,755,760,760,760,760,760,760,765,760,765,765,760,760,765,765,765,760,760,765,765,765
32,16,16,16,16,16,17,17,16,16,16,16,16,16,17,17,17,16,16,16,16,16,16,16,16,16,17,16,16,16,16,16,16,16,17,16,16,16,16,16,16,16,16,17,15,17,17,16,16,16,16,16,16,16,17,16,16,16,16,16,16,17,17,16,17,47,47,47,47,47,47,47,47,47,47,47,47,47,47,47,47,47,47,47,47,47,47,47,47,47,47,47,47,47,47,47,47,47,47,47,47,47,47,47,47,47,47,47,47,47,47,47,47,47,47,47,47,47,47,47,47,47,47,47,47,47,47,47,47,760,760,760,760,760,765,765,760,760,760,760,760,760,765,765,765,760,760,760,760,760,760,760,760,760,765,760,760,760,760,760,760,760,765,760,760,760,760,760,760,760,760,765,755,765,765,760,760,760,760,760,760,760,765,760,760,760,760,760,760,765,765,760,765
32.5,17,16,17,17,16,17,17,16,16,16,16,16,17,17,17,17,16,16,16,16,17,16,17,16,16,16,17,16,17,16,16,16,16,17,17,16,16,16,16,16,16,16,17,16,17,17,17,16,16,16,17,16,16,17,16,17,16,16,17,16,17,17,16,16,47,47,47,47,47,47,47,47,47,47,47,47,47,47,47,47,47,47,47,47,47,47,47,47,47,47,47,47,47,47,47,47,47,47,47,47,47,47,47,47,47,47,47,47,47,47,47,47,47,47,47,47,47,47,47,47,47,47,47,47,47,47,47,47,765,760,765,765,760,765,765,760,760,760,760,760,765,765,765,765,760,760,760,760,765,760,765,760,760,760,765,760,765,760,760,760,760,765,765,760,760,760,760,760,760,760,765,760,765,765,765,760,760,760,765,760,760,765,760,765,760,760,765,760,765,765,760,760
33,17,17,16,16,16,17,17,16,16,16,16,17,16,17,17,16,16,17,16,16,16,16,16,16,16,16,16,17,16,17,17,17,17,17,16,16,17,16,16,16,16,16,16,16,16,17,17,16,16,17,16,16,16,17,16,17,17,17,17,17,17,17,16,17,47,47,47,47,47,47,47,47,47,47,47,47,47,47,47,47,47,47,47,47,47,47,47,47,47,47,47,47,47,47,47,47,47,47,47,47,47,47,47,47,47,47,47,47,47,47,47,47,47,47,47,47,47,47,47,47,47,47,47,47,47,47,47,47,765,765,760,760,760,765,765,760,760,760,760,765,760,765,765,760,760,765,760,760,760,760,760,760,760,760,760,765,760,765,765,765,765,765,760,760,765,760,760,760,760,760,760,760,760,765,765,760,760,765,760,760,760,765,760,765,765,765,765,765,765,765,760,765
33.5,17,17,16,17,16,17,16,17,16,17,16,16,17,17,17,16,16,17,16,16,17,16,16,16,16,16,17,17,16,17,17,16,17,17,16,16,16,16,16,17,16,16,17,16,17,17,17,16,16,17,16,16,16,17,16,17,17,17,17,17,17,17,16,17,47,47,47,47,47,47,47,47,47,47,47,47,47,47,47,47,47,47,47,47,47,47,47,47,47,47,47,47,47,47,47,47,47,47,47,47,47,47,47,47,47,47,47,47,47,47,47,47,47,47,47,47,47,47,47,47,47,47,47,47,47,47,47,47,765,765,760,765,760,765,760,765,760,765,760,760,765,765,765,760,760,765,760,760,765,760,760,760,760,760,765,765,760,765,765,760,765,765,760,760,760,760,760,765,760,760,765,760,765,765,765,760,760,765,760,760,760,765,760,765,765,765,765,765,765,765,760,765
34,17,16,16,17,16,17,17,16,16,16,16,16,17,17,17,16,16,16,17,16,17,17,17,16,16,16,16,17,16,17,17,17,16,17,16,16,16,16,16,16,16,16,17,16,17,17,16,16,16,17,16,17,17,17,16,16,17,16,17,17,16,17,17,17,47,47,47,47,47,47,47,47,47,47,47,47,47,47,47,47,47,47,47,47,47,47,47,47,47,47,47,47,47,47,47,47,47,47,47,47,47,47,47,47,47,47,47,47,47,47,47,47,47,47,47,47,47,47,47,47,47,47,47,47,47,47,47,47,765,760,760,765,760,765,765,760,760,760,760,760,765,765,765,760,760,760,765,760,765,765,765,760,760,760,760,765,760,765,765,765,760,765,760,760,760,760,760,760,760,760,765,760,765,765,760,760,760,765,760,765,765,765,760,760,765,760,765,765,760,765,765,765
34.5,16,16,16,17,17,17,16,16,16,16,17,16,17,16,17,16,16,17,16,16,17,16,17,16,17,16,16,16,16,17,17,17,16,17,17,16,16,16,16,17,16,16,16,16,17,17,16,16,16,16,16,17,17,17,16,16,17,16,17,17,16,17,17,17,47,47,47,47,47,47,47,47,47,47,47,47,47,47,47,47,47,47,47,47,47,47,47,47,47,47,47,47,47,47,47,47,47,47,47,47,47,47,47,47,47,47,47,47,47,47,47,47,47,47,47,47,47,47,47,47,47,47,47,47,47,47,47,47,760,760,760,765,765,765,760,760,760,760,765,760,765,760,765,760,760,765,760,760,765,760,765,760,765,760,760,760,760,765,765,765,760,765,765,760,760,760,760,765,760,760,760,760,765,765,760,760,760,760,760,765,765,765,760,760,765,760,765,765,760,765,765,765
35,17,17,17,17,16,17,17,17,16,17,17,17,17,16,16,16,17,16,16,16,17,17,17,17,16,17,17,17,17,17,17,17,17,16,17,16,16,17,17,17,16,16,17,16,17,17,17,16,17,17,17,17,17,17,16,17,16,17,16,17,16,17,17,17,47,47,47,47,47,47,47,47,47,47,47,47,47,47,47,47,47,47,47,47,47,47,47,47,47,47,47,47,47,47,47,47,47,47,47,47,47,47,47,47,47,47,47,47,47,47,47,47,47,47,47,47,47,47,47,47,47,47,47,47,47,47,47,47,765,765,765,765,760,765,765,765,760,765,765,765,765,760,760,760,765,760,760,760,765,765,765,765,760,765,765,765,765,765,765,765,765,760,765,760,760,765,765,765,760,760,765,760,765,765,765,760,765,765,765,765,765,765,760,765,760,765,760,765,760,765,765,765
35.5,17,17,16,17,16,17,17,17,17,17,17,17,17,16,16,16,17,16,16,17,17,17,17,17,16,17,17,17,16,17,17,17,17,16,16,16,17,17,17,16,16,16,17,16,17,17,17,16,17,17,17,17,17,17,16,16,17,16,16,17,16,17,17,17,47,47,47,47,47,47,47,47,47,47,47,47,47,47,47,47,47,47,47,47,47,47,47,47,47,47,47,47,47,47,47,47,47,47,47,47,47,47,47,47,47,47,47,47,47,47,47,47,47,47,47,47,47,47,47,47,47,47,47,47,47,47,47,47,765,765,760,765,760,765,765,765,765,765,765,765,765,760,760,760,765,760,760,765,765,765,765,765,760,765,765,765,760,765,765,765,765,760,760,760,765,765,765,760,760,760,765,760,765,765,765,760,765,765,765,765,765,765,760,760,765,760,760,765,760,765,765,765
36,17,17,17,17,17,17,17,17,17,17,17,17,17,17,17,16,17,17,16,16,16,17,17,17,17,17,17,17,16,17,17,17,17,17,17,16,17,16,16,16,16,16,16,16,17,17,16,16,16,17,17,17,17,17,17,17,17,17,17,17,17,17,17,17,47,47,47,47,47,47,47,47,47,47,47,47,47,47,47,47,47,47,47,47,47,47,47,47,47,47,47,47,47,47,47,47,47,47,47,47,47,47,47,47,47,47,47,47,47,47,47,47,47,47,47,47,47,47,47,47,47,47,47,47,47,47,47,47,765,765,765,765,765,765,765,765,765,765,765,765,765,765,765,760,765,765,760,760,760,765,765,765,765,765,765,765,760,765,765,765,765,765,765,760,765,760,760,760,760,760,760,760,765,765,760,760,760,765,765,765,765,765,765,765,765,765,765,765,765,765,765,765
36.5,17,17,17,17,17,17,17,17,17,17,17,17,17,17,17,16,17,17,16,16,17,17,17,17,17,17,17,17,16,17,17,17,17,17,17,16,17,16,16,16,16,16,17,16,17,17,17,16,16,17,17,17,17,17,17,17,17,17,17,17,17,17,17,17,47,47,47,47,47,47,47,47,47,47,47,47,47,47,47,47,47,47,47,47,47,47,47,47,47,47,47,47,47,47,47,47,47,47,47,47,47,47,47,47,47,47,47,47,47,47,47,47,47,47,47,47,47,47,47,47,47,47,47,47,47,47,47,47,765,765,765,765,765,765,765,765,765,765,765,765,765,765,765,760,765,765,760,760,765,765,765,765,765,765,765,765,760,765,765,765,765,765,765,760,765,760,760,760,760,760,765,760,765,765,765,760,760,765,765,765,765,765,765,765,765,765,765,765,765,765,765,765
37,16,17,16,17,17,17,17,17,17,18,17,17,17,17,17,17,16,17,16,17,17,17,17,17,16,17,17,17,16,17,17,17,17,17,17,16,17,16,16,17,17,16,17,16,17,17,17,16,17,17,16,17,17,17,17,16,17,17,16,16,17,17,16,17,47,47,47,47,47,47,47,47,47,47,47,47,47,47,47,47,47,47,47,47,47,47,47,47,47,47,47,47,47,47,47,47,47,47,47,47,47,47,47,47,47,47,47,47,47,47,47,47,47,47,47,47,47,47,47,47,47,47,47,47,47,47,47,47,760,765,760,765,765,765,765,765,765,770,765,765,765,765,765,765,760,765,760,765,765,765,765,765,760,765,765,765,760,765,765,765,765,765,765,760,765,760,760,765,765,760,765,760,765,765,765,760,765,765,760,765,765,765,765,760,765,765,760,760,765,765,760,765
37.5,16,17,17,17,17,17,17,17,17,17,17,17,17,17,17,17,17,17,16,17,17,17,16,17,16,17,17,17,16,17,17,17,17,17,17,15,17,16,16,17,17,16,17,16,17,17,17,16,17,17,17,17,17,17,17,17,16,17,16,16,17,17,17,17,47,47,47,47,47,47,47,47,47,47,47,47,47,47,47,47,47,47,47,47,47,47,47,47,47,47,47,47,47,47,47,47,47,47,47,47,47,47,47,47,47,47,47,47,47,47,47,47,47,47,47,47,47,47,47,47,47,47,47,47,47,47,47,47,760,765,765,765,765,765,765,765,765,765,765,765,765,765,765,765,765,765,760,765,765,765,760,765,760,765,765,765,760,765,765,765,765,765,765,755,765,760,760,765,765,760,765,760,765,765,765,760,765,765,765,765,765,765,765,765,760,765,760,760,765,765,765,765
38,17,17,17,17,17,17,17,17,17,17,17,17,17,17,17,16,17,17,17,17,17,17,17,16,16,16,17,16,17,16,17,17,17,17,17,16,17,16,16,16,16,16,17,16,17,17,17,16,17,16,17,16,17,17,17,17,16,17,17,17,17,17,17,17,47,47,47,47,47,47,47,47,47,47,47,47,47,47,47,47,47,47,47,47,47,47,47,47,47,47,47,47,47,47,47,47,47,47,47,47,47,47,47,47,47,47,47,47,47,47,47,47,47,47,47,47,47,47,47,47,47,47,47,47,47,47,47,47,765,765,765,765,765,765,765,765,765,765,765,765,765,765,765,760,765,765,765,765,765,765,765,760,760,760,765,760,765,760,765,765,765,765,765,760,765,760,760,760,760,760,765,760,765,765,765,760,765,760,765,760,765,765,765,765,760,765,765,765,765,765,765,765
38.5,17,17,17,17,17,17,17,17,17,17,17,17,16,17,17,16,17,17,17,17,17,17,17,16,16,17,17,16,17,16,17,17,17,17,17,16,17,16,16,16,16,16,17,16,17,17,17,16,16,16,17,16,17,17,17,17,16,17,17,16,17,17,17,17,47,47,47,47,47,47,47,47,47,47,47,47,47,47,47,47,47,47,47,47,47,47,47,47,47,47,47,47,47,47,47,47,47,47,47,47,47,47,47,47,47,47,47,47,47,47,47,47,47,47,47,47,47,47,47,47,47,47,47,47,47,47,47,47,765,765,765,765,765,765,765,765,765,765,765,765,760,765,765,760,765,765,765,765,765,765,765,760,760,765,765,760,765,760,765,765,765,765,765,760,765,760,760,760,760,760,765,760,765,765,765,760,760,760,765,760,765,765,765,765,760,765,765,760,765,765,765,765
39,17,17,17,17,17,17,17,17,17,17,17,17,17,17,17,17,16,17,17,17,17,17,17,17,17,17,17,17,17,16,17,17,17,17,17,16,17,17,16,16,17,16,17,16,17,17,17,17,17,17,17,17,17,17,17,17,17,17,17,17,17,17,17,17,47,47,47,47,47,47,47,47,47,47,47,47,47,47,47,47,47,47,47,47,47,47,47,47,47,47,47,47,47,47,47,47,47,47,47,47,47,47,47,47,47,47,47,47,47,47,47,47,47,47,47,47,47,47,47,47,47,47,47,47,47,47,47,47,765,765,765,765,765,765,765,765,765,765,765,765,765,765,765,765,760,765,765,765,765,765,765,765,765,765,765,765,765,760,765,765,765,765,765,760,765,765,760,760,765,760,765,760,765,765,765,765,765,765,765,765,765,765,765,765,765,765,765,765,765,765,765,765
39.5,17,17,17,17,17,17,17,17,17,17,17,17,17,17,17,17,16,17,17,17,17,16,17,17,17,17,17,17,17,16,17,17,16,17,17,16,17,17,16,16,17,16,17,16,17,17,17,17,17,17,17,17,17,17,17,17,17,17,17,17,17,17,17,17,47,47,47,47,47,47,47,47,47,47,47,47,47,47,47,47,47,47,47,47,47,47,47,47,47,47,47,47,47,47,47,47,47,47,47,47,47,47,47,47,47,47,47,47,47,47,47,47,47,47,47,47,47,47,47,47,47,47,47,47,47,47,47,47,765,765,765,765,765,765,765,765,765,765,765,765,765,765,765,765,760,765,765,765,765,760,765,765,765,765,765,765,765,760,765,765,760,765,765,760,765,765,760,760,765,760,765,760,765,765,765,765,765,765,765,765,765,765,765,765,765,765,765,765,765,765,765,765
40,17,17,17,17,18,17,17,17,17,17,17,17,17,18,17,17,17,17,16,16,17,16,17,16,16,17,17,18,16,17,17,17,17,17,17,16,17,17,17,17,17,16,17,16,17,17,17,17,17,17,17,16,16,18,17,17,17,17,17,18,17,16,17,17,47,47,47,47,47,47,47,47,47,47,47,47,47,47,47,47,47,47,47,47,47,47,47,47,47,47,47,47,47,47,47,47,47,47,47,47,47,47,47,47,47,47,47,47,47,47,47,47,47,47,47,47,47,47,47,47,47,47,47,47,47,47,47,47,765,765,765,765,770,765,765,765,765,765,765,765,765,770,765,765,765,765,760,760,765,760,765,760,760,765,765,770,760,765,765,765,765,765,765,760,765,765,765,765,765,760,765,760,765,765,765,765,765,765,765,760,760,770,765,765,765,765,765,770,765,760,765,765
40.5,17,17,17,17,17,17,17,16,17,17,17,17,17,17,17,17,17,17,16,17,17,16,17,17,17,17,17,17,17,17,17,17,18,17,17,16,17,17,17,17,17,16,17,16,17,17,17,17,17,17,17,16,17,17,17,17,17,17,17,17,17,16,17,17,47,47,47,47,47,47,47,47,47,47,47,47,47,47,47,47,47,47,47,47,47,47,47,47,47,47,47,47,47,47,47,47,47,47,47,47,47,47,47,47,47,47,47,47,47,47,47,47,47,47,47,47,47,47,47,47,47,47,47,47,47,47,47,47,765,765,765,765,765,765,765,760,765,765,765,765,765,765,765,765,765,765,760,765,765,760,765,765,765,765,765,765,765,765,765,765,770,765,765,760,765,765,765,765,765,760,765,760,765,765,765,765,765,765,765,760,765,765,765,765,765,765,765,765,765,760,765,765
41,17,17,17,17,17,17,17,17,17,17,17,17,17,17,17,17,17,17,17,17,17,17,17,17,17,17,17,17,16,17,17,17,17,17,17,17,17,17,17,17,16,17,17,17,17,17,17,17,17,17,17,17,17,17,17,17,17,17,17,17,18,17,17,17,47,47,47,47,47,47,47,47,47,47,47,47,47,47,47,47,47,47,47,47,47,47,47,47,47,47,47,47,47,47,47,47,47,47,47,47,47,47,47,47,47,47,47,47,47,47,47,47,47,47,47,47,47,47,47,47,47,47,47,47,47,47,47,47,765,765,765,765,765,765,765,765,765,765,765,765,765,765,765,765,765,765,765,765,765,765,765,765,765,765,765,765,760,765,765,765,765,765,765,765,765,765,765,765,760,765,765,765,765,765,765,765,765,765,765,765,765,765,765,765,765,765,765,765,770,765,765,765
41.5,17,17,17,17,17,17,17,17,17,17,17,17,17,17,17,17,17,17,17,17,17,17,17,17,17,17,17,18,16,17,17,17,17,17,17,17,17,17,17,17,17,17,17,17,18,17,17,17,17,17,17,17,17,17,17,17,17,17,17,17,17,17,17,17,47,47,47,47,47,47,47,47,47,47,47,47,47,47,47,47,47,47,47,47,47,47,47,47,47,47,47,47,47,47,47,47,47,47,47,47,47,47,47,47,47,47,47,47,47,47,47,47,47,47,47,47,47,47,47,47,47,47,47,47,47,47,47,47,765,765,765,765,765,765,765,765,765,765,765,765,765,765,765,765,765,765,765,765,765,765,765,765,765,765,765,770,760,765,765,765,765,765,765,765,765,765,765,765,765,765,765,765,770,765,765,765,765,765,765,765,765,765,765,765,765,765,765,765,765,765,765,765
42,17,17,16,17,17,17,17,17,17,17,17,17,17,17,17,17,17,17,17,17,17,17,17,17,17,17,17,17,17,17,17,17,17,17,17,17,17,16,17,17,17,17,17,17,18,18,17,17,17,17,17,17,17,17,16,17,17,17,17,17,17,17,17,17,47,47,47,47,47,47,47,47,47,47,47,47,47,47,47,47,47,47,47,47,47,47,47,47,47,47,47,47,47,47,47,47,47,47,47,47,47,47,47,47,47,47,47,47,47,47,47,47,47,47,47,47,47,47,47,47,47,47,47,47,47,47,47,47,765,765,760,765,765,765,765,765,765,765,765,765,765,765,765,765,765,765,765,765,765,765,765,765,765,765,765,765,765,765,765,765,765,765,765,765,765,760,765,765,765,765,765,765,770,770,765,765,765,765,765,765,765,765,760,765,765,765,765,765,765,765,765,765
42.5,17,17,16,17,17,17,17,17,16,17,17,17,17,17,17,17,17,17,17,17,17,17,17,17,17,17,17,17,17,17,17,17,17,17,17,17,17,16,17,17,17,17,17,17,18,18,17,17,17,17,17,17,17,17,16,17,17,18,17,17,17,17,17,17,47,47,47,47,47,47,47,47,47,47,47,47,47,47,47,47,47,47,47,47,47,47,47,47,47,47,47,47,47,47,47,47,47,47,47,47,47,47,47,47,47,47,47,47,47,47,47,47,47,47,47,47,47,47,47,47,47,47,47,47,47,47,47,47,765,765,760,765,765,765,765,765,760,765,765,765,765,765,765,765,765,765,765,765,765,765,765,765,765,765,765,765,765,765,765,765,765,765,765,765,765,760,765,765,765,765,765,765,770,770,765,765,765,765,765,765,765,765,760,765,765,770,765,765,765,765,765,765
43,17,17,17,17,17,17,17,17,17,16,17,17,17,17,18,17,16,17,17,17,17,17,17,17,17,17,17,17,16,17,16,17,17,17,17,17,17,16,16,17,17,17,17,16,18,18,17,17,17,17,17,17,17,18,17,17,17,18,17,17,16,17,17,17,47,47,47,47,47,47,47,47,47,47,47,47,47,47,47,47,47,47,47,47,47,47,47,47,47,47,47,47,47,47,47,47,47,47,47,47,47,47,47,47,47,47,47,47,47,47,47,47,47,47,47,47,47,47,47,47,47,47,47,47,47,47,47,47,765,765,765,765,765,765,765,765,765,760,765,765,765,765,770,765,760,765,765,765,765,765,765,765,765,765,765,765,760,765,760,765,765,765,765,765,765,760,760,765,765,765,765,760,770,770,765,765,765,765,765,765,765,770,765,765,765,770,765,765,760,765,765,765
43.5,17,17,17,17,17,17,17,17,17,16,17,17,18,17,18,17,16,17,17,18,17,17,17,17,17,17,17,17,17,17,17,17,17,17,17,17,17,17,17,17,17,17,17,16,18,18,17,17,17,17,17,17,17,18,17,17,17,18,17,17,16,17,17,17,47,47,47,47,47,47,47,47,47,47,47,47,47,47,47,47,47,47,47,47,47,47,47,47,47,47,47,47,47,47,47,47,47,47,47,47,47,47,47,47,47,47,47,47,47,47,47,47,47,47,47,47,47,47,47,47,47,47,47,47,47,47,47,47,765,765,765,765,765,765,765,765,765,760,765,765,770,765,770,765,760,765,765,770,765,765,765,765,765,765,765,765,765,765,765,765,765,765,765,765,765,765,765,765,765,765,765,760,770,770,765,765,765,765,765,765,765,770,765,765,765,770,765,765,760,765,765,765
44,17,17,17,17,17,17,17,17,17,17,17,17,18,17,18,17,17,17,17,17,17,17,17,17,17,17,17,17,17,17,17,17,17,17,17,17,17,17,17,17,17,17,17,17,18,18,17,17,17,17,17,17,17,18,17,17,17,18,17,17,17,17,17,17,47,47,47,47,47,47,47,47,47,47,47,47,47,47,47,47,47,47,47,47,47,47,47,47,47,47,47,47,47,47,47,47,47,47,47,47,47,47,47,47,47,47,47,47,47,47,47,47,47,47,47,47,47,47,47,47,47,47,47,47,47,47,47,47,765,765,765,765,765,765,765,765,765,765,765,765,770,765,770,765,765,765,765,765,765,765,765,765,765,765,765,765,765,765,765,765,765,765,765,765,765,765,765,765,765,765,765,765,770,770,765,765,765,765,765,765,765,770,765,765,765,770,765,765,765,765,765,765
44.5,17,17,17,17,17,17,17,17,17,17,17,17,18,17,18,17,17,17,17,17,17,17,17,17,17,17,18,17,17,17,17,18,17,17,17,17,17,17,17,17,17,17,17,17,18,18,17,17,17,16,17,17,17,18,17,17,17,18,17,17,17,18,17,17,47,47,47,47,47,47,47,47,47,47,47,47,47,47,47,47,47,47,47,47,47,47,47,47,47,47,47,47,47,47,47,47,47,47,47,47,47,47,47,47,47,47,47,47,47,47,47,47,47,47,47,47,47,47,47,47,47,47,47,47,47,47,47,47,765,765,765,765,765,765,765,765,765,765,765,765,770,765,770,765,765,765,765,765,765,765,765,765,765,765,770,765,765,765,765,770,765,765,765,765,765,765,765,765,765,765,765,765,770,770,765,765,765,760,765,765,765,770,765,765,765,770,765,765,765,770,765,765
45,18,17,17,17,18,18,17,17,17,17,17,17,18,18,18,17,17,17,17,17,17,17,17,17,17,18,17,17,17,17,17,18,17,17,17,17,17,17,17,17,18,17,17,17,18,19,17,17,17,17,17,17,17,18,17,17,17,17,17,18,17,18,17,18,47,47,47,47,47,47,47,47,47,47,47,47,47,47,47,47,47,47,47,47,47,47,47,47,47,47,47,47,47,47,47,47,47,47,47,47,47,47,47,47,47,47,47,47,47,47,47,47,47,47,47,47,47,47,47,47,47,47,47,47,47,47,47,47,770,765,765,765,770,770,765,765,765,765,765,765,770,770,770,765,765,765,765,765,765,765,765,765,765,770,765,765,765,765,765,770,765,765,765,765,765,765,765,765,770,765,765,765,770,775,765,765,765,765,765,765,765,770,765,765,765,765,765,770,765,770,765,770
45.5,18,17,17,18,18,18,17,17,17,17,17,18,18,18,18,17,17,17,17,17,17,17,18,17,17,18,18,17,17,17,18,18,17,17,17,17,17,17,17,17,18,17,17,17,18,19,17,17,17,17,17,17,17,18,17,17,17,17,17,18,17,18,17,18,47,47,47,47,47,47,47,47,47,47,47,47,47,47,47,47,47,47,47,47,47,47,47,47,47,47,47,47,47,47,47,47,47,47,47,47,47,47,47,47,47,47,47,47,47,47,47,47,47,47,47,47,47,47,47,47,47,47,47,47,47,47,47,47,770,765,765,770,770,770,765,765,765,765,765,770,770,770,770,765,765,765,765,765,765,765,770,765,765,770,770,765,765,765,770,770,765,765,765,765,765,765,765,765,770,765,765,765,770,775,765,765,765,765,765,765,765,770,765,765,765,765,765,770,765,770,765,770
46,18,17,17,18,18,18,17,17,17,17,18,17,18,18,18,17,17,17,17,17,17,17,18,17,17,18,18,17,17,17,17,18,18,17,18,17,18,18,17,17,17,16,17,17,19,18,17,17,17,17,17,17,17,18,17,17,18,18,17,18,17,18,17,18,47,47,47,47,47,47,47,47,47,47,47,47,47,47,47,47,47,47,47,47,47,47,47,47,47,47,47,47,47,47,47,47,47,47,47,47,47,47,47,47,47,47,47,47,47,47,47,47,47,47,47,47,47,47,47,47,47,47,47,47,47,47,47,47,770,765,765,770,770,770,765,765,765,765,770,765,770,770,770,765,765,765,765,765,765,765,770,765,765,770,770,765,765,765,765,770,770,765,770,765,770,770,765,765,765,760,765,765,775,770,765,765,765,765,765,765,765,770,765,765,770,770,765,770,765,770,765,770
46.5,18,17,17,18,18,18,17,17,17,17,18,17,18,18,18,17,17,17,17,17,17,17,18,17,17,18,18,17,17,17,17,18,18,17,18,17,18,17,17,17,17,17,17,17,19,18,17,17,17,17,17,17,18,18,17,18,18,18,17,18,18,18,18,18,47,47,47,47,47,47,47,47,47,47,47,47,47,47,47,47,47,47,47,47,47,47,47,47,47,47,47,47,47,47,47,47,47,47,47,47,47,47,47,47,47,47,47,47,47,47,47,47,47,47,47,47,47,47,47,47,47,47,47,47,47,47,47,47,770,765,765,770,770,770,765,765,765,765,770,765,770,770,770,765,765,765,765,765,765,765,770,765,765,770,770,765,765,765,765,770,770,765,770,765,770,765,765,765,765,765,765,765,775,770,765,765,765,765,765,765,770,770,765,770,770,770,765,770,770,770,770,770
47,18,17,17,18,18,18,18,17,17,17,18,18,18,18,19,17,17,17,17,16,17,17,18,17,17,18,18,18,17,17,18,18,18,17,17,17,18,17,17,17,17,17,17,17,18,19,18,17,18,16,17,17,18,19,17,18,18,18,17,18,18,18,18,18,47,47,47,47,47,47,47,47,47,47,47,47,47,47,47,47,47,47,47,47,47,47,47,47,47,47,47,47,47,47,47,47,47,47,47,47,47,47,47,47,47,47,47,47,47,47,47,47,47,47,47,47,47,47,47,47,47,47,47,47,47,47,47,47,770,765,765,770,770,770,770,765,765,765,770,770,770,770,775,765,765,765,765,760,765,765,770,765,765,770,770,770,765,765,770,770,770,765,765,765,770,765,765,765,765,765,765,765,770,775,770,765,770,760,765,765,770,775,765,770,770,770,765,770,770,770,770,770
47.5,18,18,17,18,18,18,18,17,18,17,18,18,18,18,19,17,17,17,17,16,18,17,18,17,17,18,18,18,17,18,18,18,18,17,18,17,18,17,17,17,17,17,18,17,18,19,18,17,18,16,17,17,18,19,17,18,18,18,17,19,18,18,18,18,47,47,47,47,47,47,47,47,47,47,47,47,47,47,47,47,47,47,47,47,47,47,47,47,47,47,47,47,47,47,47,47,47,47,47,47,47,47,47,47,47,47,47,47,47,47,47,47,47,47,47,47,47,47,47,47,47,47,47,47,47,47,47,47,770,770,765,770,770,770,770,765,770,765,770,770,770,770,775,765,765,765,765,760,770,765,770,765,765,770,770,770,765,770,770,770,770,765,770,765,770,765,765,765,765,765,770,765,770,775,770,765,770,760,765,765,770,775,765,770,770,770,765,775,770,770,770,770
48,18,18,17,19,18,18,18,17,18,17,18,18,19,18,19,17,17,17,17,17,18,17,18,17,17,18,18,18,17,18,18,18,18,18,18,17,18,17,17,17,17,17,18,17,19,19,18,17,18,17,18,17,18,19,18,18,18,18,18,18,18,18,18,18,47,47,47,47,47,47,47,47,47,47,47,47,47,47,47,47,47,47,47,47,47,47,47,47,47,47,47,47,47,47,47,47,47,47,47,47,47,47,47,47,47,47,47,47,47,47,47,47,47,47,47,47,47,47,47,47,47,47,47,47,47,47,47,47,770,770,765,775,770,770,770,765,770,765,770,770,775,770,775,765,765,765,765,765,770,765,770,765,765,770,770,770,765,770,770,770,770,770,770,765,770,765,765,765,765,765,770,765,775,775,770,765,770,765,770,765,770,775,770,770,770,770,770,770,770,770,770,770
48.5,19,18,17,19,18,18,18,18,18,18,18,18,19,18,19,17,17,17,17,17,18,17,18,18,18,18,18,18,17,18,18,18,18,18,18,17,18,17,17,17,17,17,18,17,19,19,18,17,18,17,18,17,18,19,18,18,18,18,18,18,18,19,18,19,47,47,47,47,47,47,47,47,47,47,47,47,47,47,47,47,47,47,47,47,47,47,47,47,47,47,47,47,47,47,47,47,47,47,47,47,47,47,47,47,47,47,47,47,47,47,47,47,47,47,47,47,47,47,47,47,47,47,47,47,47,47,47,47,775,770,765,775,770,770,770,770,770,770,770,770,775,770,775,765,765,765,765,765,770,765,770,770,770,770,770,770,765,770,770,770,770,770,770,765,770,765,765,765,765,765,770,765,775,775,770,765,770,765,770,765,770,775,770,770,770,770,770,770,770,775,770,775
49,18,18,17,18,18,18,18,18,18,18,18,18,19,18,19,17,17,17,17,17,18,17,18,18,18,18,18,18,17,18,18,19,18,18,18,17,18,17,17,17,18,17,18,17,19,19,18,18,18,17,17,18,18,19,18,18,19,18,18,18,18,19,18,19,47,47,47,47,47,47,47,47,47,47,47,47,47,47,47,47,47,47,47,47,47,47,47,47,47,47,47,47,47,47,47,47,47,47,47,47,47,47,47,47,47,47,47,47,47,47,47,47,47,47,47,47,47,47,47,47,47,47,47,47,47,47,47,47,770,770,765,770,770,770,770,770,770,770,770,770,775,770,775,765,765,765,765,765,770,765,770,770,770,770,770,770,765,770,770,775,770,770,770,765,770,765,765,765,770,765,770,765,775,775,770,770,770,765,765,770,770,775,770,770,775,770,770,770,770,775,770,775
49.5,19,18,17,18,19,18,19,18,18,18,18,18,19,18,19,17,17,17,17,17,18,17,18,18,18,19,18,18,17,18,18,19,18,18,18,17,18,17,17,17,18,17,18,17,19,19,18,18,18,17,17,18,18,19,18,18,19,18,18,19,18,19,18,19,47,47,47,47,47,47,47,47,47,47,47,47,47,47,47,47,47,47,47,47,47,47,47,47,47,47,47,47,47,47,47,47,47,47,47,47,47,47,47,47,47,47,47,47,47,47,47,47,47,47,47,47,47,47,47,47,47,47,47,47,47,47,47,47,775,770,765,770,775,770,775,770,770,770,770,770,775,770,775,765,765,765,765,765,770,765,770,770,770,775,770,770,765,770,770,775,770,770,770,765,770,765,765,765,770,765,770,765,775,775,770,770,770,765,765,770,770,775,770,770,775,770,770,775,770,775,770,775
50,19,18,18,19,18,18,18,18,18,18,19,18,19,18,19,17,18,17,17,17,18,17,19,18,18,18,19,18,17,18,18,19,19,18,18,17,18,17,17,17,18,17,18,17,19,19,18,18,18,18,18,18,18,19,18,18,18,18,18,19,18,19,18,19,47,47,47,47,47,47,47,47,47,47,47,47,47,47,47,47,47,47,47,47,47,47,47,47,47,47,47,47,47,47,47,47,47,47,47,47,47,47,47,47,47,47,47,47,47,47,47,47,47,47,47,47,47,47,47,47,47,47,47,47,47,47,47,47,775,770,770,775,770,770,770,770,770,770,775,770,775,770,775,765,770,765,765,765,770,765,775,770,770,770,775,770,765,770,770,775,775,770,770,765,770,765,765,765,770,765,770,765,775,775,770,770,770,770,770,770,770,775,770,770,770,770,770,775,770,775,770,775
50.5,19,18,18,19,19,18,18,18,18,18,19,19,19,18,19,18,18,18,17,17,18,17,19,18,18,18,19,18,18,18,19,19,19,18,18,17,18,17,17,17,18,17,18,17,19,19,18,18,19,18,18,18,18,19,18,19,18,19,18,19,18,19,18,19,47,47,47,47,47,47,47,47,47,47,47,47,47,47,47,47,47,47,47,47,47,47,47,47,47,47,47,47,47,47,47,47,47,47,47,47,47,47,47,47,47,47,47,47,47,47,47,47,47,47,47,47,47,47,47,47,47,47,47,47,47,47,47,47,775,770,770,775,775,770,770,770,770,770,775,775,775,770,775,770,770,770,765,765,770,765,775,770,770,770,775,770,770,770,775,775,775,770,770,765,770,765,765,765,770,765,770,765,775,775,770,770,775,770,770,770,770,775,770,775,770,775,770,775,770,775,770,775
51,19,18,18,19,19,19,18,18,19,18,19,19,19,19,19,17,18,18,17,18,18,17,19,18,19,19,19,18,17,19,19,19,19,18,18,16,18,17,17,17,18,17,18,17,19,19,19,18,18,18,18,18,18,19,18,19,19,18,19,19,19,19,18,19,47,47,47,47,47,47,47,47,47,47,47,47,47,47,47,47,47,47,47,47,47,47,47,47,47,47,47,47,47,47,47,47,47,47,47,47,47,47,47,47,47,47,47,47,47,47,47,47,47,47,47,47,47,47,47,47,47,47,47,47,47,47,47,47,775,770,770,775,775,775,770,770,775,770,775,775,775,775,775,765,770,770,765,770,770,765,775,770,775,775,775,770,765,775,775,775,775,770,770,760,770,765,765,765,770,765,770,765,775,775,775,770,770,770,770,770,770,775,770,775,775,770,775,775,775,775,770,775
51.5,19,19,18,19,19,19,18,18,19,18,19,19,19,19,19,17,18,18,18,18,18,18,19,18,19,19,19,19,18,19,19,19,19,19,18,17,18,17,17,17,18,17,18,17,19,19,19,18,18,18,18,18,19,19,18,19,19,18,19,19,19,19,18,19,47,47,47,47,47,47,47,47,47,47,47,47,47,47,47,47,47,47,47,47,47,47,47,47,47,47,47,47,47,47,47,47,47,47,47,47,47,47,47,47,47,47,47,47,47,47,47,47,47,47,47,47,47,47,47,47,47,47,47,47,47,47,47,47,775,775,770,775,775,775,770,770,775,770,775,775,775,775,775,765,770,770,770,770,770,770,775,770,775,775,775,775,770,775,775,775,775,775,770,765,770,765,765,765,770,765,770,765,775,775,775,770,770,770,770,770,775,775,770,775,775,770,775,775,775,775,770,775
52,19,19,18,19,19,19,19,19,19,18,19,19,19,19,19,18,18,18,18,18,19,18,19,18,19,19,19,19,18,19,18,19,19,18,19,17,19,17,17,18,18,17,18,17,20,19,19,18,19,18,18,19,18,20,19,19,19,19,18,19,19,19,19,19,47,47,47,47,47,47,47,47,47,47,47,47,47,47,47,47,47,47,47,47,47,47,47,47,47,47,47,47,47,47,47,47,47,47,47,47,47,47,47,47,47,47,47,47,47,47,47,47,47,47,47,47,47,47,47,47,47,47,47,47,47,47,47,47,775,775,770,775,775,775,775,775,775,770,775,775,775,775,775,770,770,770,770,770,775,770,775,770,775,775,775,775,770,775,770,775,775,770,775,765,775,765,765,770,770,765,770,765,780,775,775,770,775,770,770,775,770,780,775,775,775,775,770,775,775,775,775,775
52.5,19,19,18,19,19,19,19,19,19,18,19,19,19,19,19,18,18,18,18,18,19,18,19,18,19,19,19,19,18,19,19,20,19,18,19,17,19,17,17,18,18,17,18,17,20,19,19,18,19,18,18,19,18,20,19,19,19,19,18,19,19,19,19,19,47,47,47,47,47,47,47,47,47,47,47,47,47,47,47,47,47,47,47,47,47,47,47,47,47,47,47,47,47,47,47,47,47,47,47,47,47,47,47,47,47,47,47,47,47,47,47,47,47,47,47,47,47,47,47,47,47,47,47,47,47,47,47,47,775,775,770,775,775,775,775,775,775,770,775,775,775,775,775,770,770,770,770,770,775,770,775,770,775,775,775,775,770,775,775,780,775,770,775,765,775,765,765,770,770,765,770,765,780,775,775,770,775,770,770,775,770,780,775,775,775,775,770,775,775,775,775,775
53,19,19,18,19,19,19,19,19,19,18,19,19,19,19,20,18,18,18,18,18,19,17,19,19,19,19,19,19,18,19,19,19,19,19,19,17,19,17,17,18,19,17,18,17,20,20,19,18,18,18,18,18,19,20,18,19,19,19,19,19,19,19,19,20,47,47,47,47,47,47,47,47,47,47,47,47,47,47,47,47,47,47,47,47,47,47,47,47,47,47,47,47,47,47,47,47,47,47,47,47,47,47,47,47,47,47,47,47,47,47,47,47,47,47,47,47,47,47,47,47,47,47,47,47,47,47,47,47,775,775,770,775,775,775,775,775,775,770,775,775,775,775,780,770,770,770,770,770,775,765,775,775,775,775,775,775,770,775,775,775,775,775,775,765,775,765,765,770,775,765,770,765,780,780,775,770,770,770,770,770,775,780,770,775,775,775,775,775,775,775,775,780
53.5,19,19,18,19,19,19,19,19,19,18,19,19,19,19,20,18,18,19,18,18,19,18,19,19,19,19,19,19,18,19,19,19,19,19,19,17,19,17,17,18,19,17,19,17,20,20,19,19,19,18,18,18,19,20,19,19,19,19,19,19,19,19,19,20,47,47,47,47,47,47,47,47,47,47,47,47,47,47,47,47,47,47,47,47,47,47,47,47,47,47,47,47,47,47,47,47,47,47,47,47,47,47,47,47,47,47,47,47,47,47,47,47,47,47,47,47,47,47,47,47,47,47,47,47,47,47,47,47,775,775,770,775,775,775,775,775,775,770,775,775,775,775,780,770,770,775,770,770,775,770,775,775,775,775,775,775,770,775,775,775,775,775,775,765,775,765,765,770,775,765,775,765,780,780,775,775,775,770,770,770,775,780,775,775,775,775,775,775,775,775,775,780
54,19,19,19,19,19,19,19,19,19,19,19,19,20,19,20,18,18,18,18,18,19,18,19,19,19,19,19,19,18,19,19,19,19,19,19,18,19,17,17,18,18,18,19,18,20,20,19,19,19,18,18,19,19,20,19,19,19,19,19,20,19,20,19,20,47,47,47,47,47,47,47,47,47,47,47,47,47,47,47,47,47,47,47,47,47,47,47,47,47,47,47,47,47,47,47,47,47,47,47,47,47,47,47,47,47,47,47,47,47,47,47,47,47,47,47,47,47,47,47,47,47,47,47,47,47,47,47,47,775,775,775,775,775,775,775,775,775,775,775,775,780,775,780,770,770,770,770,770,775,770,775,775,775,775,775,775,770,775,775,775,775,775,775,770,775,765,765,770,770,770,775,770,780,780,775,775,775,770,770,775,775,780,775,775,775,775,775,780,775,780,775,780
54.5,19,19,19,19,19,19,19,19,19,19,19,19,20,20,20,18,18,18,18,18,19,18,19,19,19,19,19,19,18,19,19,19,19,19,19,18,19,18,17,18,19,18,19,18,20,20,19,19,19,18,19,19,19,20,19,19,19,19,19,20,19,20,19,20,47,47,47,47,47,47,47,47,47,47,47,47,47,47,47,47,47,47,47,47,47,47,47,47,47,47,47,47,47,47,47,47,47,47,47,47,47,47,47,47,47,47,47,47,47,47,47,47,47,47,47,47,47,47,47,47,47,47,47,47,47,47,47,47,775,775,775,775,775,775,775,775,775,775,775,775,780,780,780,770,770,770,770,770,775,770,775,775,775,775,775,775,770,775,775,775,775,775,775,770,775,770,765,770,775,770,775,770,780,780,775,775,775,770,775,775,775,780,775,775,775,775,775,780,775,780,775,780
55,20,19,19,20,19,19,19,19,19,19,19,19,20,20,20,18,19,18,18,19,19,18,19,19,19,20,19,19,19,19,19,20,20,19,19,18,19,18,18,18,19,18,19,17,20,20,19,19,19,18,19,19,19,20,19,19,20,20,19,19,19,19,19,20,47,47,47,47,47,47,47,47,47,47,47,47,47,47,47,47,47,47,47,47,47,47,47,47,47,47,47,47,47,47,47,47,47,47,47,47,47,47,47,47,47,47,47,47,47,47,47,47,47,47,47,47,47,47,47,47,47,47,47,47,47,47,47,47,780,775,775,780,775,775,775,775,775,775,775,775,780,780,780,770,775,770,770,775,775,770,775,775,775,780,775,775,775,775,775,780,780,775,775,770,775,770,770,770,775,770,775,765,780,780,775,775,775,770,775,775,775,780,775,775,780,780,775,775,775,775,775,780
55.5,20,19,19,20,19,19,19,19,19,19,19,19,20,20,20,18,19,18,19,19,19,18,20,19,19,20,20,19,19,20,19,20,20,19,19,18,19,18,18,18,19,18,19,17,20,20,19,19,19,19,19,19,19,20,19,19,20,20,19,19,19,20,19,20,47,47,47,47,47,47,47,47,47,47,47,47,47,47,47,47,47,47,47,47,47,47,47,47,47,47,47,47,47,47,47,47,47,47,47,47,47,47,47,47,47,47,47,47,47,47,47,47,47,47,47,47,47,47,47,47,47,47,47,47,47,47,47,47,780,775,775,780,775,775,775,775,775,775,775,775,780,780,780,770,775,770,775,775,775,770,780,775,775,780,780,775,775,780,775,780,780,775,775,770,775,770,770,770,775,770,775,765,780,780,775,775,775,775,775,775,775,780,775,775,780,780,775,775,775,780,775,780
56,20,19,19,20,20,19,20,20,20,19,20,19,20,20,20,19,19,19,19,19,19,19,19,19,19,20,20,20,19,20,19,19,19,19,19,18,20,18,18,18,19,18,20,18,20,20,19,19,19,19,19,19,19,20,19,19,19,19,19,20,20,20,19,20,47,47,47,47,47,47,47,47,47,47,47,47,47,47,47,47,47,47,47,47,47,47,47,47,47,47,47,47,47,47,47,47,47,47,47,47,47,47,47,47,47,47,47,47,47,47,47,47,47,47,47,47,47,47,47,47,47,47,47,47,47,47,47,47,780,775,775,780,780,775,780,780,780,775,780,775,780,780,780,775,775,775,775,775,775,775,775,775,775,780,780,780,775,780,775,775,775,775,775,770,780,770,770,770,775,770,780,770,780,780,775,775,775,775,775,775,775,780,775,775,775,775,775,780,780,780,775,780
56.5,20,19,19,20,20,20,20,20,20,19,20,20,20,20,20,19,19,19,19,19,19,19,19,19,19,20,20,20,19,20,19,19,19,19,19,18,20,18,18,19,19,18,20,18,20,20,19,19,19,19,19,19,19,20,19,19,19,20,19,20,20,20,19,20,47,47,47,47,47,47,47,47,47,47,47,47,47,47,47,47,47,47,47,47,47,47,47,47,47,47,47,47,47,47,47,47,47,47,47,47,47,47,47,47,47,47,47,47,47,47,47,47,47,47,47,47,47,47,47,47,47,47,47,47,47,47,47,47,780,775,775,780,780,780,780,780,780,775,780,780,780,780,780,775,775,775,775,775,775,775,775,775,775,780,780,780,775,780,775,775,775,775,775,770,780,770,770,775,775,770,780,770,780,780,775,775,775,775,775,775,775,780,775,775,775,780,775,780,780,780,775,780
57,20,19,19,20,20,19,20,19,20,19,20,20,20,20,20,19,19,19,19,19,20,19,19,19,19,20,20,19,19,19,19,20,20,19,19,18,19,18,18,18,19,18,20,18,20,20,20,19,20,19,19,19,19,20,20,19,20,20,20,20,19,20,20,20,47,47,47,47,47,47,47,47,47,47,47,47,47,47,47,47,47,47,47,47,47,47,47,47,47,47,47,47,47,47,47,47,47,47,47,47,47,47,47,47,47,47,47,47,47,47,47,47,47,47,47,47,47,47,47,47,47,47,47,47,47,47,47,47,780,775,775,780,780,775,780,775,780,775,780,780,780,780,780,775,775,775,775,775,780,775,775,775,775,780,780,775,775,775,775,780,780,775,775,770,775,770,770,770,775,770,780,770,780,780,780,775,780,775,775,775,775,780,780,775,780,780,780,780,775,780,780,780
57.5,20,20,19,20,20,20,20,19,20,19,20,20,20,20,20,19,19,19,20,19,20,19,19,19,19,20,20,19,19,19,19,20,20,19,20,18,19,19,18,19,20,18,20,18,20,20,20,19,20,19,19,19,19,20,20,20,20,20,20,20,20,20,20,20,47,47,47,47,47,47,47,47,47,47,47,47,47,47,47,47,47,47,47,47,47,47,47,47,47,47,47,47,47,47,47,47,47,47,47,47,47,47,47,47,47,47,47,47,47,47,47,47,47,47,47,47,47,47,47,47,47,47,47,47,47,47,47,47,780,780,775,780,780,780,780,775,780,775,780,780,780,780,780,775,775,775,780,775,780,775,775,775,775,780,780,775,775,775,775,780,780,775,780,770,775,775,770,775,780,770,780,770,780,780,780,775,780,775,775,775,775,780,780,780,780,780,780,780,780,780,780,780
58,20,20,19,20,20,20,20,19,19,20,20,20,20,20,20,19,19,19,19,19,20,19,20,19,19,20,20,20,19,20,20,20,20,20,20,18,20,18,18,19,20,18,20,18,21,20,20,19,20,19,19,19,20,20,19,20,20,20,20,20,20,20,20,20,47,47,47,47,47,47,47,47,47,47,47,47,47,47,47,47,47,47,47,47,47,47,47,47,47,47,47,47,47,47,47,47,47,47,47,47,47,47,47,47,47,47,47,47,47,47,47,47,47,47,47,47,47,47,47,47,47,47,47,47,47,47,47,47,780,780,775,780,780,780,780,775,775,780,780,780,780,780,780,775,775,775,775,775,780,775,780,775,775,780,780,780,775,780,780,780,780,780,780,770,780,770,770,775,780,770,780,770,785,780,780,775,780,775,775,775,780,780,775,780,780,780,780,780,780,780,780,780
58.5,20,20,20,20,20,20,20,19,19,20,20,20,20,20,19,19,19,19,19,19,20,19,20,19,20,20,20,20,19,20,20,20,20,20,20,18,20,18,18,19,20,18,20,18,21,20,20,19,20,19,19,19,20,20,19,20,20,20,20,20,20,20,20,20,47,47,47,47,47,47,47,47,47,47,47,47,47,47,47,47,47,47,47,47,47,47,47,47,47,47,47,47,47,47,47,47,47,47,47,47,47,47,47,47,47,47,47,47,47,47,47,47,47,47,47,47,47,47,47,47,47,47,47,47,47,47,47,47,780,780,780,780,780,780,780,775,775,780,780,780,780,780,775,775,775,775,775,775,780,775,780,775,780,780,780,780,775,780,780,780,780,780,780,770,780,770,770,775,780,770,780,770,785,780,780,775,780,775,775,775,780,780,775,780,780,780,780,780,780,780,780,780
59,20,20,20,20,20,20,20,20,20,20,20,20,20,20,20,19,19,19,19,20,20,19,20,20,20,20,20,20,19,20,20,20,20,20,20,19,20,18,19,19,19,19,20,18,21,21,20,20,20,19,19,20,20,21,19,20,20,20,20,21,20,20,20,20,47,47,47,47,47,47,47,47,47,47,47,47,47,47,47,47,47,47,47,47,47,47,47,47,47,47,47,47,47,47,47,47,47,47,47,47,47,47,47,47,47,47,47,47,47,47,47,47,47,47,47,47,47,47,47,47,47,47,47,47,47,47,47,47,780,780,780,780,780,780,780,780,780,780,780,780,780,780,780,775,775,775,775,780,780,775,780,780,780,780,780,780,775,780,780,780,780,780,780,775,780,770,775,775,775,775,780,770,785,785,780,780,780,775,775,780,780,785,775,780,780,780,780,785,780,780,780,780
59.5,20,20,20,20,20,20,20,20,20,20,20,20,19,20,20,19,19,19,19,20,20,19,20,20,20,20,20,20,19,20,20,20,20,20,20,19,20,19,19,19,19,19,20,19,21,21,20,20,20,19,19,20,20,21,19,20,20,20,20,21,20,20,20,20,47,47,47,47,47,47,47,47,47,47,47,47,47,47,47,47,47,47,47,47,47,47,47,47,47,47,47,47,47,47,47,47,47,47,47,47,47,47,47,47,47,47,47,47,47,47,47,47,47,47,47,47,47,47,47,47,47,47,47,47,47,47,47,47,780,780,780,780,780,780,780,780,780,780,780,780,775,780,780,775,775,775,775,780,780,775,780,780,780,780,780,780,775,780,780,780,780,780,780,775,780,775,775,775,775,775,780,775,785,785,780,780,780,775,775,780,780,785,775,780,780,780,780,785,780,780,780,780
60,21,20,19,20,20,20,20,20,20,19,20,20,20,20,20,19,19,19,19,20,20,19,20,20,20,20,20,20,19,20,20,21,20,20,20,19,20,19,19,19,20,19,20,18,20,20,20,20,20,19,20,20,20,20,20,20,20,20,20,20,20,20,20,20,47,47,47,47,47,47,47,47,47,47,47,47,47,47,47,47,47,47,47,47,47,47,47,47,47,47,47,47,47,47,47,47,47,47,47,47,47,47,47,47,47,47,47,47,47,47,47,47,47,47,47,47,47,47,47,47,47,47,47,47,47,47,47,47,785,780,775,780,780,780,780,780,780,775,780,780,780,780,780,775,775,775,775,780,780,775,780,780,780,780,780,780,775,780,780,785,780,780,780,775,780,775,775,775,780,775,780,770,780,780,780,780,780,775,780,780,780,780,780,780,780,780,780,780,780,780,780,780
60.5,21,20,20,20,20,20,20,20,20,20,20,20,20,20,20,19,19,19,20,20,20,19,20,20,20,20,20,20,20,20,20,21,20,20,20,19,20,19,19,19,20,19,20,18,20,20,20,20,20,19,20,20,20,21,20,20,20,20,20,20,20,20,20,20,47,47,47,47,47,47,47,47,47,47,47,47,47,47,47,47,47,47,47,47,47,47,47,47,47,47,47,47,47,47,47,47,47,47,47,47,47,47,47,47,47,47,47,47,47,47,47,47,47,47,47,47,47,47,47,47,47,47,47,47,47,47,47,47,785,780,780,780,780,780,780,780,780,780,780,780,780,780,780,775,775,775,780,780,780,775,780,780,780,780,780,780,780,780,780,785,780,780,780,775,780,775,775,775,780,775,780,770,780,780,780,780,780,775,780,780,780,785,780,780,780,780,780,780,780,780,780,780
61,21,20,20,20,21,20,20,20,20,20,20,20,20,20,20,20,20,20,20,20,20,19,20,20,20,21,20,20,19,20,20,21,20,20,20,19,21,19,19,19,20,19,20,19,20,20,20,20,21,20,20,20,20,21,20,20,20,21,20,21,20,20,20,20,47,47,47,47,47,47,47,47,47,47,47,47,47,47,47,47,47,47,47,47,47,47,47,47,47,47,47,47,47,47,47,47,47,47,47,47,47,47,47,47,47,47,47,47,47,47,47,47,47,47,47,47,47,47,47,47,47,47,47,47,47,47,47,47,785,780,780,780,785,780,780,780,780,780,780,780,780,780,780,780,780,780,780,780,780,775,780,780,780,785,780,780,775,780,780,785,780,780,780,775,785,775,775,775,780,775,780,775,780,780,780,780,785,780,780,780,780,785,780,780,780,785,780,785,780,780,780,780
61.5,21,20,20,20,21,20,20,20,20,20,20,20,20,20,20,20,20,20,20,20,20,19,20,20,20,20,20,20,19,20,20,21,20,20,20,19,21,19,19,19,20,19,20,19,20,20,20,20,21,20,20,20,20,21,20,20,20,21,20,21,20,20,20,20,47,47,47,47,47,47,47,47,47,47,47,47,47,47,47,47,47,47,47,47,47,47,47,47,47,47,47,47,47,47,47,47,47,47,47,47,47,47,47,47,47,47,47,47,47,47,47,47,47,47,47,47,47,47,47,47,47,47,47,47,47,47,47,47,785,780,780,780,785,780,780,780,780,780,780,780,780,780,780,780,780,780,780,780,780,775,780,780,780,780,780,780,775,780,780,785,780,780,780,775,785,775,775,775,780,775,780,775,780,780,780,780,785,780,780,780,780,785,780,780,780,785,780,785,780,780,780,780
62,21,20,20,20,20,20,20,20,21,20,20,20,20,20,20,20,20,20,20,19,20,19,20,20,20,20,20,21,20,20,20,21,20,20,20,19,20,19,19,20,20,19,20,19,19,20,20,20,20,20,20,20,21,21,20,20,20,20,20,21,20,20,20,20,47,47,47,47,47,47,47,47,47,47,47,47,47,47,47,47,47,47,47,47,47,47,47,47,47,47,47,47,47,47,47,47,47,47,47,47,47,47,47,47,47,47,47,47,47,47,47,47,47,47,47,47,47,47,47,47,47,47,47,47,47,47,47,47,785,780,780,780,780,780,780,780,785,780,780,780,780,780,780,780,780,780,780,775,780,775,780,780,780,780,780,785,780,780,780,785,780,780,780,775,780,775,775,780,780,775,780,775,775,780,780,780,780,780,780,780,785,785,780,780,780,780,780,785,780,780,780,780
62.5,21,20,20,20,20,20,20,20,21,20,20,20,20,20,20,20,20,20,20,19,20,19,20,20,20,20,20,21,20,20,20,21,20,20,20,19,20,19,19,20,21,20,20,19,19,20,20,20,20,20,20,20,21,21,20,20,20,20,20,21,20,20,20,20,47,47,47,47,47,47,47,47,47,47,47,47,47,47,47,47,47,47,47,47,47,47,47,47,47,47,47,47,47,47,47,47,47,47,47,47,47,47,47,47,47,47,47,47,47,47,47,47,47,47,47,47,47,47,47,47,47,47,47,47,47,47,47,47,785,780,780,780,780,780,780,780,785,780,780,780,780,780,780,780,780,780,780,775,780,775,780,780,780,780,780,785,780,780,780,785,780,780,780,775,780,775,775,780,785,780,780,775,775,780,780,780,780,780,780,780,785,785,780,780,780,780,780,785,780,780,780,780
63,21,20,20,20,20,20,20,20,20,20,20,20,20,20,20,20,20,20,20,20,20,19,20,20,20,20,20,20,20,20,20,21,20,20,20,19,21,19,19,19,20,19,20,19,20,20,20,20,20,20,20,20,20,21,20,20,20,21,20,20,20,20,20,20,47,47,47,47,47,47,47,47,47,47,47,47,47,47,47,47,47,47,47,47,47,47,47,47,47,47,47,47,47,47,47,47,47,47,47,47,47,47,47,47,47,47,47,47,47,47,47,47,47,47,47,47,47,47,47,47,47,47,47,47,47,47,47,47,785,780,780,780,780,780,780,780,780,780,780,780,780,780,780,780,780,780,780,780,780,775,780,780,780,780,780,780,780,780,780,785,780,780,780,775,785,775,775,775,780,775,780,775,780,780,780,780,780,780,780,780,780,785,780,780,780,785,780,780,780,780,780,780
63.5,21,20,20,20,20,20,20,20,20,20,20,20,20,20,20,20,20,20,20,20,20,19,20,20,20,20,20,20,20,20,20,21,20,20,20,19,21,19,19,19,20,19,21,19,20,20,20,20,20,20,20,20,20,21,20,20,20,21,20,20,20,20,20,20,47,47,47,47,47,47,47,47,47,47,47,47,47,47,47,47,47,47,47,47,47,47,47,47,47,47,47,47,47,47,47,47,47,47,47,47,47,47,47,47,47,47,47,47,47,47,47,47,47,47,47,47,47,47,47,47,47,47,47,47,47,47,47,47,785,780,780,780,780,780,780,780,780,780,780,780,780,780,780,780,780,780,780,780,780,775,780,780,780,780,780,780,780,780,780,785,780,780,780,775,785,775,775,775,780,775,785,775,780,780,780,780,780,780,780,780,780,785,780,780,780,785,780,780,780,780,780,780
64,21,21,20,20,20,20,20,20,20,20,20,20,20,20,20,20,21,20,20,20,20,20,20,20,20,20,20,20,20,20,20,21,20,20,20,19,20,19,20,20,21,20,20,19,20,20,20,20,20,20,20,20,20,21,20,20,20,21,20,21,20,20,20,20,47,47,47,47,47,47,47,47,47,47,47,47,47,47,47,47,47,47,47,47,47,47,47,47,47,47,47,47,47,47,47,47,47,47,47,47,47,47,47,47,47,47,47,47,47,47,47,47,47,47,47,47,47,47,47,47,47,47,47,47,47,47,47,47,785,785,780,780,780,780,780,780,780,780,780,780,780,780,780,780,785,780,780,780,780,780,780,780,780,780,780,780,780,780,780,785,780,780,780,775,780,775,780,780,785,780,780,775,780,780,780,780,780,780,780,780,780,785,780,780,780,785,780,785,780,780,780,780
64.5,21,20,20,20,20,20,20,20,20,20,20,20,20,20,20,20,20,20,20,20,20,20,20,20,20,20,20,20,20,20,20,21,20,20,20,19,20,19,20,20,21,20,21,20,20,20,20,20,20,20,20,20,20,21,20,20,20,21,20,21,20,20,20,20,47,47,47,47,47,47,47,47,47,47,47,47,47,47,47,47,47,47,47,47,47,47,47,47,47,47,47,47,47,47,47,47,47,47,47,47,47,47,47,47,47,47,47,47,47,47,47,47,47,47,47,47,47,47,47,47,47,47,47,47,47,47,47,47,785,780,780,780,780,780,780,780,780,780,780,780,780,780,780,780,780,780,780,780,780,780,780,780,780,780,780,780,780,780,780,785,780,780,780,775,780,775,780,780,785,780,785,780,780,780,780,780,780,780,780,780,780,785,780,780,780,785,780,785,780,780,780,780
65,21,20,20,20,20,20,20,20,20,20,20,20,20,20,20,20,20,20,21,20,20,20,20,19,20,20,20,20,20,20,20,21,21,20,20,20,20,20,20,20,20,20,21,20,20,20,20,20,20,20,20,19,20,21,20,20,20,21,20,21,20,20,20,21,47,47,47,47,47,47,47,47,47,47,47,47,47,47,47,47,47,47,47,47,47,47,47,47,47,47,47,47,47,47,47,47,47,47,47,47,47,47,47,47,47,47,47,47,47,47,47,47,47,47,47,47,47,47,47,47,47,47,47,47,47,47,47,47,785,780,780,780,780,780,780,780,780,780,780,780,780,780,780,780,780,780,785,780,780,780,780,775,780,780,780,780,780,780,780,785,785,780,780,780,780,780,780,780,780,780,785,780,780,780,780,780,780,780,780,775,780,785,780,780,780,785,780,785,780,780,780,785
65.5,21,20,20,20,20,20,20,20,20,20,20,20,20,20,20,20,20,20,21,20,20,20,20,19,20,20,20,20,20,20,20,21,21,20,20,20,20,20,20,20,20,20,21,20,20,20,20,20,20,20,19,19,20,21,20,20,20,21,20,21,20,20,20,21,47,47,47,47,47,47,47,47,47,47,47,47,47,47,47,47,47,47,47,47,47,47,47,47,47,47,47,47,47,47,47,47,47,47,47,47,47,47,47,47,47,47,47,47,47,47,47,47,47,47,47,47,47,47,47,47,47,47,47,47,47,47,47,47,785,780,780,780,780,780,780,780,780,780,780,780,780,780,780,780,780,780,785,780,780,780,780,775,780,780,780,780,780,780,780,785,785,780,780,780,780,780,780,780,780,780,785,780,780,780,780,780,780,780,775,775,780,785,780,780,780,785,780,785,780,780,780,785
66,20,20,20,20,20,21,20,20,20,20,20,20,20,20,20,20,20,20,20,20,20,20,20,20,20,20,20,21,21,20,20,21,20,20,20,20,20,20,20,20,20,20,21,19,20,20,20,20,20,20,19,20,20,21,20,20,20,20,20,21,20,20,20,21,47,47,47,47,47,47,47,47,47,47,47,47,47,47,47,47,47,47,47,47,47,47,47,47,47,47,47,47,47,47,47,47,47,47,47,47,47,47,47,47,47,47,47,47,47,47,47,47,47,47,47,47,47,47,47,47,47,47,47,47,47,47,47,47,780,780,780,780,780,785,780,780,780,780,780,780,780,780,780,780,780,780,780,780,780,780,780,780,780,780,780,785,785,780,780,785,780,780,780,780,780,780,780,780,780,780,785,775,780,780,780,780,780,780,775,780,780,785,780,780,780,780,780,785,780,780,780,785
66.5,20,21,20,20,21,21,20,20,20,20,20,21,20,20,21,20,20,20,20,20,20,20,20,20,20,20,20,21,21,21,20,21,20,20,20,20,20,20,20,20,20,20,21,19,20,20,20,20,20,20,19,20,20,21,20,20,20,20,20,21,20,20,20,21,47,47,47,47,47,47,47,47,47,47,47,47,47,47,47,47,47,47,47,47,47,47,47,47,47,47,47,47,47,47,47,47,47,47,47,47,47,47,47,47,47,47,47,47,47,47,47,47,47,47,47,47,47,47,47,47,47,47,47,47,47,47,47,47,780,785,780,780,785,785,780,780,780,780,780,785,780,780,785,780,780,780,780,780,780,780,780,780,780,780,780,785,785,785,780,785,780,780,780,780,780,780,780,780,780,780,785,775,780,780,780,780,780,780,775,780,780,785,780,780,780,780,780,785,780,780,780,785
67,21,20,20,20,21,20,20,20,19,20,20,20,20,20,20,21,20,20,20,20,21,20,20,20,20,20,20,21,21,21,20,21,21,20,20,20,20,20,20,20,20,20,21,20,20,20,20,20,21,21,20,20,21,21,20,20,21,20,20,21,20,20,21,20,47,47,47,47,47,47,47,47,47,47,47,47,47,47,47,47,47,47,47,47,47,47,47,47,47,47,47,47,47,47,47,47,47,47,47,47,47,47,47,47,47,47,47,47,47,47,47,47,47,47,47,47,47,47,47,47,47,47,47,47,47,47,47,47,785,780,780,780,785,780,780,780,775,780,780,780,780,780,780,785,780,780,780,780,785,780,780,780,780,780,780,785,785,785,780,785,785,780,780,780,780,780,780,780,780,780,785,780,780,780,780,780,785,785,780,780,785,785,780,780,785,780,780,785,780,780,785,780
67.5,21,20,20,20,21,20,20,19,20,20,20,21,20,20,20,21,20,20,20,20,21,20,20,20,20,20,20,21,20,21,21,21,21,20,20,20,21,20,20,21,20,20,21,20,20,20,20,20,21,21,20,20,20,21,20,20,21,21,20,21,20,20,20,20,47,47,47,47,47,47,47,47,47,47,47,47,47,47,47,47,47,47,47,47,47,47,47,47,47,47,47,47,47,47,47,47,47,47,47,47,47,47,47,47,47,47,47,47,47,47,47,47,47,47,47,47,47,47,47,47,47,47,47,47,47,47,47,47,785,780,780,780,785,780,780,775,780,780,780,785,780,780,780,785,780,780,780,780,785,780,780,780,780,780,780,785,780,785,785,785,785,780,780,780,785,780,780,785,780,780,785,780,780,780,780,780,785,785,780,780,780,785,780,780,785,785,780,785,780,780,780,780
68,20,21,20,20,21,21,20,20,20,20,20,20,20,20,20,20,20,20,20,20,21,21,20,20,19,20,20,20,20,21,21,21,20,20,20,20,20,20,20,21,20,20,21,20,20,20,20,20,20,21,20,20,20,20,20,21,21,21,21,20,20,20,20,20,47,47,47,47,47,47,47,47,47,47,47,47,47,47,47,47,47,47,47,47,47,47,47,47,47,47,47,47,47,47,47,47,47,47,47,47,47,47,47,47,47,47,47,47,47,47,47,47,47,47,47,47,47,47,47,47,47,47,47,47,47,47,47,47,780,785,780,780,785,785,780,780,780,780,780,780,780,780,780,780,780,780,780,780,785,785,780,780,775,780,780,780,780,785,785,785,780,780,780,780,780,780,780,785,780,780,785,780,780,780,780,780,780,785,780,780,780,780,780,785,785,785,785,780,780,780,780,780
68.5,21,21,20,20,21,21,20,20,20,21,20,20,20,20,20,20,20,20,20,20,21,21,20,20,19,20,20,20,20,21,21,21,20,20,20,20,20,20,20,21,20,20,21,20,20,20,20,20,20,21,20,20,20,20,20,21,21,21,21,20,20,21,20,21,47,47,47,47,47,47,47,47,47,47,47,47,47,47,47,47,47,47,47,47,47,47,47,47,47,47,47,47,47,47,47,47,47,47,47,47,47,47,47,47,47,47,47,47,47,47,47,47,47,47,47,47,47,47,47,47,47,47,47,47,47,47,47,47,785,785,780,780,785,785,780,780,780,785,780,780,780,780,780,780,780,780,780,780,785,785,780,780,775,780,780,780,780,785,785,785,780,780,780,780,780,780,780,785,780,780,785,780,780,780,780,780,780,785,780,780,780,780,780,785,785,785,785,780,780,785,780,785
69,21,21,20,20,21,21,20,20,20,21,20,21,20,20,20,20,20,20,20,20,21,20,20,20,20,20,20,20,20,20,20,21,20,20,20,20,20,21,21,20,20,20,21,20,20,20,20,20,20,21,20,21,20,20,21,21,21,20,21,20,20,20,20,20,47,47,47,47,47,47,47,47,47,47,47,47,47,47,47,47,47,47,47,47,47,47,47,47,47,47,47,47,47,47,47,47,47,47,47,47,47,47,47,47,47,47,47,47,47,47,47,47,47,47,47,47,47,47,47,47,47,47,47,47,47,47,47,47,785,785,780,780,785,785,780,780,780,785,780,785,780,780,780,780,780,780,780,780,785,780,780,780,780,780,780,780,780,780,780,785,780,780,780,780,780,785,785,780,780,780,785,780,780,780,780,780,780,785,780,785,780,780,785,785,785,780,785,780,780,780,780,780
69.5,21,21,20,20,21,21,20,20,20,21,20,21,20,20,20,20,20,20,19,20,21,20,20,20,20,20,20,20,20,20,20,21,20,20,20,20,20,21,21,20,20,20,21,20,20,20,20,20,20,21,20,21,20,20,21,21,21,20,21,20,20,21,20,20,47,47,47,47,47,47,47,47,47,47,47,47,47,47,47,47,47,47,47,47,47,47,47,47,47,47,47,47,47,47,47,47,47,47,47,47,47,47,47,47,47,47,47,47,47,47,47,47,47,47,47,47,47,47,47,47,47,47,47,47,47,47,47,47,785,785,780,780,785,785,780,780,780,785,780,785,780,780,780,780,780,780,775,780,785,780,780,780,780,780,780,780,780,780,780,785,780,780,780,780,780,785,785,780,780,780,785,780,780,780,780,780,780,785,780,785,780,780,785,785,785,780,785,780,780,785,780,780
70,21,21,20,20,21,21,20,20,20,20,20,20,20,20,20,20,19,20,20,20,21,20,20,20,20,20,20,20,20,20,21,21,20,20,20,20,20,20,20,20,20,20,20,20,20,20,20,20,20,20,20,21,21,21,20,21,20,20,20,20,20,21,20,21,47,47,47,47,47,47,47,47,47,47,47,47,47,47,47,47,47,47,47,47,47,47,47,47,47,47,47,47,47,47,47,47,47,47,47,47,47,47,47,47,47,47,47,47,47,47,47,47,47,47,47,47,47,47,47,47,47,47,47,47,47,47,47,47,785,785,780,780,785,785,780,780,780,780,780,780,780,780,780,780,775,780,780,780,785,780,780,780,780,780,780,780,780,780,785,785,780,780,780,780,780,780,780,780,780,780,780,780,780,780,780,780,780,780,780,785,785,785,780,785,780,780,780,780,780,785,780,785
70.5,21,20,20,20,21,21,20,20,20,20,21,20,20,20,20,20,19,20,20,20,20,20,20,20,20,20,20,20,20,20,20,21,20,19,20,20,20,20,20,20,20,20,20,20,20,20,20,20,20,20,20,21,21,21,20,21,20,20,20,20,19,21,20,21,47,47,47,47,47,47,47,47,47,47,47,47,47,47,47,47,47,47,47,47,47,47,47,47,47,47,47,47,47,47,47,47,47,47,47,47,47,47,47,47,47,47,47,47,47,47,47,47,47,47,47,47,47,47,47,47,47,47,47,47,47,47,47,47,785,780,780,780,785,785,780,780,780,780,785,780,780,780,780,780,775,780,780,780,780,780,780,780,780,780,780,780,780,780,780,785,780,775,780,780,780,780,780,780,780,780,780,780,780,780,780,780,780,780,780,785,785,785,780,785,780,780,780,780,775,785,780,785
71,21,20,21,20,21,21,20,20,20,20,21,20,20,20,20,20,20,20,20,20,20,20,20,20,20,20,20,21,20,21,20,21,21,20,20,21,20,20,21,20,20,21,20,20,21,21,20,20,20,20,20,21,20,21,20,21,21,20,20,20,19,20,19,21,47,47,47,47,47,47,47,47,47,47,47,47,47,47,47,47,47,47,47,47,47,47,47,47,47,47,47,47,47,47,47,47,47,47,47,47,47,47,47,47,47,47,47,47,47,47,47,47,47,47,47,47,47,47,47,47,47,47,47,47,47,47,47,47,785,780,785,780,785,785,780,780,780,780,785,780,780,780,780,780,780,780,780,780,780,780,780,780,780,780,780,785,780,785,780,785,785,780,780,785,780,780,785,780,780,785,780,780,785,785,780,780,780,780,780,785,780,785,780,785,785,780,780,780,775,780,775,785
71.5,20,20,21,20,21,21,20,20,20,20,21,20,20,20,20,20,20,20,20,20,20,20,20,20,20,20,20,21,20,21,20,21,21,20,20,20,21,20,21,20,20,21,20,20,20,20,20,20,20,20,20,21,20,21,20,21,21,20,20,20,19,20,20,21,47,47,47,47,47,47,47,47,47,47,47,47,47,47,47,47,47,47,47,47,47,47,47,47,47,47,47,47,47,47,47,47,47,47,47,47,47,47,47,47,47,47,47,47,47,47,47,47,47,47,47,47,47,47,47,47,47,47,47,47,47,47,47,47,780,780,785,780,785,785,780,780,780,780,785,780,780,780,780,780,780,780,780,780,780,780,780,780,780,780,780,785,780,785,780,785,785,780,780,780,785,780,785,780,780,785,780,780,780,780,780,780,780,780,780,785,780,785,780,785,785,780,780,780,775,780,780,785
72,21,20,21,19,21,20,20,20,20,20,21,20,20,19,20,20,20,20,20,20,20,20,20,21,20,20,20,20,20,20,20,21,21,20,20,20,20,20,21,20,19,20,20,20,20,20,20,20,20,20,20,21,20,21,20,20,21,20,21,19,20,20,20,21,47,47,47,47,47,47,47,47,47,47,47,47,47,47,47,47,47,47,47,47,47,47,47,47,47,47,47,47,47,47,47,47,47,47,47,47,47,47,47,47,47,47,47,47,47,47,47,47,47,47,47,47,47,47,47,47,47,47,47,47,47,47,47,47,785,780,785,775,785,780,780,780,780,780,785,780,780,775,780,780,780,780,780,780,780,780,780,785,780,780,780,780,780,780,780,785,785,780,780,780,780,780,785,780,775,780,780,780,780,780,780,780,780,780,780,785,780,785,780,780,785,780,785,775,780,780,780,785
72.5,21,20,21,19,20,20,20,20,20,20,21,20,20,19,20,20,20,20,20,20,20,20,20,21,20,20,20,20,20,20,20,21,21,20,20,20,20,20,21,20,19,20,20,20,20,20,20,20,20,20,20,21,20,21,20,20,21,20,21,19,20,20,20,21,47,47,47,47,47,47,47,47,47,47,47,47,47,47,47,47,47,47,47,47,47,47,47,47,47,47,47,47,47,47,47,47,47,47,47,47,47,47,47,47,47,47,47,47,47,47,47,47,47,47,47,47,47,47,47,47,47,47,47,47,47,47,47,47,785,780,785,775,780,780,780,780,780,780,785,780,780,775,780,780,780,780,780,780,780,780,780,785,780,780,780,780,780,780,780,785,785,780,780,780,780,780,785,780,775,780,780,780,780,780,780,780,780,780,780,785,780,785,780,780,785,780,785,775,780,780,780,785
73,20,20,21,20,20,20,20,21,20,20,21,20,20,20,20,20,19,20,20,20,20,20,20,21,20,20,20,20,20,21,20,21,20,20,20,20,20,20,21,20,20,20,20,20,20,20,20,20,20,20,21,21,20,21,20,21,21,20,21,19,20,20,20,21,47,47,47,47,47,47,47,47,47,47,47,47,47,47,47,47,47,47,47,47,47,47,47,47,47,47,47,47,47,47,47,47,47,47,47,47,47,47,47,47,47,47,47,47,47,47,47,47,47,47,47,47,47,47,47,47,47,47,47,47,47,47,47,47,780,780,785,780,780,780,780,785,780,780,785,780,780,780,780,780,775,780,780,780,780,780,780,785,780,780,780,780,780,785,780,785,780,780,780,780,780,780,785,780,780,780,780,780,780,780,780,780,780,780,785,785,780,785,780,785,785,780,785,775,780,780,780,785
73.5,20,20,21,20,20,20,20,21,20,20,21,20,20,20,20,20,19,20,20,20,20,20,20,21,20,20,20,20,20,20,20,21,20,20,20,20,20,20,20,20,20,20,20,20,20,20,20,20,20,20,21,21,20,21,20,21,21,20,21,19,20,20,20,21,47,47,47,47,47,47,47,47,47,47,47,47,47,47,47,47,47,47,47,47,47,47,47,47,47,47,47,47,47,47,47,47,47,47,47,47,47,47,47,47,47,47,47,47,47,47,47,47,47,47,47,47,47,47,47,47,47,47,47,47,47,47,47,47,780,780,785,780,780,780,780,785,780,780,785,780,780,780,780,780,775,780,780,780,780,780,780,785,780,780,780,780,780,780,780,785,780,780,780,780,780,780,780,780,780,780,780,780,780,780,780,780,780,780,785,785,780,785,780,785,785,780,785,775,780,780,780,785
74,20,19,21,20,20,20,20,20,20,20,21,20,20,20,20,20,20,20,20,20,20,20,20,20,20,20,20,20,20,21,20,21,20,20,20,20,20,20,21,20,20,20,20,20,20,19,20,20,20,20,21,21,20,21,20,21,21,20,21,20,20,20,20,21,47,47,47,47,47,47,47,47,47,47,47,47,47,47,47,47,47,47,47,47,47,47,47,47,47,47,47,47,47,47,47,47,47,47,47,47,47,47,47,47,47,47,47,47,47,47,47,47,47,47,47,47,47,47,47,47,47,47,47,47,47,47,47,47,780,775,785,780,780,780,780,780,780,780,785,780,780,780,780,780,780,780,780,780,780,780,780,780,780,780,780,780,780,785,780,785,780,780,780,780,780,780,785,780,780,780,780,780,780,775,780,780,780,780,785,785,780,785,780,785,785,780,785,780,780,780,780,785
74.5,20,19,21,20,20,21,20,20,20,20,21,20,20,20,20,20,20,20,20,20,20,20,20,20,20,20,20,20,20,20,20,21,20,19,20,19,20,20,21,20,20,20,20,20,20,19,21,20,20,20,21,21,20,21,20,21,21,20,21,20,20,20,20,20,47,47,47,47,47,47,47,47,47,47,47,47,47,47,47,47,47,47,47,47,47,47,47,47,47,47,47,47,47,47,47,47,47,47,47,47,47,47,47,47,47,47,47,47,47,47,47,47,47,47,47,47,47,47,47,47,47,47,47,47,47,47,47,47,780,775,785,780,780,785,780,780,780,780,785,780,780,780,780,780,780,780,780,780,780,780,780,780,780,780,780,780,780,780,780,785,780,775,780,775,780,780,785,780,780,780,780,780,780,775,785,780,780,780,785,785,780,785,780,785,785,780,785,780,780,780,780,780
75,20,19,20,20,20,21,21,20,20,20,21,20,21,20,20,21,20,20,20,20,21,20,20,20,20,20,20,20,21,21,20,20,21,20,20,20,20,20,20,20,20,20,20,19,19,20,21,20,20,20,20,20,20,21,20,21,21,20,20,19,19,20,20,20,47,47,47,47,47,47,47,47,47,47,47,47,47,47,47,47,47,47,47,47,47,47,47,47,47,47,47,47,47,47,47,47,47,47,47,47,47,47,47,47,47,47,47,47,47,47,47,47,47,47,47,47,47,47,47,47,47,47,47,47,47,47,47,47,780,775,780,780,780,785,785,780,780,780,785,780,785,780,780,785,780,780,780,780,785,780,780,780,780,780,780,780,785,785,780,780,785,780,780,780,780,780,780,780,780,780,780,775,775,780,785,780,780,780,780,780,780,785,780,785,785,780,780,775,775,780,780,780
75.5,19,19,20,20,20,21,21,20,20,20,21,20,21,20,20,21,20,20,20,20,21,20,20,21,20,20,20,20,21,20,20,20,21,19,20,20,20,20,20,20,20,20,20,19,20,20,21,20,20,20,20,20,20,21,20,21,21,20,20,19,19,20,20,20,47,47,47,47,47,47,47,47,47,47,47,47,47,47,47,47,47,47,47,47,47,47,47,47,47,47,47,47,47,47,47,47,47,47,47,47,47,47,47,47,47,47,47,47,47,47,47,47,47,47,47,47,47,47,47,47,47,47,47,47,47,47,47,47,775,775,780,780,780,785,785,780,780,780,785,780,785,780,780,785,780,780,780,780,785,780,780,785,780,780,780,780,785,780,780,780,785,775,780,780,780,780,780,780,780,780,780,775,780,780,785,780,780,780,780,780,780,785,780,785,785,780,780,775,775,780,780,780
76,20,20,21,20,20,21,21,20,20,20,21,20,20,20,21,21,20,20,20,20,20,20,20,21,20,20,21,20,21,20,20,20,21,20,20,20,20,20,21,20,20,20,20,20,20,20,20,20,20,20,21,21,20,21,19,21,21,20,20,20,20,20,20,20,47,47,47,47,47,47,47,47,47,47,47,47,47,47,47,47,47,47,47,47,47,47,47,47,47,47,47,47,47,47,47,47,47,47,47,47,47,47,47,47,47,47,47,47,47,47,47,47,47,47,47,47,47,47,47,47,47,47,47,47,47,47,47,47,780,780,785,780,780,785,785,780,780,780,785,780,780,780,785,785,780,780,780,780,780,780,780,785,780,780,785,780,785,780,780,780,785,780,780,780,780,780,785,780,780,780,780,780,780,780,780,780,780,780,785,785,780,785,775,785,785,780,780,780,780,780,780,780
76.5,20,20,21,20,20,21,21,20,20,20,21,20,20,20,21,21,20,20,20,20,20,20,20,21,20,20,21,20,21,20,20,20,21,20,20,20,20,20,21,21,20,20,20,20,20,20,20,20,20,20,21,21,20,21,19,21,21,20,20,20,20,20,20,20,47,47,47,47,47,47,47,47,47,47,47,47,47,47,47,47,47,47,47,47,47,47,47,47,47,47,47,47,47,47,47,47,47,47,47,47,47,47,47,47,47,47,47,47,47,47,47,47,47,47,47,47,47,47,47,47,47,47,47,47,47,47,47,47,780,780,785,780,780,785,785,780,780,780,785,780,780,780,785,785,780,780,780,780,780,780,780,785,780,780,785,780,785,780,780,780,785,780,780,780,780,780,785,785,780,780,780,780,780,780,780,780,780,780,785,785,780,785,775,785,785,780,780,780,780,780,780,780
77,19,20,21,20,20,21,20,20,20,20,21,20,20,20,21,21,20,20,20,20,20,21,19,20,20,19,21,20,20,20,20,20,21,20,20,20,20,20,21,20,20,20,20,20,20,20,21,20,20,20,21,21,20,21,20,20,21,20,21,20,20,20,20,20,47,47,47,47,47,47,47,47,47,47,47,47,47,47,47,47,47,47,47,47,47,47,47,47,47,47,47,47,47,47,47,47,47,47,47,47,47,47,47,47,47,47,47,47,47,47,47,47,47,47,47,47,47,47,47,47,47,47,47,47,47,47,47,47,775,780,785,780,780,785,780,780,780,780,785,780,780,780,785,785,780,780,780,780,780,785,775,780,780,775,785,780,780,780,780,780,785,780,780,780,780,780,785,780,780,780,780,780,780,780,785,780,780,780,785,785,780,785,780,780,785,780,785,780,780,780,780,780
77.5,19,20,21,20,20,21,20,20,20,20,21,20,20,20,21,21,20,20,20,20,20,21,19,21,21,20,21,20,20,20,20,21,21,20,20,21,20,20,21,20,20,21,20,20,20,20,21,20,20,20,21,21,20,20,20,20,21,20,21,20,20,20,20,21,47,47,47,47,47,47,47,47,47,47,47,47,47,47,47,47,47,47,47,47,47,47,47,47,47,47,47,47,47,47,47,47,47,47,47,47,47,47,47,47,47,47,47,47,47,47,47,47,47,47,47,47,47,47,47,47,47,47,47,47,47,47,47,47,775,780,785,780,780,785,780,780,780,780,785,780,780,780,785,785,780,780,780,780,780,785,775,785,785,780,785,780,780,780,780,785,785,780,780,785,780,780,785,780,780,785,780,780,780,780,785,780,780,780,785,785,780,780,780,780,785,780,785,780,780,780,780,785
78,20,20,20,21,20,21,21,20,20,20,20,20,20,20,21,21,20,20,20,20,20,20,20,21,21,20,21,20,20,20,20,21,21,20,20,20,20,21,20,20,20,20,20,20,21,20,20,20,20,20,21,20,20,20,20,20,21,20,21,20,20,20,20,21,47,47,47,47,47,47,47,47,47,47,47,47,47,47,47,47,47,47,47,47,47,47,47,47,47,47,47,47,47,47,47,47,47,47,47,47,47,47,47,47,47,47,47,47,47,47,47,47,47,47,47,47,47,47,47,47,47,47,47,47,47,47,47,47,780,780,780,785,780,785,785,780,780,780,780,780,780,780,785,785,780,780,780,780,780,780,780,785,785,780,785,780,780,780,780,785,785,780,780,780,780,785,780,780,780,780,780,780,785,780,780,780,780,780,785,780,780,780,780,780,785,780,785,780,780,780,780,785
78.5,20,21,20,21,20,21,21,20,21,20,20,20,20,20,21,21,21,20,20,20,20,20,20,21,21,20,21,20,20,21,20,21,21,21,20,20,20,21,20,20,20,20,20,20,21,20,20,20,20,20,21,20,20,20,20,20,21,20,21,20,20,20,20,21,47,47,47,47,47,47,47,47,47,47,47,47,47,47,47,47,47,47,47,47,47,47,47,47,47,47,47,47,47,47,47,47,47,47,47,47,47,47,47,47,47,47,47,47,47,47,47,47,47,47,47,47,47,47,47,47,47,47,47,47,47,47,47,47,780,785,780,785,780,785,785,780,785,780,780,780,780,780,785,785,785,780,780,780,780,780,780,785,785,780,785,780,780,785,780,785,785,785,780,780,780,785,780,780,780,780,780,780,785,780,780,780,780,780,785,780,780,780,780,780,785,780,785,780,780,780,780,785
79,20,21,20,21,20,21,20,20,21,20,20,20,20,20,21,21,21,20,21,20,20,20,20,20,21,20,21,20,21,21,20,20,21,20,20,20,20,21,20,20,20,21,20,20,21,21,20,20,20,19,21,21,20,20,20,20,20,20,21,20,20,20,20,21,47,47,47,47,47,47,47,47,47,47,47,47,47,47,47,47,47,47,47,47,47,47,47,47,47,47,47,47,47,47,47,47,47,47,47,47,47,47,47,47,47,47,47,47,47,47,47,47,47,47,47,47,47,47,47,47,47,47,47,47,47,47,47,47,780,785,780,785,780,785,780,780,785,780,780,780,780,780,785,785,785,780,785,780,780,780,780,780,785,780,785,780,785,785,780,780,785,780,780,780,780,785,780,780,780,785,780,780,785,785,780,780,780,775,785,785,780,780,780,780,780,780,785,780,780,780,780,785
79.5,20,21,20,21,20,21,20,20,21,20,20,20,20,20,21,21,21,20,21,20,20,20,20,20,21,20,21,20,20,21,20,20,21,20,20,21,20,21,20,20,20,21,21,20,21,21,20,20,20,20,21,21,20,20,20,21,20,20,21,20,20,20,20,21,47,47,47,47,47,47,47,47,47,47,47,47,47,47,47,47,47,47,47,47,47,47,47,47,47,47,47,47,47,47,47,47,47,47,47,47,47,47,47,47,47,47,47,47,47,47,47,47,47,47,47,47,47,47,47,47,47,47,47,47,47,47,47,47,780,785,780,785,780,785,780,780,785,780,780,780,780,780,785,785,785,780,785,780,780,780,780,780,785,780,785,780,780,785,780,780,785,780,780,785,780,785,780,780,780,785,785,780,785,785,780,780,780,780,785,785,780,780,780,785,780,780,785,780,780,780,780,785
80,20,21,20,21,20,21,20,20,21,20,20,20,20,20,21,21,21,21,20,20,20,20,20,21,21,20,21,20,20,21,21,20,21,21,20,21,20,21,20,20,20,20,21,20,20,21,20,20,20,20,21,20,20,20,20,21,21,20,21,20,20,20,20,21,47,47,47,47,47,47,47,47,47,47,47,47,47,47,47,47,47,47,47,47,47,47,47,47,47,47,47,47,47,47,47,47,47,47,47,47,47,47,47,47,47,47,47,47,47,47,47,47,47,47,47,47,47,47,47,47,47,47,47,47,47,47,47,47,780,785,780,785,780,785,780,780,785,780,780,780,780,780,785,785,785,785,780,780,780,780,780,785,785,780,785,780,780,785,785,780,785,785,780,785,780,785,780,780,780,780,785,780,780,785,780,780,780,780,785,780,780,780,780,785,785,780,785,780,780,780,780,785
80.5,20,21,20,21,20,21,20,20,21,20,20,20,21,20,21,21,21,21,20,20,20,20,20,20,21,20,21,20,20,21,20,20,21,21,20,21,20,21,20,20,20,20,20,20,20,21,20,21,20,20,21,20,21,20,20,21,21,20,21,20,20,20,20,21,47,47,47,47,47,47,47,47,47,47,47,47,47,47,47,47,47,47,47,47,47,47,47,47,47,47,47,47,47,47,47,47,47,47,47,47,47,47,47,47,47,47,47,47,47,47,47,47,47,47,47,47,47,47,47,47,47,47,47,47,47,47,47,47,780,785,780,785,780,785,780,780,785,780,780,780,785,780,785,785,785,785,780,780,780,780,780,780,785,780,785,780,780,785,780,780,785,785,780,785,780,785,780,780,780,780,780,780,780,785,780,785,780,780,785,780,785,780,780,785,785,780,785,780,780,780,780,785
81,20,21,20,21,19,21,20,20,21,21,20,19,21,20,21,21,21,21,21,20,20,20,20,20,20,20,21,20,20,21,20,21,21,20,20,21,20,21,21,20,20,21,20,20,21,21,20,20,20,20,20,20,21,21,20,21,21,20,21,19,20,20,20,21,47,47,47,47,47,47,47,47,47,47,47,47,47,47,47,47,47,47,47,47,47,47,47,47,47,47,47,47,47,47,47,47,47,47,47,47,47,47,47,47,47,47,47,47,47,47,47,47,47,47,47,47,47,47,47,47,47,47,47,47,47,47,47,47,780,785,780,785,775,785,780,780,785,785,780,775,785,780,785,785,785,785,785,780,780,780,780,780,780,780,785,780,780,785,780,785,785,780,780,785,780,785,785,780,780,785,780,780,785,785,780,780,780,780,780,780,785,785,780,785,785,780,785,775,780,780,780,785
81.5,20,21,20,21,19,21,20,20,21,21,20,19,21,20,21,21,20,21,20,20,20,20,20,20,20,20,21,20,20,20,20,21,21,20,20,21,20,21,21,20,20,20,20,20,21,20,20,21,20,20,20,20,21,21,20,21,21,20,21,20,20,20,20,21,47,47,47,47,47,47,47,47,47,47,47,47,47,47,47,47,47,47,47,47,47,47,47,47,47,47,47,47,47,47,47,47,47,47,47,47,47,47,47,47,47,47,47,47,47,47,47,47,47,47,47,47,47,47,47,47,47,47,47,47,47,47,47,47,780,785,780,785,775,785,780,780,785,785,780,775,785,780,785,785,780,785,780,780,780,780,780,780,780,780,785,780,780,780,780,785,785,780,780,785,780,785,785,780,780,780,780,780,785,780,780,785,780,780,780,780,785,785,780,785,785,780,785,780,780,780,780,785
82,20,20,20,21,20,21,20,21,22,21,20,20,20,20,21,20,20,21,21,20,20,19,20,20,20,21,21,20,20,20,20,21,21,20,20,21,20,21,21,20,20,20,20,20,21,20,20,21,20,20,20,20,20,20,20,21,21,20,21,20,20,20,20,21,47,47,47,47,47,47,47,47,47,47,47,47,47,47,47,47,47,47,47,47,47,47,47,47,47,47,47,47,47,47,47,47,47,47,47,47,47,47,47,47,47,47,47,47,47,47,47,47,47,47,47,47,47,47,47,47,47,47,47,47,47,47,47,47,780,780,780,785,780,785,780,785,790,785,780,780,780,780,785,780,780,785,785,780,780,775,780,780,780,785,785,780,780,780,780,785,785,780,780,785,780,785,785,780,780,780,780,780,785,780,780,785,780,780,780,780,780,780,780,785,785,780,785,780,780,780,780,785
82.5,20,20,20,21,20,21,20,21,22,21,20,20,20,20,21,20,20,21,21,20,19,20,20,20,20,21,21,20,20,20,20,21,21,20,20,21,20,21,21,20,20,20,19,20,21,20,20,21,20,20,20,20,20,20,20,21,21,20,21,20,20,20,20,21,47,47,47,47,47,47,47,47,47,47,47,47,47,47,47,47,47,47,47,47,47,47,47,47,47,47,47,47,47,47,47,47,47,47,47,47,47,47,47,47,47,47,47,47,47,47,47,47,47,47,47,47,47,47,47,47,47,47,47,47,47,47,47,47,780,780,780,785,780,785,780,785,790,785,780,780,780,780,785,780,780,785,785,780,775,780,780,780,780,785,785,780,780,780,780,785,785,780,780,785,780,785,785,780,780,780,775,780,785,780,780,785,780,780,780,780,780,780,780,785,785,780,785,780,780,780,780,785
83,20,20,21,21,20,20,21,21,21,21,21,20,20,20,21,21,20,21,20,21,20,20,20,20,20,21,21,21,20,20,20,21,21,20,21,21,20,21,21,20,20,21,20,21,20,21,19,21,20,20,20,21,21,20,20,21,21,20,21,20,20,20,20,20,47,47,47,47,47,47,47,47,47,47,47,47,47,47,47,47,47,47,47,47,47,47,47,47,47,47,47,47,47,47,47,47,47,47,47,47,47,47,47,47,47,47,47,47,47,47,47,47,47,47,47,47,47,47,47,47,47,47,47,47,47,47,47,47,780,780,785,785,780,780,785,785,785,785,785,780,780,780,785,785,780,785,780,785,780,780,780,780,780,785,785,785,780,780,780,785,785,780,785,785,780,785,785,780,780,785,780,785,780,785,775,785,780,780,780,785,785,780,780,785,785,780,785,780,780,780,780,780
83.5,20,20,21,21,20,21,21,21,21,21,21,20,20,20,21,21,20,21,20,21,20,20,20,20,20,21,20,21,20,20,20,20,21,19,21,21,20,21,21,20,20,20,20,21,20,20,20,21,20,20,20,21,20,20,20,21,21,20,21,20,20,20,20,20,47,47,47,47,47,47,47,47,47,47,47,47,47,47,47,47,47,47,47,47,47,47,47,47,47,47,47,47,47,47,47,47,47,47,47,47,47,47,47,47,47,47,47,47,47,47,47,47,47,47,47,47,47,47,47,47,47,47,47,47,47,47,47,47,780,780,785,785,780,785,785,785,785,785,785,780,780,780,785,785,780,785,780,785,780,780,780,780,780,785,780,785,780,780,780,780,785,775,785,785,780,785,785,780,780,780,780,785,780,780,780,785,780,780,780,785,780,780,780,785,785,780,785,780,780,780,780,780
84,20,20,21,21,19,21,20,21,21,21,21,20,20,20,20,20,20,21,20,21,20,20,21,20,19,21,20,21,20,20,20,20,21,20,21,21,20,21,21,20,19,20,20,20,20,20,20,21,20,20,20,21,20,21,20,21,21,20,21,20,20,19,20,20,47,47,47,47,47,47,47,47,47,47,47,47,47,47,47,47,47,47,47,47,47,47,47,47,47,47,47,47,47,47,47,47,47,47,47,47,47,47,47,47,47,47,47,47,47,47,47,47,47,47,47,47,47,47,47,47,47,47,47,47,47,47,47,47,780,780,785,785,775,785,780,785,785,785,785,780,780,780,780,780,780,785,780,785,780,780,785,780,775,785,780,785,780,780,780,780,785,780,785,785,780,785,785,780,775,780,780,780,780,780,780,785,780,780,780,785,780,785,780,785,785,780,785,780,780,775,780,780
84.5,20,20,21,20,19,21,20,21,21,20,21,20,20,20,20,20,20,21,20,21,20,21,21,19,19,21,20,21,20,20,20,20,20,20,21,21,20,21,21,20,19,20,20,20,20,20,20,21,20,20,20,21,20,21,20,21,21,20,21,19,20,19,20,20,47,47,47,47,47,47,47,47,47,47,47,47,47,47,47,47,47,47,47,47,47,47,47,47,47,47,47,47,47,47,47,47,47,47,47,47,47,47,47,47,47,47,47,47,47,47,47,47,47,47,47,47,47,47,47,47,47,47,47,47,47,47,47,47,780,780,785,780,775,785,780,785,785,780,785,780,780,780,780,780,780,785,780,785,780,785,785,775,775,785,780,785,780,780,780,780,780,780,785,785,780,785,785,780,775,780,780,780,780,780,780,785,780,780,780,785,780,785,780,785,785,780,785,775,780,775,780,780
85,20,20,20,20,20,21,20,21,21,20,21,21,21,20,20,20,20,21,20,21,20,21,20,20,20,21,20,21,20,20,20,20,21,20,21,20,20,21,20,21,20,20,20,20,20,20,20,21,20,20,20,21,20,21,20,21,21,20,20,20,20,19,20,20,47,47,47,47,47,47,47,47,47,47,47,47,47,47,47,47,47,47,47,47,47,47,47,47,47,47,47,47,47,47,47,47,47,47,47,47,47,47,47,47,47,47,47,47,47,47,47,47,47,47,47,47,47,47,47,47,47,47,47,47,47,47,47,47,780,780,780,780,780,785,780,785,785,780,785,785,785,780,780,780,780,785,780,785,780,785,780,780,780,785,780,785,780,780,780,780,785,780,785,780,780,785,780,785,780,780,780,780,780,780,780,785,780,780,780,785,780,785,780,785,785,780,780,780,780,775,780,780
85.5,20,20,20,20,20,21,20,21,21,20,21,21,21,20,20,20,20,20,20,21,20,21,20,20,20,21,20,21,20,20,20,20,21,20,21,20,20,21,21,21,20,20,20,20,20,20,20,20,20,20,20,21,20,21,20,21,21,20,20,20,20,19,20,20,47,47,47,47,47,47,47,47,47,47,47,47,47,47,47,47,47,47,47,47,47,47,47,47,47,47,47,47,47,47,47,47,47,47,47,47,47,47,47,47,47,47,47,47,47,47,47,47,47,47,47,47,47,47,47,47,47,47,47,47,47,47,47,47,780,780,780,780,780,785,780,785,785,780,785,785,785,780,780,780,780,780,780,785,780,785,780,780,780,785,780,785,780,780,780,780,785,780,785,780,780,785,785,785,780,780,780,780,780,780,780,780,780,780,780,785,780,785,780,785,785,780,780,780,780,775,780,780
86,20,20,20,20,20,21,20,21,20,20,20,20,20,20,21,20,20,21,20,21,20,21,20,20,20,21,20,21,20,20,20,20,20,20,21,21,20,21,21,21,20,21,20,20,20,20,20,20,20,20,20,21,20,21,20,21,20,20,21,20,20,20,19,20,47,47,47,47,47,47,47,47,47,47,47,47,47,47,47,47,47,47,47,47,47,47,47,47,47,47,47,47,47,47,47,47,47,47,47,47,47,47,47,47,47,47,47,47,47,47,47,47,47,47,47,47,47,47,47,47,47,47,47,47,47,47,47,47,780,780,780,780,780,785,780,785,780,780,780,780,780,780,785,780,780,785,780,785,780,785,780,780,780,785,780,785,780,780,780,780,780,780,785,785,780,785,785,785,780,785,780,780,780,780,780,780,780,780,780,785,780,785,780,785,780,780,785,780,780,780,775,780
86.5,20,20,20,20,20,21,19,21,20,20,20,20,20,20,21,20,20,21,20,21,20,21,20,20,20,21,20,21,20,20,20,21,20,20,21,21,20,21,21,21,20,21,20,20,20,20,20,20,20,20,20,20,20,21,20,21,20,20,21,20,20,20,19,20,47,47,47,47,47,47,47,47,47,47,47,47,47,47,47,47,47,47,47,47,47,47,47,47,47,47,47,47,47,47,47,47,47,47,47,47,47,47,47,47,47,47,47,47,47,47,47,47,47,47,47,47,47,47,47,47,47,47,47,47,47,47,47,47,780,780,780,780,780,785,775,785,780,780,780,780,780,780,785,780,780,785,780,785,780,785,780,780,780,785,780,785,780,780,780,785,780,780,785,785,780,785,785,785,780,785,780,780,780,780,780,780,780,780,780,780,780,785,780,785,780,780,785,780,780,780,775,780
87,20,20,20,20,20,20,20,21,20,20,20,20,20,20,21,20,20,20,19,20,20,20,20,20,20,21,20,21,20,20,20,21,20,20,21,21,21,21,21,21,20,20,21,20,20,20,20,20,20,20,20,21,21,21,20,21,20,20,21,20,20,20,20,20,47,47,47,47,47,47,47,47,47,47,47,47,47,47,47,47,47,47,47,47,47,47,47,47,47,47,47,47,47,47,47,47,47,47,47,47,47,47,47,47,47,47,47,47,47,47,47,47,47,47,47,47,47,47,47,47,47,47,47,47,47,47,47,47,780,780,780,780,780,780,780,785,780,780,780,780,780,780,785,780,780,780,775,780,780,780,780,780,780,785,780,785,780,780,780,785,780,780,785,785,785,785,785,785,780,780,785,780,780,780,780,780,780,780,780,785,785,785,780,785,780,780,785,780,780,780,780,780
87.5,20,20,20,20,20,20,20,21,20,20,20,20,20,20,21,20,20,20,20,20,20,21,20,20,20,21,20,21,20,20,20,21,20,20,21,21,21,21,21,21,20,20,21,20,20,20,20,20,20,20,20,21,20,21,20,20,20,20,21,20,20,21,20,20,47,47,47,47,47,47,47,47,47,47,47,47,47,47,47,47,47,47,47,47,47,47,47,47,47,47,47,47,47,47,47,47,47,47,47,47,47,47,47,47,47,47,47,47,47,47,47,47,47,47,47,47,47,47,47,47,47,47,47,47,47,47,47,47,780,780,780,780,780,780,780,785,780,780,780,780,780,780,785,780,780,780,780,780,780,785,780,780,780,785,780,785,780,780,780,785,780,780,785,785,785,785,785,785,780,780,785,780,780,780,780,780,780,780,780,785,780,785,780,780,780,780,785,780,780,785,780,780
88,20,20,19,20,20,20,20,21,20,20,20,20,20,20,21,20,20,20,20,21,20,21,20,20,20,20,21,21,20,20,20,21,21,20,21,21,20,21,21,22,20,20,20,20,21,20,20,20,20,20,20,20,20,21,20,21,20,20,21,20,20,20,20,20,47,47,47,47,47,47,47,47,47,47,47,47,47,47,47,47,47,47,47,47,47,47,47,47,47,47,47,47,47,47,47,47,47,47,47,47,47,47,47,47,47,47,47,47,47,47,47,47,47,47,47,47,47,47,47,47,47,47,47,47,47,47,47,47,780,780,775,780,780,780,780,785,780,780,780,780,780,780,785,780,780,780,780,785,780,785,780,780,780,780,785,785,780,780,780,785,785,780,785,785,780,785,785,790,780,780,780,780,785,780,780,780,780,780,780,780,780,785,780,785,780,780,785,780,780,780,780,780
88.5,20,20,19,20,20,20,20,21,20,20,20,20,20,20,21,20,20,20,20,21,20,21,20,20,20,20,21,21,20,20,20,21,21,20,21,21,20,21,20,22,20,20,20,20,21,20,20,20,20,20,20,21,20,21,20,21,20,20,21,20,20,20,20,20,47,47,47,47,47,47,47,47,47,47,47,47,47,47,47,47,47,47,47,47,47,47,47,47,47,47,47,47,47,47,47,47,47,47,47,47,47,47,47,47,47,47,47,47,47,47,47,47,47,47,47,47,47,47,47,47,47,47,47,47,47,47,47,47,780,780,775,780,780,780,780,785,780,780,780,780,780,780,785,780,780,780,780,785,780,785,780,780,780,780,785,785,780,780,780,785,785,780,785,785,780,785,780,790,780,780,780,780,785,780,780,780,780,780,780,785,780,785,780,785,780,780,785,780,780,780,780,780
89,20,20,20,20,20,20,20,21,20,21,20,20,21,20,21,20,20,20,20,21,20,21,20,20,20,20,21,21,20,20,20,21,21,20,21,21,20,20,21,21,20,20,20,20,21,21,20,21,20,20,19,21,20,21,20,21,20,20,21,19,20,21,20,20,47,47,47,47,47,47,47,47,47,47,47,47,47,47,47,47,47,47,47,47,47,47,47,47,47,47,47,47,47,47,47,47,47,47,47,47,47,47,47,47,47,47,47,47,47,47,47,47,47,47,47,47,47,47,47,47,47,47,47,47,47,47,47,47,780,780,780,780,780,780,780,785,780,785,780,780,785,780,785,780,780,780,780,785,780,785,780,780,780,780,785,785,780,780,780,785,785,780,785,785,780,780,785,785,780,780,780,780,785,785,780,785,780,780,775,785,780,785,780,785,780,780,785,775,780,785,780,780
89.5,20,20,20,20,20,20,20,21,20,21,20,20,20,20,21,20,20,20,20,21,20,21,20,20,20,20,21,21,20,20,20,21,21,20,21,21,20,20,21,21,20,20,20,20,21,21,21,21,20,20,19,21,20,21,20,21,20,19,21,19,20,21,20,20,47,47,47,47,47,47,47,47,47,47,47,47,47,47,47,47,47,47,47,47,47,47,47,47,47,47,47,47,47,47,47,47,47,47,47,47,47,47,47,47,47,47,47,47,47,47,47,47,47,47,47,47,47,47,47,47,47,47,47,47,47,47,47,47,780,780,780,780,780,780,780,785,780,785,780,780,780,780,785,780,780,780,780,785,780,785,780,780,780,780,785,785,780,780,780,785,785,780,785,785,780,780,785,785,780,780,780,780,785,785,785,785,780,780,775,785,780,785,780,785,780,775,785,775,780,785,780,780
90,21,20,20,20,19,21,20,21,20,20,19,19,20,20,20,20,20,19,20,20,20,21,20,20,20,20,20,21,20,20,20,21,21,20,21,21,20,21,21,21,20,20,20,20,20,20,21,20,20,20,20,21,20,20,20,21,20,20,20,20,20,20,20,20,47,47,47,47,47,47,47,47,47,47,47,47,47,47,47,47,47,47,47,47,47,47,47,47,47,47,47,47,47,47,47,47,47,47,47,47,47,47,47,47,47,47,47,47,47,47,47,47,47,47,47,47,47,47,47,47,47,47,47,47,47,47,47,47,785,780,780,780,775,785,780,785,780,780,775,775,780,780,780,780,780,775,780,780,780,785,780,780,780,780,780,785,780,780,780,785,785,780,785,785,780,785,785,785,780,780,780,780,780,780,785,780,780,780,780,785,780,780,780,785,780,780,780,780,780,780,780,780
90.5,21,20,20,20,19,21,20,21,20,20,19,19,20,20,21,20,20,19,20,20,20,21,20,20,20,20,20,21,20,20,20,21,21,20,21,21,20,20,20,21,20,20,20,20,20,20,21,20,20,20,20,21,20,21,20,21,20,20,20,20,20,20,20,20,47,47,47,47,47,47,47,47,47,47,47,47,47,47,47,47,47,47,47,47,47,47,47,47,47,47,47,47,47,47,47,47,47,47,47,47,47,47,47,47,47,47,47,47,47,47,47,47,47,47,47,47,47,47,47,47,47,47,47,47,47,47,47,47,785,780,780,780,775,785,780,785,780,780,775,775,780,780,785,780,780,775,780,780,780,785,780,780,780,780,780,785,780,780,780,785,785,780,785,785,780,780,780,785,780,780,780,780,780,780,785,780,780,780,780,785,780,785,780,785,780,780,780,780,780,780,780,780
91,21,20,20,20,20,20,20,21,20,20,20,20,20,20,21,20,20,19,21,21,20,21,20,20,20,20,20,21,20,20,20,21,21,20,21,21,21,21,20,20,20,20,20,20,20,20,20,20,20,20,20,21,19,21,20,21,20,20,20,20,20,21,20,20,47,47,47,47,47,47,47,47,47,47,47,47,47,47,47,47,47,47,47,47,47,47,47,47,47,47,47,47,47,47,47,47,47,47,47,47,47,47,47,47,47,47,47,47,47,47,47,47,47,47,47,47,47,47,47,47,47,47,47,47,47,47,47,47,785,780,780,780,780,780,780,785,780,780,780,780,780,780,785,780,780,775,785,785,780,785,780,780,780,780,780,785,780,780,780,785,785,780,785,785,785,785,780,780,780,780,780,780,780,780,780,780,780,780,780,785,775,785,780,785,780,780,780,780,780,785,780,780
91.5,21,20,20,20,20,20,20,21,20,20,20,20,20,20,21,20,20,20,21,20,20,21,20,20,20,20,20,21,20,20,20,21,21,20,21,21,21,20,20,20,20,20,20,20,20,21,20,19,20,20,20,21,20,21,20,21,20,20,20,20,20,21,20,20,47,47,47,47,47,47,47,47,47,47,47,47,47,47,47,47,47,47,47,47,47,47,47,47,47,47,47,47,47,47,47,47,47,47,47,47,47,47,47,47,47,47,47,47,47,47,47,47,47,47,47,47,47,47,47,47,47,47,47,47,47,47,47,47,785,780,780,780,780,780,780,785,780,780,780,780,780,780,785,780,780,780,785,780,780,785,780,780,780,780,780,785,780,780,780,785,785,780,785,785,785,780,780,780,780,780,780,780,780,785,780,775,780,780,780,785,780,785,780,785,780,780,780,780,780,785,780,780
92,21,20,20,20,20,20,20,21,20,20,20,20,20,20,21,20,20,20,20,20,20,20,20,20,20,20,20,21,20,20,20,21,20,20,21,21,20,20,21,20,20,20,20,20,21,21,20,20,20,20,20,21,19,21,20,21,20,20,20,20,20,21,20,20,47,47,47,47,47,47,47,47,47,47,47,47,47,47,47,47,47,47,47,47,47,47,47,47,47,47,47,47,47,47,47,47,47,47,47,47,47,47,47,47,47,47,47,47,47,47,47,47,47,47,47,47,47,47,47,47,47,47,47,47,47,47,47,47,785,780,780,780,780,780,780,785,780,780,780,780,780,780,785,780,780,780,780,780,780,780,780,780,780,780,780,785,780,780,780,785,780,780,785,785,780,780,785,780,780,780,780,780,785,785,780,780,780,780,780,785,775,785,780,785,780,780,780,780,780,785,780,780
92.5,20,20,20,20,20,20,20,21,20,20,20,20,20,20,21,20,20,20,20,20,20,20,20,20,20,20,20,21,20,20,20,21,20,20,21,21,21,20,21,20,20,20,20,20,21,21,20,20,20,20,20,21,20,21,19,21,20,20,20,21,20,21,20,20,47,47,47,47,47,47,47,47,47,47,47,47,47,47,47,47,47,47,47,47,47,47,47,47,47,47,47,47,47,47,47,47,47,47,47,47,47,47,47,47,47,47,47,47,47,47,47,47,47,47,47,47,47,47,47,47,47,47,47,47,47,47,47,47,780,780,780,780,780,780,780,785,780,780,780,780,780,780,785,780,780,780,780,780,780,780,780,780,780,780,780,785,780,780,780,785,780,780,785,785,785,780,785,780,780,780,780,780,785,785,780,780,780,780,780,785,780,785,775,785,780,780,780,785,780,785,780,780
93,20,20,20,19,20,21,20,21,20,20,20,20,20,20,21,20,20,20,20,20,20,20,20,19,20,20,20,21,20,20,20,21,21,20,21,20,21,20,21,20,21,20,20,20,21,20,20,20,20,20,20,21,20,21,20,21,20,20,20,21,20,20,20,20,47,47,47,47,47,47,47,47,47,47,47,47,47,47,47,47,47,47,47,47,47,47,47,47,47,47,47,47,47,47,47,47,47,47,47,47,47,47,47,47,47,47,47,47,47,47,47,47,47,47,47,47,47,47,47,47,47,47,47,47,47,47,47,47,780,780,780,775,780,785,780,785,780,780,780,780,780,780,785,780,780,780,780,780,780,780,780,775,780,780,780,785,780,780,780,785,785,780,785,780,785,780,785,780,785,780,780,780,785,780,780,780,780,780,780,785,780,785,780,785,780,780,780,785,780,780,780,780
93.5,20,20,20,19,20,20,20,21,20,20,20,20,20,20,21,20,20,20,20,20,20,20,20,19,20,20,20,21,20,20,20,21,21,20,21,20,21,20,21,20,20,20,20,20,21,20,20,20,20,20,20,21,20,21,20,21,20,21,20,21,20,20,19,20,47,47,47,47,47,47,47,47,47,47,47,47,47,47,47,47,47,47,47,47,47,47,47,47,47,47,47,47,47,47,47,47,47,47,47,47,47,47,47,47,47,47,47,47,47,47,47,47,47,47,47,47,47,47,47,47,47,47,47,47,47,47,47,47,780,780,780,775,780,780,780,785,780,780,780,780,780,780,785,780,780,780,780,780,780,780,780,775,780,780,780,785,780,780,780,785,785,780,785,780,785,780,785,780,780,780,780,780,785,780,780,780,780,780,780,785,780,785,780,785,780,785,780,785,780,780,775,780
94,20,21,20,20,20,20,20,21,19,20,20,20,21,20,20,20,20,20,20,20,20,20,20,20,20,20,20,21,20,20,20,21,20,20,21,20,21,20,21,20,20,20,20,20,20,20,19,20,20,20,20,21,20,20,19,21,20,21,20,20,20,20,20,20,47,47,47,47,47,47,47,47,47,47,47,47,47,47,47,47,47,47,47,47,47,47,47,47,47,47,47,47,47,47,47,47,47,47,47,47,47,47,47,47,47,47,47,47,47,47,47,47,47,47,47,47,47,47,47,47,47,47,47,47,47,47,47,47,780,785,780,780,780,780,780,785,775,780,780,780,785,780,780,780,780,780,780,780,780,780,780,780,780,780,780,785,780,780,780,785,780,780,785,780,785,780,785,780,780,780,780,780,780,780,775,780,780,780,780,785,780,780,775,785,780,785,780,780,780,780,780,780
94.5,19,21,20,20,20,20,20,21,19,20,20,20,21,20,20,20,20,20,20,20,20,20,20,20,20,20,20,21,20,20,20,20,20,20,21,20,21,20,21,20,20,20,20,20,20,20,19,20,20,20,20,21,20,20,19,21,20,21,20,20,20,20,20,20,47,47,47,47,47,47,47,47,47,47,47,47,47,47,47,47,47,47,47,47,47,47,47,47,47,47,47,47,47,47,47,47,47,47,47,47,47,47,47,47,47,47,47,47,47,47,47,47,47,47,47,47,47,47,47,47,47,47,47,47,47,47,47,47,775,785,780,780,780,780,780,785,775,780,780,780,785,780,780,780,780,780,780,780,780,780,780,780,780,780,780,785,780,780,780,780,780,780,785,780,785,780,785,780,780,780,780,780,780,780,775,780,780,780,780,785,780,780,775,785,780,785,780,780,780,780,780,780
95,20,20,20,20,20,19,20,20,20,20,20,20,21,20,21,20,20,20,19,20,20,20,20,20,20,20,20,21,20,20,20,20,20,20,21,20,20,21,21,20,20,20,20,21,20,20,20,20,20,20,20,21,21,21,20,21,20,20,19,20,20,20,20,20,47,47,47,47,47,47,47,47,47,47,47,47,47,47,47,47,47,47,47,47,47,47,47,47,47,47,47,47,47,47,47,47,47,47,47,47,47,47,47,47,47,47,47,47,47,47,47,47,47,47,47,47,47,47,47,47,47,47,47,47,47,47,47,47,780,780,780,780,780,775,780,780,780,780,780,780,785,780,785,780,780,780,775,780,780,780,780,780,780,780,780,785,780,780,780,780,780,780,785,780,780,785,785,780,780,780,780,785,780,780,780,780,780,780,780,785,785,785,780,785,780,780,775,780,780,780,780,780
95.5,20,20,20,20,20,20,20,20,20,20,20,20,21,20,21,20,20,20,20,20,20,20,20,20,20,20,20,21,20,20,20,20,20,20,21,20,20,21,21,20,20,20,20,21,21,20,20,20,20,20,20,21,21,21,20,20,20,20,19,20,20,20,20,21,47,47,47,47,47,47,47,47,47,47,47,47,47,47,47,47,47,47,47,47,47,47,47,47,47,47,47,47,47,47,47,47,47,47,47,47,47,47,47,47,47,47,47,47,47,47,47,47,47,47,47,47,47,47,47,47,47,47,47,47,47,47,47,47,780,780,780,780,780,780,780,780,780,780,780,780,785,780,785,780,780,780,780,780,780,780,780,780,780,780,780,785,780,780,780,780,780,780,785,780,780,785,785,780,780,780,780,785,785,780,780,780,780,780,780,785,785,785,780,780,780,780,775,780,780,780,780,785
96,20,21,20,20,20,20,20,21,20,20,20,20,20,20,20,20,20,20,20,20,20,20,20,20,19,20,20,21,20,20,20,20,19,20,21,20,20,21,21,20,20,20,20,21,21,20,20,20,20,20,20,21,21,20,20,20,20,20,20,20,20,20,20,20,47,47,47,47,47,47,47,47,47,47,47,47,47,47,47,47,47,47,47,47,47,47,47,47,47,47,47,47,47,47,47,47,47,47,47,47,47,47,47,47,47,47,47,47,47,47,47,47,47,47,47,47,47,47,47,47,47,47,47,47,47,47,47,47,780,785,780,780,780,780,780,785,780,780,780,780,780,780,780,780,780,780,780,780,780,780,780,780,775,780,780,785,780,780,780,780,775,780,785,780,780,785,785,780,780,780,780,785,785,780,780,780,780,780,780,785,785,780,780,780,780,780,780,780,780,780,780,780
96.5,19,21,20,20,20,20,20,21,20,20,20,19,20,20,21,20,20,20,20,20,20,20,20,20,19,19,20,21,20,20,20,20,19,20,21,20,20,21,21,20,20,20,20,21,21,20,20,20,20,20,20,21,21,21,20,20,20,20,20,20,20,20,20,20,47,47,47,47,47,47,47,47,47,47,47,47,47,47,47,47,47,47,47,47,47,47,47,47,47,47,47,47,47,47,47,47,47,47,47,47,47,47,47,47,47,47,47,47,47,47,47,47,47,47,47,47,47,47,47,47,47,47,47,47,47,47,47,47,775,785,780,780,780,780,780,785,780,780,780,775,780,780,785,780,780,780,780,780,780,780,780,780,775,775,780,785,780,780,780,780,775,780,785,780,780,785,785,780,780,780,780,785,785,780,780,780,780,780,780,785,785,785,780,780,780,780,780,780,780,780,780,780
97,19,21,20,20,20,20,20,21,20,20,20,20,20,20,21,20,20,20,20,20,20,20,20,20,20,20,21,20,20,20,20,20,19,20,21,20,21,21,20,20,20,20,20,21,20,21,20,21,20,20,21,21,21,21,20,21,20,20,20,19,20,20,20,21,47,47,47,47,47,47,47,47,47,47,47,47,47,47,47,47,47,47,47,47,47,47,47,47,47,47,47,47,47,47,47,47,47,47,47,47,47,47,47,47,47,47,47,47,47,47,47,47,47,47,47,47,47,47,47,47,47,47,47,47,47,47,47,47,775,785,780,780,780,780,780,785,780,780,780,780,780,780,785,780,780,780,780,780,780,780,780,780,780,780,785,780,780,780,780,780,775,780,785,780,785,785,780,780,780,780,780,785,780,785,780,785,780,780,785,785,785,785,780,785,780,780,780,775,780,780,780,785
97.5,19,21,20,20,20,20,20,21,20,20,20,19,20,20,21,20,20,20,20,20,20,20,20,20,20,20,20,20,20,20,20,20,19,20,20,20,21,21,20,20,20,20,20,21,20,21,20,21,20,20,21,21,21,21,20,20,20,20,20,19,20,20,20,21,47,47,47,47,47,47,47,47,47,47,47,47,47,47,47,47,47,47,47,47,47,47,47,47,47,47,47,47,47,47,47,47,47,47,47,47,47,47,47,47,47,47,47,47,47,47,47,47,47,47,47,47,47,47,47,47,47,47,47,47,47,47,47,47,775,785,780,780,780,780,780,785,780,780,780,775,780,780,785,780,780,780,780,780,780,780,780,780,780,780,780,780,780,780,780,780,775,780,780,780,785,785,780,780,780,780,780,785,780,785,780,785,780,780,785,785,785,785,780,780,780,780,780,775,780,780,780,785
98,20,20,20,20,20,20,20,21,21,20,20,20,20,21,21,20,19,20,20,21,20,20,20,20,20,20,20,20,20,20,20,21,19,20,21,20,21,21,21,20,20,20,20,21,21,21,21,21,20,20,20,21,21,20,20,21,20,19,20,20,20,20,20,21,47,47,47,47,47,47,47,47,47,47,47,47,47,47,47,47,47,47,47,47,47,47,47,47,47,47,47,47,47,47,47,47,47,47,47,47,47,47,47,47,47,47,47,47,47,47,47,47,47,47,47,47,47,47,47,47,47,47,47,47,47,47,47,47,780,780,780,780,780,780,780,785,785,780,780,780,780,785,785,780,775,780,780,785,780,780,780,780,780,780,780,780,780,780,780,785,775,780,785,780,785,785,785,780,780,780,780,785,785,785,785,785,780,780,780,785,785,780,780,785,780,775,780,780,780,780,780,785
98.5,20,20,20,20,20,20,20,21,21,20,20,20,20,21,21,20,19,20,20,21,20,20,20,20,20,20,20,20,20,20,20,21,20,20,21,20,21,21,20,20,21,20,20,21,21,21,21,21,20,19,20,21,21,20,20,20,20,20,20,20,20,20,20,21,47,47,47,47,47,47,47,47,47,47,47,47,47,47,47,47,47,47,47,47,47,47,47,47,47,47,47,47,47,47,47,47,47,47,47,47,47,47,47,47,47,47,47,47,47,47,47,47,47,47,47,47,47,47,47,47,47,47,47,47,47,47,47,47,780,780,780,780,780,780,780,785,785,780,780,780,780,785,785,780,775,780,780,785,780,780,780,780,780,780,780,780,780,780,780,785,780,780,785,780,785,785,780,780,785,780,780,785,785,785,785,785,780,775,780,785,785,780,780,780,780,780,780,780,780,780,780,785
99,20,20,20,20,20,20,21,21,20,20,20,19,21,21,21,20,19,20,19,20,20,20,20,20,20,20,20,20,21,20,20,20,20,20,20,21,21,20,20,20,21,20,20,21,21,21,20,21,20,20,20,20,21,20,20,20,21,20,20,20,20,20,20,21,47,47,47,47,47,47,47,47,47,47,47,47,47,47,47,47,47,47,47,47,47,47,47,47,47,47,47,47,47,47,47,47,47,47,47,47,47,47,47,47,47,47,47,47,47,47,47,47,47,47,47,47,47,47,47,47,47,47,47,47,47,47,47,47,780,780,780,780,780,780,785,785,780,780,780,775,785,785,785,780,775,780,775,780,780,780,780,780,780,780,780,780,785,780,780,780,780,780,780,785,785,780,780,780,785,780,780,785,785,785,780,785,780,780,780,780,785,780,780,780,785,780,780,780,780,780,780,785
99.5,20,20,20,20,20,20,20,21,20,20,20,20,21,21,21,20,19,20,19,20,20,20,20,20,20,20,20,20,21,20,20,20,20,19,20,21,21,20,20,20,21,20,20,21,21,21,20,21,20,20,20,20,21,20,20,20,21,20,20,20,20,20,20,21,47,47,47,47,47,47,47,47,47,47,47,47,47,47,47,47,47,47,47,47,47,47,47,47,47,47,47,47,47,47,47,47,47,47,47,47,47,47,47,47,47,47,47,47,47,47,47,47,47,47,47,47,47,47,47,47,47,47,47,47,47,47,47,47,780,780,780,780,780,780,780,785,780,780,780,780,785,785,785,780,775,780,775,780,780,780,780,780,780,780,780,780,785,780,780,780,780,775,780,785,785,780,780,780,785,780,780,785,785,785,780,785,780,780,780,780,785,780,780,780,785,780,780,780,780,780,780,785
100,20,20,20,,20,20,20,21,20,20,20,,21,,21,20,,20,20,20,20,20,20,20,19,20,20,20,21,20,20,20,,20,20,21,21,20,20,19,20,20,,21,20,21,20,,21,20,20,,,20,20,20,21,20,20,20,20,20,,21,47,47,47,,47,47,47,47,47,47,47,,47,,47,47,,47,47,47,47,47,47,47,47,47,47,47,47,47,47,47,,47,47,47,47,47,47,47,47,47,,47,47,47,47,,47,47,47,,,47,47,47,47,47,47,47,47,47,,47,780,780,780,,780,780,780,785,780,780,780,,785,,785,780,,780,780,780,780,780,780,780,775,780,780,780,785,780,780,780,,780,780,785,785,780,780,775,780,780,,785,780,785,780,,785,780,780,,,780,780,780,785,780,780,780,780,780,,785
