t,sensor0_1,sensor0_2,sensor0_3,sensor0_4,sensor0_5,sensor0_6,sensor0_7,sensor0_8,sensor0_9,sensor0_10,sensor0_11,sensor0_12,sensor0_13,sensor0_14,sensor0_15,sensor0_16,sensor0_17,sensor0_18,sensor0_19,sensor0_20,sensor0_21,sensor0_22,sensor0_23,sensor0_24,sensor0_25,sensor0_26,sensor0_27,sensor0_28,sensor0_29,sensor0_30,sensor0_31,sensor0_32,sensor0_33,sensor0_34,sensor0_35,sensor0_36,sensor0_37,sensor0_38,sensor0_39,sensor0_40,sensor0_41,sensor0_42,sensor0_43,sensor0_44,sensor0_45,sensor0_46,sensor0_47,sensor0_48,sensor0_49,sensor0_50,sensor0_51,sensor0_52,sensor0_53,sensor0_54,sensor0_55,sensor0_56,sensor0_57,sensor0_58,sensor0_59,sensor0_60,sensor0_61,sensor0_62,sensor0_63,sensor0_64,sensor1_1,sensor1_2,sensor1_3,sensor1_4,sensor1_5,sensor1_6,sensor1_7,sensor1_8,sensor1_9,sensor1_10,sensor1_11,sensor1_12,sensor1_13,sensor1_14,sensor1_15,sensor1_16,sensor1_17,sensor1_18,sensor1_19,sensor1_20,sensor1_21,sensor1_22,sensor1_23,sensor1_24,sensor1_25,sensor1_26,sensor1_27,sensor1_28,sensor1_29,sensor1_30,sensor1_31,sensor1_32,sensor1_33,sensor1_34,sensor1_35,sensor1_36,sensor1_37,sensor1_38,sensor1_39,sensor1_40,sensor1_41,sensor1_42,sensor1_43,sensor1_44,sensor1_45,sensor1_46,sensor1_47,sensor1_48,sensor1_49,sensor1_50,sensor1_51,sensor1_52,sensor1_53,sensor1_54,sensor1_55,sensor1_56,sensor1_57,sensor1_58,sensor1_59,sensor1_60,sensor1_61,sensor1_62,sensor1_63,sensor1_64,vdd_measured_1,vdd_measured_2,vdd_measured_3,vdd_measured_4,vdd_measured_5,vdd_measured_6,vdd_measured_7,vdd_measured_8,vdd_measured_9,vdd_measured_10,vdd_measured_11,vdd_measured_12,vdd_measured_13,vdd_measured_14,vdd_measured_15,vdd_measured_16,vdd_measured_17,vdd_measured_18,vdd_measured_19,vdd_measured_20,vdd_measured_21,vdd_measured_22,vdd_measured_23,vdd_measured_24,vdd_measured_25,vdd_measured_26,vdd_measured_27,vdd_measured_28,vdd_measured_29,vdd_measured_30,vdd_measured_31,vdd_measured_32,vdd_measured_33,vdd_measured_34,vdd_measured_35,vdd_measured_36,vdd_measured_37,vdd_measured_38,vdd_measured_39,vdd_measured_40,vdd_measured_41,vdd_measured_42,vdd_measured_43,vdd_measured_44,vdd_measured_45,vdd_measured_46,vdd_measured_47,vdd_measured_48,vdd_measured_49,vdd_measured_50,vdd_measured_51,vdd_measured_52,vdd_measured_53,vdd_measured_54,vdd_measured_55,vdd_measured_56,vdd_measured_57,vdd_measured_58,vdd_measured_59,vdd_measured_60,vdd_measured_61,vdd_measured_62,vdd_measured_63,vdd_measured_64
-25,21,21,21,21,21,21,21,21,21,21,21,21,21,21,21,20,20,20,20,20,20,20,20,20,20,20,21,21,21,21,21,21,21,21,21,21,21,21,20,20,20,20,20,20,20,20,20,20,20,20,20,21,21,21,21,21,21,21,21,21,21,21,21,22,47,47,47,47,47,47,47,47,47,47,47,47,47,47,47,47,47,47,47,47,47,47,47,47,47,47,47,47,47,47,47,47,47,47,47,47,47,47,47,47,47,47,47,47,47,47,47,47,47,47,47,47,47,47,47,47,47,47,47,47,47,47,47,47,785,785,785,785,785,785,785,785,785,785,785,785,785,785,785,780,780,780,780,780,780,780,780,780,780,780,785,785,785,785,785,785,785,785,785,785,785,785,780,780,780,780,780,780,780,780,780,780,780,780,780,785,785,785,785,785,785,785,785,785,785,785,785,790
-24.5,21,21,21,21,21,21,21,21,21,21,21,21,20,20,20,20,20,20,20,20,20,20,20,21,21,21,21,21,21,21,21,21,21,21,21,21,20,20,20,20,20,20,20,20,20,20,20,20,20,21,21,21,21,21,21,21,21,21,21,21,21,22,22,22,47,47,47,47,47,47,47,47,47,47,47,47,47,47,47,47,47,47,47,47,47,47,47,47,47,47,47,47,47,47,47,47,47,47,47,47,47,47,47,47,47,47,47,47,47,47,47,47,47,47,47,47,47,47,47,47,47,47,47,47,47,47,47,47,785,785,785,785,785,785,785,785,785,785,785,785,780,780,780,780,780,780,780,780,780,780,780,785,785,785,785,785,785,785,785,785,785,785,785,785,780,780,780,780,780,780,780,780,780,780,780,780,780,785,785,785,785,785,785,785,785,785,785,785,785,790,790,790
-24,21,21,21,21,21,21,20,20,20,20,20,20,20,20,20,20,20,20,20,20,21,21,21,21,21,21,21,21,21,21,21,21,21,21,21,20,20,20,20,20,20,20,20,20,20,20,21,21,21,21,21,21,21,21,21,21,21,21,21,22,22,22,22,22,47,47,47,47,47,47,47,47,47,47,47,47,47,47,47,47,47,47,47,47,47,47,47,47,47,47,47,47,47,47,47,47,47,47,47,47,47,47,47,47,47,47,47,47,47,47,47,47,47,47,47,47,47,47,47,47,47,47,47,47,47,47,47,47,785,785,785,785,785,785,780,780,780,780,780,780,780,780,780,780,780,780,780,780,785,785,785,785,785,785,785,785,785,785,785,785,785,785,785,780,780,780,780,780,780,780,780,780,780,780,785,785,785,785,785,785,785,785,785,785,785,785,785,790,790,790,790,790
-23.5,21,21,20,20,20,20,20,20,20,20,20,20,20,20,20,21,21,21,21,21,21,21,21,21,21,21,21,21,21,21,21,21,21,21,20,20,20,20,20,20,20,20,21,21,21,21,21,21,21,21,21,21,21,21,21,21,21,22,22,22,22,22,22,22,47,47,47,47,47,47,47,47,47,47,47,47,47,47,47,47,47,47,47,47,47,47,47,47,47,47,47,47,47,47,47,47,47,47,47,47,47,47,47,47,47,47,47,47,47,47,47,47,47,47,47,47,47,47,47,47,47,47,47,47,47,47,47,47,785,785,780,780,780,780,780,780,780,780,780,780,780,780,780,785,785,785,785,785,785,785,785,785,785,785,785,785,785,785,785,785,785,785,780,780,780,780,780,780,780,780,785,785,785,785,785,785,785,785,785,785,785,785,785,785,785,790,790,790,790,790,790,790
-23,21,21,20,20,20,20,20,20,20,20,20,20,20,20,21,21,21,21,21,21,21,21,21,21,21,21,20,20,20,20,20,20,20,20,20,20,20,21,21,21,21,21,21,21,21,21,21,21,21,21,21,22,22,22,22,22,22,22,22,22,22,22,22,21,47,47,47,47,47,47,47,47,47,47,47,47,47,47,47,47,47,47,47,47,47,47,47,47,47,47,47,47,47,47,47,47,47,47,47,47,47,47,47,47,47,47,47,47,47,47,47,47,47,47,47,47,47,47,47,47,47,47,47,47,47,47,47,47,785,785,780,780,780,780,780,780,780,780,780,780,780,780,785,785,785,785,785,785,785,785,785,785,785,785,780,780,780,780,780,780,780,780,780,780,780,785,785,785,785,785,785,785,785,785,785,785,785,785,785,790,790,790,790,790,790,790,790,790,790,790,790,785
-22.5,20,20,20,20,20,20,20,20,20,20,21,21,21,21,21,21,21,21,21,21,21,21,21,21,21,21,20,20,20,20,20,20,20,20,20,20,21,21,21,21,21,21,21,21,21,21,21,21,21,21,22,22,22,22,22,22,22,22,22,22,21,21,21,21,47,47,47,47,47,47,47,47,47,47,47,47,47,47,47,47,47,47,47,47,47,47,47,47,47,47,47,47,47,47,47,47,47,47,47,47,47,47,47,47,47,47,47,47,47,47,47,47,47,47,47,47,47,47,47,47,47,47,47,47,47,47,47,47,780,780,780,780,780,780,780,780,780,780,785,785,785,785,785,785,785,785,785,785,785,785,785,785,785,785,780,780,780,780,780,780,780,780,780,780,785,785,785,785,785,785,785,785,785,785,785,785,785,785,790,790,790,790,790,790,790,790,790,790,785,785,785,785
-22,20,20,20,20,20,21,21,21,21,21,21,21,21,21,21,21,21,21,21,21,21,20,20,20,20,20,20,20,20,20,20,20,20,20,21,21,21,21,21,21,21,21,21,21,21,21,21,22,22,22,22,22,22,22,22,22,22,22,21,21,21,21,21,21,47,47,47,47,47,47,47,47,47,47,47,47,47,47,47,47,47,47,47,47,47,47,47,47,47,47,47,47,47,47,47,47,47,47,47,47,47,47,47,47,47,47,47,47,47,47,47,47,47,47,47,47,47,47,47,47,47,47,47,47,47,47,47,47,780,780,780,780,780,785,785,785,785,785,785,785,785,785,785,785,785,785,785,785,785,780,780,780,780,780,780,780,780,780,780,780,780,780,785,785,785,785,785,785,785,785,785,785,785,785,785,790,790,790,790,790,790,790,790,790,790,790,785,785,785,785,785,785
-21.5,20,20,21,21,21,21,21,21,21,21,21,21,21,21,21,21,21,21,20,20,20,20,20,20,20,20,20,20,20,20,21,21,21,21,21,21,21,21,21,21,21,21,21,21,21,21,22,22,22,22,22,22,22,22,21,21,21,21,21,21,21,21,21,21,47,47,47,47,47,47,47,47,47,47,47,47,47,47,47,47,47,47,47,47,47,47,47,47,47,47,47,47,47,47,47,47,47,47,47,47,47,47,47,47,47,47,47,47,47,47,47,47,47,47,47,47,47,47,47,47,47,47,47,47,47,47,47,47,780,780,785,785,785,785,785,785,785,785,785,785,785,785,785,785,785,785,780,780,780,780,780,780,780,780,780,780,780,780,785,785,785,785,785,785,785,785,785,785,785,785,785,785,785,785,790,790,790,790,790,790,790,790,785,785,785,785,785,785,785,785,785,785
-21,21,21,21,21,21,21,21,21,21,21,21,21,21,21,21,20,20,20,20,20,20,20,20,20,20,20,21,21,21,21,21,21,21,21,21,21,21,21,22,22,22,22,22,22,22,22,22,22,22,22,22,21,21,21,21,21,21,21,21,21,21,21,21,21,47,47,47,47,47,47,47,47,47,47,47,47,47,47,47,47,47,47,47,47,47,47,47,47,47,47,47,47,47,47,47,47,47,47,47,47,47,47,47,47,47,47,47,47,47,47,47,47,47,47,47,47,47,47,47,47,47,47,47,47,47,47,47,47,785,785,785,785,785,785,785,785,785,785,785,785,785,785,785,780,780,780,780,780,780,780,780,780,780,780,785,785,785,785,785,785,785,785,785,785,785,785,790,790,790,790,790,790,790,790,790,790,790,790,790,785,785,785,785,785,785,785,785,785,785,785,785,785
-20.5,21,21,21,21,21,21,21,21,21,21,21,21,20,20,20,20,20,20,20,20,20,20,20,21,21,21,21,21,21,21,21,21,21,21,21,21,22,22,22,22,22,22,22,22,22,22,22,22,22,21,21,21,21,21,21,21,21,21,21,21,21,22,22,22,47,47,47,47,47,47,47,47,47,47,47,47,47,47,47,47,47,47,47,47,47,47,47,47,47,47,47,47,47,47,47,47,47,47,47,47,47,47,47,47,47,47,47,47,47,47,47,47,47,47,47,47,47,47,47,47,47,47,47,47,47,47,47,47,785,785,785,785,785,785,785,785,785,785,785,785,780,780,780,780,780,780,780,780,780,780,780,785,785,785,785,785,785,785,785,785,785,785,785,785,790,790,790,790,790,790,790,790,790,790,790,790,790,785,785,785,785,785,785,785,785,785,785,785,785,790,790,790
-20,21,21,21,21,21,21,20,20,20,20,20,20,20,20,20,20,20,20,20,20,21,21,21,21,21,21,21,21,21,21,21,21,21,21,21,22,22,22,22,22,22,22,22,22,22,22,21,21,21,21,21,21,21,21,21,21,21,21,21,22,22,22,22,22,47,47,47,47,47,47,47,47,47,47,47,47,47,47,47,47,47,47,47,47,47,47,47,47,47,47,47,47,47,47,47,47,47,47,47,47,47,47,47,47,47,47,47,47,47,47,47,47,47,47,47,47,47,47,47,47,47,47,47,47,47,47,47,47,785,785,785,785,785,785,780,780,780,780,780,780,780,780,780,780,780,780,780,780,785,785,785,785,785,785,785,785,785,785,785,785,785,785,785,790,790,790,790,790,790,790,790,790,790,790,785,785,785,785,785,785,785,785,785,785,785,785,785,790,790,790,790,790
-19.5,21,21,20,20,20,20,20,20,20,20,20,20,20,20,20,21,21,21,21,21,21,21,21,21,21,21,21,21,21,21,21,21,21,21,22,22,22,22,22,22,22,22,21,21,21,21,21,21,21,21,21,21,21,21,21,21,21,22,22,22,22,22,22,22,47,47,47,47,47,47,47,47,47,47,47,47,47,47,47,47,47,47,47,47,47,47,47,47,47,47,47,47,47,47,47,47,47,47,47,47,47,47,47,47,47,47,47,47,47,47,47,47,47,47,47,47,47,47,47,47,47,47,47,47,47,47,47,47,785,785,780,780,780,780,780,780,780,780,780,780,780,780,780,785,785,785,785,785,785,785,785,785,785,785,785,785,785,785,785,785,785,785,790,790,790,790,790,790,790,790,785,785,785,785,785,785,785,785,785,785,785,785,785,785,785,790,790,790,790,790,790,790
-19,21,21,20,20,20,20,20,20,20,20,20,20,20,20,21,21,21,21,21,21,21,21,21,21,21,21,21,21,21,21,21,21,21,21,21,21,21,21,21,21,21,21,21,21,21,21,21,21,21,21,21,21,21,21,21,21,21,21,21,21,21,21,21,22,47,47,47,47,47,47,47,47,47,47,47,47,47,47,47,47,47,47,47,47,47,47,47,47,47,47,47,47,47,47,47,47,47,47,47,47,47,47,47,47,47,47,47,47,47,47,47,47,47,47,47,47,47,47,47,47,47,47,47,47,47,47,47,47,785,785,780,780,780,780,780,780,780,780,780,780,780,780,785,785,785,785,785,785,785,785,785,785,785,785,785,785,785,785,785,785,785,785,785,785,785,785,785,785,785,785,785,785,785,785,785,785,785,785,785,785,785,785,785,785,785,785,785,785,785,785,785,790
-18.5,20,20,20,20,20,20,20,20,20,20,21,21,21,21,21,21,21,21,21,21,21,21,21,21,21,21,21,21,21,21,21,21,21,21,21,21,21,21,21,21,21,21,21,21,21,21,21,21,21,21,21,21,21,21,21,21,21,21,21,21,21,22,22,22,47,47,47,47,47,47,47,47,47,47,47,47,47,47,47,47,47,47,47,47,47,47,47,47,47,47,47,47,47,47,47,47,47,47,47,47,47,47,47,47,47,47,47,47,47,47,47,47,47,47,47,47,47,47,47,47,47,47,47,47,47,47,47,47,780,780,780,780,780,780,780,780,780,780,785,785,785,785,785,785,785,785,785,785,785,785,785,785,785,785,785,785,785,785,785,785,785,785,785,785,785,785,785,785,785,785,785,785,785,785,785,785,785,785,785,785,785,785,785,785,785,785,785,785,785,790,790,790
-18,20,20,20,20,20,21,21,21,21,21,21,21,21,21,21,21,21,21,21,21,21,21,21,21,21,21,21,21,21,21,21,21,21,21,21,21,21,21,21,21,21,21,21,21,21,21,21,21,21,21,21,21,21,21,21,21,21,21,21,22,22,22,22,22,47,47,47,47,47,47,47,47,47,47,47,47,47,47,47,47,47,47,47,47,47,47,47,47,47,47,47,47,47,47,47,47,47,47,47,47,47,47,47,47,47,47,47,47,47,47,47,47,47,47,47,47,47,47,47,47,47,47,47,47,47,47,47,47,780,780,780,780,780,785,785,785,785,785,785,785,785,785,785,785,785,785,785,785,785,785,785,785,785,785,785,785,785,785,785,785,785,785,785,785,785,785,785,785,785,785,785,785,785,785,785,785,785,785,785,785,785,785,785,785,785,785,785,790,790,790,790,790
-17.5,20,20,21,21,21,21,21,21,21,21,21,21,21,21,21,21,21,21,21,21,21,21,21,21,21,21,21,21,21,21,21,21,21,21,21,21,21,21,21,21,21,21,21,21,21,21,21,21,21,21,21,21,21,21,21,21,21,22,22,22,22,22,22,22,47,47,47,47,47,47,47,47,47,47,47,47,47,47,47,47,47,47,47,47,47,47,47,47,47,47,47,47,47,47,47,47,47,47,47,47,47,47,47,47,47,47,47,47,47,47,47,47,47,47,47,47,47,47,47,47,47,47,47,47,47,47,47,47,780,780,785,785,785,785,785,785,785,785,785,785,785,785,785,785,785,785,785,785,785,785,785,785,785,785,785,785,785,785,785,785,785,785,785,785,785,785,785,785,785,785,785,785,785,785,785,785,785,785,785,785,785,785,785,785,785,790,790,790,790,790,790,790
-17,20,20,21,21,21,21,21,21,21,21,21,21,21,21,21,21,21,21,21,21,21,21,21,21,21,21,21,21,21,21,21,21,21,21,21,21,21,21,21,21,21,21,21,21,21,21,21,21,21,21,21,21,21,21,21,21,21,21,21,21,21,21,21,22,47,47,47,47,47,47,47,47,47,47,47,47,47,47,47,47,47,47,47,47,47,47,47,47,47,47,47,47,47,47,47,47,47,47,47,47,47,47,47,47,47,47,47,47,47,47,47,47,47,47,47,47,47,47,47,47,47,47,47,47,47,47,47,47,780,780,785,785,785,785,785,785,785,785,785,785,785,785,785,785,785,785,785,785,785,785,785,785,785,785,785,785,785,785,785,785,785,785,785,785,785,785,785,785,785,785,785,785,785,785,785,785,785,785,785,785,785,785,785,785,785,785,785,785,785,785,785,790
-16.5,20,20,20,20,20,20,20,20,20,20,21,21,21,21,21,21,21,21,21,21,21,21,21,21,21,20,20,20,20,20,20,20,20,20,20,20,21,21,21,21,21,21,21,21,21,21,21,21,21,21,21,21,21,21,21,21,21,21,21,21,21,22,22,22,47,47,47,47,47,47,47,47,47,47,47,47,47,47,47,47,47,47,47,47,47,47,47,47,47,47,47,47,47,47,47,47,47,47,47,47,47,47,47,47,47,47,47,47,47,47,47,47,47,47,47,47,47,47,47,47,47,47,47,47,47,47,47,47,780,780,780,780,780,780,780,780,780,780,785,785,785,785,785,785,785,785,785,785,785,785,785,785,785,780,780,780,780,780,780,780,780,780,780,780,785,785,785,785,785,785,785,785,785,785,785,785,785,785,785,785,785,785,785,785,785,785,785,785,785,790,790,790
-16,20,20,20,20,20,21,21,21,21,21,21,21,21,21,21,21,21,21,21,21,20,20,20,20,20,20,20,20,20,20,20,20,20,20,21,21,21,21,21,21,21,21,21,21,21,21,21,21,21,21,21,21,21,21,21,21,21,21,21,22,22,22,22,22,47,47,47,47,47,47,47,47,47,47,47,47,47,47,47,47,47,47,47,47,47,47,47,47,47,47,47,47,47,47,47,47,47,47,47,47,47,47,47,47,47,47,47,47,47,47,47,47,47,47,47,47,47,47,47,47,47,47,47,47,47,47,47,47,780,780,780,780,780,785,785,785,785,785,785,785,785,785,785,785,785,785,785,785,780,780,780,780,780,780,780,780,780,780,780,780,780,780,785,785,785,785,785,785,785,785,785,785,785,785,785,785,785,785,785,785,785,785,785,785,785,785,785,790,790,790,790,790
-15.5,20,20,21,21,21,21,21,21,21,21,21,21,21,21,21,21,20,20,20,20,20,20,20,20,20,20,20,20,20,20,21,21,21,21,21,21,21,21,21,21,21,21,21,21,21,21,21,21,21,21,21,21,21,21,21,22,22,22,22,22,22,22,22,22,47,47,47,47,47,47,47,47,47,47,47,47,47,47,47,47,47,47,47,47,47,47,47,47,47,47,47,47,47,47,47,47,47,47,47,47,47,47,47,47,47,47,47,47,47,47,47,47,47,47,47,47,47,47,47,47,47,47,47,47,47,47,47,47,780,780,785,785,785,785,785,785,785,785,785,785,785,785,785,785,780,780,780,780,780,780,780,780,780,780,780,780,780,780,785,785,785,785,785,785,785,785,785,785,785,785,785,785,785,785,785,785,785,785,785,785,785,785,785,790,790,790,790,790,790,790,790,790
-15,21,21,21,21,21,21,21,21,21,21,21,21,21,21,21,20,20,20,20,20,20,20,20,20,20,20,21,21,21,21,21,21,21,21,21,21,21,21,21,21,21,21,21,21,21,21,21,21,21,21,21,22,22,22,22,22,22,22,22,22,22,22,22,21,47,47,47,47,47,47,47,47,47,47,47,47,47,47,47,47,47,47,47,47,47,47,47,47,47,47,47,47,47,47,47,47,47,47,47,47,47,47,47,47,47,47,47,47,47,47,47,47,47,47,47,47,47,47,47,47,47,47,47,47,47,47,47,47,785,785,785,785,785,785,785,785,785,785,785,785,785,785,785,780,780,780,780,780,780,780,780,780,780,780,785,785,785,785,785,785,785,785,785,785,785,785,785,785,785,785,785,785,785,785,785,785,785,785,785,790,790,790,790,790,790,790,790,790,790,790,790,785
-14.5,21,21,21,21,21,21,21,21,21,21,20,20,20,20,20,20,20,20,20,20,20,20,20,21,21,21,21,21,21,21,21,21,21,21,21,21,21,21,21,21,21,21,21,21,21,21,21,21,21,22,22,22,22,22,22,22,22,22,22,22,21,21,21,21,47,47,47,47,47,47,47,47,47,47,47,47,47,47,47,47,47,47,47,47,47,47,47,47,47,47,47,47,47,47,47,47,47,47,47,47,47,47,47,47,47,47,47,47,47,47,47,47,47,47,47,47,47,47,47,47,47,47,47,47,47,47,47,47,785,785,785,785,785,785,785,785,785,785,780,780,780,780,780,780,780,780,780,780,780,780,780,785,785,785,785,785,785,785,785,785,785,785,785,785,785,785,785,785,785,785,785,785,785,785,785,785,785,790,790,790,790,790,790,790,790,790,790,790,785,785,785,785
-14,21,21,21,21,21,20,20,20,20,20,20,20,20,20,20,20,20,20,20,20,21,21,21,21,21,21,21,21,21,21,21,21,21,21,21,21,21,21,21,21,21,21,21,21,21,21,21,22,22,22,22,22,22,22,22,22,22,22,21,21,21,21,21,21,47,47,47,47,47,47,47,47,47,47,47,47,47,47,47,47,47,47,47,47,47,47,47,47,47,47,47,47,47,47,47,47,47,47,47,47,47,47,47,47,47,47,47,47,47,47,47,47,47,47,47,47,47,47,47,47,47,47,47,47,47,47,47,47,785,785,785,785,785,780,780,780,780,780,780,780,780,780,780,780,780,780,780,780,785,785,785,785,785,785,785,785,785,785,785,785,785,785,785,785,785,785,785,785,785,785,785,785,785,785,785,790,790,790,790,790,790,790,790,790,790,790,785,785,785,785,785,785
-13.5,21,21,20,20,20,20,20,20,20,20,20,20,20,20,20,21,21,21,21,21,21,21,21,21,21,21,21,21,21,21,21,21,21,21,21,21,21,21,21,21,21,21,21,21,22,22,22,22,22,22,22,22,22,22,21,21,21,21,21,21,21,21,21,21,47,47,47,47,47,47,47,47,47,47,47,47,47,47,47,47,47,47,47,47,47,47,47,47,47,47,47,47,47,47,47,47,47,47,47,47,47,47,47,47,47,47,47,47,47,47,47,47,47,47,47,47,47,47,47,47,47,47,47,47,47,47,47,47,785,785,780,780,780,780,780,780,780,780,780,780,780,780,780,785,785,785,785,785,785,785,785,785,785,785,785,785,785,785,785,785,785,785,785,785,785,785,785,785,785,785,785,785,790,790,790,790,790,790,790,790,790,790,785,785,785,785,785,785,785,785,785,785
-13,21,20,20,20,20,20,20,20,20,20,20,20,20,20,21,21,21,21,21,21,21,21,21,21,21,21,21,21,21,21,21,21,21,21,21,21,21,21,22,22,22,22,22,22,22,22,22,22,22,22,22,21,21,21,21,21,21,21,21,21,21,21,21,21,47,47,47,47,47,47,47,47,47,47,47,47,47,47,47,47,47,47,47,47,47,47,47,47,47,47,47,47,47,47,47,47,47,47,47,47,47,47,47,47,47,47,47,47,47,47,47,47,47,47,47,47,47,47,47,47,47,47,47,47,47,47,47,47,785,780,780,780,780,780,780,780,780,780,780,780,780,780,785,785,785,785,785,785,785,785,785,785,785,785,785,785,785,785,785,785,785,785,785,785,785,785,790,790,790,790,790,790,790,790,790,790,790,790,790,785,785,785,785,785,785,785,785,785,785,785,785,785
-12.5,20,20,20,20,20,20,20,20,20,20,21,21,21,21,21,21,21,21,21,21,21,21,21,21,21,21,21,21,21,21,21,21,21,21,21,21,22,22,22,22,22,22,22,22,22,22,22,22,22,21,21,21,21,21,21,21,21,21,21,21,21,21,21,21,47,47,47,47,47,47,47,47,47,47,47,47,47,47,47,47,47,47,47,47,47,47,47,47,47,47,47,47,47,47,47,47,47,47,47,47,47,47,47,47,47,47,47,47,47,47,47,47,47,47,47,47,47,47,47,47,47,47,47,47,47,47,47,47,780,780,780,780,780,780,780,780,780,780,785,785,785,785,785,785,785,785,785,785,785,785,785,785,785,785,785,785,785,785,785,785,785,785,785,785,790,790,790,790,790,790,790,790,790,790,790,790,790,785,785,785,785,785,785,785,785,785,785,785,785,785,785,785
-12,20,20,20,20,20,21,21,21,21,21,21,21,21,21,21,21,21,21,21,21,21,21,21,21,21,21,21,21,21,21,21,21,21,21,21,22,22,22,22,22,22,22,22,22,22,22,21,21,21,21,21,21,21,21,21,21,21,21,21,21,21,21,21,21,47,47,47,47,47,47,47,47,47,47,47,47,47,47,47,47,47,47,47,47,47,47,47,47,47,47,47,47,47,47,47,47,47,47,47,47,47,47,47,47,47,47,47,47,47,47,47,47,47,47,47,47,47,47,47,47,47,47,47,47,47,47,47,47,780,780,780,780,780,785,785,785,785,785,785,785,785,785,785,785,785,785,785,785,785,785,785,785,785,785,785,785,785,785,785,785,785,785,785,790,790,790,790,790,790,790,790,790,790,790,785,785,785,785,785,785,785,785,785,785,785,785,785,785,785,785,785,785
-11.5,20,20,21,21,21,21,21,21,21,21,21,21,21,21,21,21,21,21,21,21,21,21,21,21,21,21,21,21,21,21,21,21,21,21,22,22,22,22,22,22,22,22,21,21,21,21,21,21,21,21,21,21,21,21,21,21,21,21,21,21,21,21,21,21,47,47,47,47,47,47,47,47,47,47,47,47,47,47,47,47,47,47,47,47,47,47,47,47,47,47,47,47,47,47,47,47,47,47,47,47,47,47,47,47,47,47,47,47,47,47,47,47,47,47,47,47,47,47,47,47,47,47,47,47,47,47,47,47,780,780,785,785,785,785,785,785,785,785,785,785,785,785,785,785,785,785,785,785,785,785,785,785,785,785,785,785,785,785,785,785,785,785,790,790,790,790,790,790,790,790,785,785,785,785,785,785,785,785,785,785,785,785,785,785,785,785,785,785,785,785,785,785
-11,20,20,21,21,21,21,21,21,21,21,21,21,21,21,21,21,21,21,21,21,21,21,21,21,21,21,22,22,22,22,22,22,22,22,22,22,22,21,21,21,21,21,21,21,21,21,21,21,21,21,21,21,21,21,21,21,21,21,21,21,21,21,21,21,47,47,47,47,47,47,47,47,47,47,47,47,47,47,47,47,47,47,47,47,47,47,47,47,47,47,47,47,47,47,47,47,47,47,47,47,47,47,47,47,47,47,47,47,47,47,47,47,47,47,47,47,47,47,47,47,47,47,47,47,47,47,47,47,780,780,785,785,785,785,785,785,785,785,785,785,785,785,785,785,785,785,785,785,785,785,785,785,785,785,790,790,790,790,790,790,790,790,790,790,790,785,785,785,785,785,785,785,785,785,785,785,785,785,785,785,785,785,785,785,785,785,785,785,785,785,785,785
-10.5,20,20,20,20,20,20,20,20,20,20,21,21,21,21,21,21,21,21,21,21,21,21,21,21,21,21,22,22,22,22,22,22,22,22,22,22,21,21,21,21,21,21,21,21,21,21,21,21,21,21,20,20,20,20,20,20,20,20,20,20,21,21,21,21,47,47,47,47,47,47,47,47,47,47,47,47,47,47,47,47,47,47,47,47,47,47,47,47,47,47,47,47,47,47,47,47,47,47,47,47,47,47,47,47,47,47,47,47,47,47,47,47,47,47,47,47,47,47,47,47,47,47,47,47,47,47,47,47,780,780,780,780,780,780,780,780,780,780,785,785,785,785,785,785,785,785,785,785,785,785,785,785,785,785,790,790,790,790,790,790,790,790,790,790,785,785,785,785,785,785,785,785,785,785,785,785,785,785,780,780,780,780,780,780,780,780,780,780,785,785,785,785
-10,20,20,20,20,20,21,21,21,21,21,21,21,21,21,21,21,21,21,21,21,21,22,22,22,22,22,22,22,22,22,22,22,22,22,21,21,21,21,21,21,21,21,21,21,21,21,21,20,20,20,20,20,20,20,20,20,20,20,21,21,21,21,21,21,47,47,47,47,47,47,47,47,47,47,47,47,47,47,47,47,47,47,47,47,47,47,47,47,47,47,47,47,47,47,47,47,47,47,47,47,47,47,47,47,47,47,47,47,47,47,47,47,47,47,47,47,47,47,47,47,47,47,47,47,47,47,47,47,780,780,780,780,780,785,785,785,785,785,785,785,785,785,785,785,785,785,785,785,785,790,790,790,790,790,790,790,790,790,790,790,790,790,785,785,785,785,785,785,785,785,785,785,785,785,785,780,780,780,780,780,780,780,780,780,780,780,785,785,785,785,785,785
-9.5,20,20,21,21,21,21,21,21,21,21,21,21,21,21,21,21,21,21,22,22,22,22,22,22,22,22,22,22,22,22,21,21,21,21,21,21,21,21,21,21,21,21,21,21,21,21,20,20,20,20,20,20,20,20,21,21,21,21,21,21,21,21,21,21,47,47,47,47,47,47,47,47,47,47,47,47,47,47,47,47,47,47,47,47,47,47,47,47,47,47,47,47,47,47,47,47,47,47,47,47,47,47,47,47,47,47,47,47,47,47,47,47,47,47,47,47,47,47,47,47,47,47,47,47,47,47,47,47,780,780,785,785,785,785,785,785,785,785,785,785,785,785,785,785,785,785,790,790,790,790,790,790,790,790,790,790,790,790,785,785,785,785,785,785,785,785,785,785,785,785,785,785,785,785,780,780,780,780,780,780,780,780,785,785,785,785,785,785,785,785,785,785
-9,21,21,21,21,21,21,21,21,21,21,21,21,21,21,21,22,22,22,22,22,22,22,22,22,22,22,21,21,21,21,21,21,21,21,21,21,21,21,20,20,20,20,20,20,20,20,20,20,20,20,20,21,21,21,21,21,21,21,21,21,21,21,21,21,47,47,47,47,47,47,47,47,47,47,47,47,47,47,47,47,47,47,47,47,47,47,47,47,47,47,47,47,47,47,47,47,47,47,47,47,47,47,47,47,47,47,47,47,47,47,47,47,47,47,47,47,47,47,47,47,47,47,47,47,47,47,47,47,785,785,785,785,785,785,785,785,785,785,785,785,785,785,785,790,790,790,790,790,790,790,790,790,790,790,785,785,785,785,785,785,785,785,785,785,785,785,780,780,780,780,780,780,780,780,780,780,780,780,780,785,785,785,785,785,785,785,785,785,785,785,785,785
-8.5,21,21,21,21,21,21,21,21,21,21,21,21,22,22,22,22,22,22,22,22,22,22,22,21,21,21,21,21,21,21,21,21,21,21,21,21,20,20,20,20,20,20,20,20,20,20,20,20,20,21,21,21,21,21,21,21,21,21,21,21,21,22,22,22,47,47,47,47,47,47,47,47,47,47,47,47,47,47,47,47,47,47,47,47,47,47,47,47,47,47,47,47,47,47,47,47,47,47,47,47,47,47,47,47,47,47,47,47,47,47,47,47,47,47,47,47,47,47,47,47,47,47,47,47,47,47,47,47,785,785,785,785,785,785,785,785,785,785,785,785,790,790,790,790,790,790,790,790,790,790,790,785,785,785,785,785,785,785,785,785,785,785,785,785,780,780,780,780,780,780,780,780,780,780,780,780,780,785,785,785,785,785,785,785,785,785,785,785,785,790,790,790
-8,21,21,21,21,21,21,22,22,22,22,22,22,22,22,22,22,22,22,22,22,21,21,21,21,21,21,21,21,21,21,21,21,21,21,21,20,20,20,20,20,20,20,20,20,20,20,21,21,21,21,21,21,21,21,21,21,21,21,21,22,22,22,22,22,47,47,47,47,47,47,47,47,47,47,47,47,47,47,47,47,47,47,47,47,47,47,47,47,47,47,47,47,47,47,47,47,47,47,47,47,47,47,47,47,47,47,47,47,47,47,47,47,47,47,47,47,47,47,47,47,47,47,47,47,47,47,47,47,785,785,785,785,785,785,790,790,790,790,790,790,790,790,790,790,790,790,790,790,785,785,785,785,785,785,785,785,785,785,785,785,785,785,785,780,780,780,780,780,780,780,780,780,780,780,785,785,785,785,785,785,785,785,785,785,785,785,785,790,790,790,790,790
-7.5,21,21,22,22,22,22,22,22,22,22,22,22,22,22,22,21,21,21,21,21,21,21,21,21,21,21,21,21,21,21,21,21,21,21,20,20,20,20,20,20,20,20,21,21,21,21,21,21,21,21,21,21,21,21,21,21,21,22,22,22,22,22,22,22,47,47,47,47,47,47,47,47,47,47,47,47,47,47,47,47,47,47,47,47,47,47,47,47,47,47,47,47,47,47,47,47,47,47,47,47,47,47,47,47,47,47,47,47,47,47,47,47,47,47,47,47,47,47,47,47,47,47,47,47,47,47,47,47,785,785,790,790,790,790,790,790,790,790,790,790,790,790,790,785,785,785,785,785,785,785,785,785,785,785,785,785,785,785,785,785,785,785,780,780,780,780,780,780,780,780,785,785,785,785,785,785,785,785,785,785,785,785,785,785,785,790,790,790,790,790,790,790
-7,21,21,22,22,22,22,22,22,22,22,22,22,22,22,21,21,21,21,21,21,21,21,21,21,21,21,20,20,20,20,20,20,20,20,20,20,20,21,21,21,21,21,21,21,21,21,21,21,21,21,21,22,22,22,22,22,22,22,22,22,22,22,22,21,47,47,47,47,47,47,47,47,47,47,47,47,47,47,47,47,47,47,47,47,47,47,47,47,47,47,47,47,47,47,47,47,47,47,47,47,47,47,47,47,47,47,47,47,47,47,47,47,47,47,47,47,47,47,47,47,47,47,47,47,47,47,47,47,785,785,790,790,790,790,790,790,790,790,790,790,790,790,785,785,785,785,785,785,785,785,785,785,785,785,780,780,780,780,780,780,780,780,780,780,780,785,785,785,785,785,785,785,785,785,785,785,785,785,785,790,790,790,790,790,790,790,790,790,790,790,790,785
-6.5,22,22,22,22,22,22,22,22,22,22,21,21,21,21,21,21,21,21,21,21,21,21,21,21,21,21,20,20,20,20,20,20,20,20,20,20,21,21,21,21,21,21,21,21,21,21,21,21,21,21,22,22,22,22,22,22,22,22,22,22,21,21,21,21,47,47,47,47,47,47,47,47,47,47,47,47,47,47,47,47,47,47,47,47,47,47,47,47,47,47,47,47,47,47,47,47,47,47,47,47,47,47,47,47,47,47,47,47,47,47,47,47,47,47,47,47,47,47,47,47,47,47,47,47,47,47,47,47,790,790,790,790,790,790,790,790,790,790,785,785,785,785,785,785,785,785,785,785,785,785,785,785,785,785,780,780,780,780,780,780,780,780,780,780,785,785,785,785,785,785,785,785,785,785,785,785,785,785,790,790,790,790,790,790,790,790,790,790,785,785,785,785
-6,22,22,22,22,22,21,21,21,21,21,21,21,21,21,21,21,21,21,21,21,21,20,20,20,20,20,20,20,20,20,20,20,20,20,21,21,21,21,21,21,21,21,21,21,21,21,21,22,22,22,22,22,22,22,22,22,22,22,21,21,21,21,21,21,47,47,47,47,47,47,47,47,47,47,47,47,47,47,47,47,47,47,47,47,47,47,47,47,47,47,47,47,47,47,47,47,47,47,47,47,47,47,47,47,47,47,47,47,47,47,47,47,47,47,47,47,47,47,47,47,47,47,47,47,47,47,47,47,790,790,790,790,790,785,785,785,785,785,785,785,785,785,785,785,785,785,785,785,785,780,780,780,780,780,780,780,780,780,780,780,780,780,785,785,785,785,785,785,785,785,785,785,785,785,785,790,790,790,790,790,790,790,790,790,790,790,785,785,785,785,785,785
-5.5,22,22,21,21,21,21,21,21,21,21,21,21,21,21,21,21,21,21,20,20,20,20,20,20,20,20,20,20,20,20,21,21,21,21,21,21,21,21,21,21,21,21,21,21,21,21,22,22,22,22,22,22,22,22,21,21,21,21,21,21,21,21,21,21,47,47,47,47,47,47,47,47,47,47,47,47,47,47,47,47,47,47,47,47,47,47,47,47,47,47,47,47,47,47,47,47,47,47,47,47,47,47,47,47,47,47,47,47,47,47,47,47,47,47,47,47,47,47,47,47,47,47,47,47,47,47,47,47,790,790,785,785,785,785,785,785,785,785,785,785,785,785,785,785,785,785,780,780,780,780,780,780,780,780,780,780,780,780,785,785,785,785,785,785,785,785,785,785,785,785,785,785,785,785,790,790,790,790,790,790,790,790,785,785,785,785,785,785,785,785,785,785
-5,21,21,21,21,21,21,21,21,21,21,21,21,21,21,21,20,20,20,20,20,20,20,20,20,20,20,21,21,21,21,21,21,21,21,21,21,21,21,22,22,22,22,22,22,22,22,22,22,22,22,22,21,21,21,21,21,21,21,21,21,21,21,21,21,47,47,47,47,47,47,47,47,47,47,47,47,47,47,47,47,47,47,47,47,47,47,47,47,47,47,47,47,47,47,47,47,47,47,47,47,47,47,47,47,47,47,47,47,47,47,47,47,47,47,47,47,47,47,47,47,47,47,47,47,47,47,47,47,785,785,785,785,785,785,785,785,785,785,785,785,785,785,785,780,780,780,780,780,780,780,780,780,780,780,785,785,785,785,785,785,785,785,785,785,785,785,790,790,790,790,790,790,790,790,790,790,790,790,790,785,785,785,785,785,785,785,785,785,785,785,785,785
-4.5,21,21,21,21,21,21,21,21,21,21,21,21,20,20,20,20,20,20,20,20,20,20,20,21,21,21,21,21,21,21,21,21,21,21,21,21,22,22,22,22,22,22,22,22,22,22,22,22,22,21,21,21,21,21,21,21,21,21,21,21,21,20,20,20,47,47,47,47,47,47,47,47,47,47,47,47,47,47,47,47,47,47,47,47,47,47,47,47,47,47,47,47,47,47,47,47,47,47,47,47,47,47,47,47,47,47,47,47,47,47,47,47,47,47,47,47,47,47,47,47,47,47,47,47,47,47,47,47,785,785,785,785,785,785,785,785,785,785,785,785,780,780,780,780,780,780,780,780,780,780,780,785,785,785,785,785,785,785,785,785,785,785,785,785,790,790,790,790,790,790,790,790,790,790,790,790,790,785,785,785,785,785,785,785,785,785,785,785,785,780,780,780
-4,21,21,21,21,21,21,20,20,20,20,20,20,20,20,20,20,20,20,20,20,21,21,21,21,21,21,21,21,21,21,21,21,21,21,21,22,22,22,22,22,22,22,22,22,22,22,21,21,21,21,21,21,21,21,21,21,21,21,21,20,20,20,20,20,47,47,47,47,47,47,47,47,47,47,47,47,47,47,47,47,47,47,47,47,47,47,47,47,47,47,47,47,47,47,47,47,47,47,47,47,47,47,47,47,47,47,47,47,47,47,47,47,47,47,47,47,47,47,47,47,47,47,47,47,47,47,47,47,785,785,785,785,785,785,780,780,780,780,780,780,780,780,780,780,780,780,780,780,785,785,785,785,785,785,785,785,785,785,785,785,785,785,785,790,790,790,790,790,790,790,790,790,790,790,785,785,785,785,785,785,785,785,785,785,785,785,785,780,780,780,780,780
-3.5,21,21,20,20,20,20,20,20,20,20,20,20,20,20,20,21,21,21,21,21,21,21,21,21,21,21,21,21,21,21,21,21,21,21,22,22,22,22,22,22,22,22,21,21,21,21,21,21,21,21,21,21,21,21,21,21,21,20,20,20,20,20,20,20,47,47,47,47,47,47,47,47,47,47,47,47,47,47,47,47,47,47,47,47,47,47,47,47,47,47,47,47,47,47,47,47,47,47,47,47,47,47,47,47,47,47,47,47,47,47,47,47,47,47,47,47,47,47,47,47,47,47,47,47,47,47,47,47,785,785,780,780,780,780,780,780,780,780,780,780,780,780,780,785,785,785,785,785,785,785,785,785,785,785,785,785,785,785,785,785,785,785,790,790,790,790,790,790,790,790,785,785,785,785,785,785,785,785,785,785,785,785,785,785,785,780,780,780,780,780,780,780
-3,21,21,21,21,21,21,21,21,21,21,21,21,21,21,21,21,21,21,21,21,21,21,21,21,21,21,22,22,22,22,22,22,22,22,22,22,22,21,21,21,21,21,21,21,21,21,21,21,21,21,21,21,21,21,21,21,21,21,21,21,21,21,21,20,47,47,47,47,47,47,47,47,47,47,47,47,47,47,47,47,47,47,47,47,47,47,47,47,47,47,47,47,47,47,47,47,47,47,47,47,47,47,47,47,47,47,47,47,47,47,47,47,47,47,47,47,47,47,47,47,47,47,47,47,47,47,47,47,785,785,785,785,785,785,785,785,785,785,785,785,785,785,785,785,785,785,785,785,785,785,785,785,785,785,790,790,790,790,790,790,790,790,790,790,790,785,785,785,785,785,785,785,785,785,785,785,785,785,785,785,785,785,785,785,785,785,785,785,785,785,785,780
-2.5,21,21,21,21,21,21,21,21,21,21,21,21,21,21,21,21,21,21,21,21,21,21,21,21,21,22,22,22,22,22,22,22,22,22,22,22,21,21,21,21,21,21,21,21,21,21,21,21,21,21,21,21,21,21,21,21,21,21,21,21,21,20,20,20,47,47,47,47,47,47,47,47,47,47,47,47,47,47,47,47,47,47,47,47,47,47,47,47,47,47,47,47,47,47,47,47,47,47,47,47,47,47,47,47,47,47,47,47,47,47,47,47,47,47,47,47,47,47,47,47,47,47,47,47,47,47,47,47,785,785,785,785,785,785,785,785,785,785,785,785,785,785,785,785,785,785,785,785,785,785,785,785,785,790,790,790,790,790,790,790,790,790,790,790,785,785,785,785,785,785,785,785,785,785,785,785,785,785,785,785,785,785,785,785,785,785,785,785,785,780,780,780
-2,21,21,21,21,21,21,21,21,21,21,21,21,21,21,21,21,21,21,21,21,22,22,22,22,22,22,22,22,22,22,22,22,22,22,21,21,21,21,21,21,21,21,21,21,21,21,21,21,21,21,21,21,21,21,21,21,21,21,20,20,20,20,20,20,47,47,47,47,47,47,47,47,47,47,47,47,47,47,47,47,47,47,47,47,47,47,47,47,47,47,47,47,47,47,47,47,47,47,47,47,47,47,47,47,47,47,47,47,47,47,47,47,47,47,47,47,47,47,47,47,47,47,47,47,47,47,47,47,785,785,785,785,785,785,785,785,785,785,785,785,785,785,785,785,785,785,785,785,790,790,790,790,790,790,790,790,790,790,790,790,790,790,785,785,785,785,785,785,785,785,785,785,785,785,785,785,785,785,785,785,785,785,785,785,785,785,780,780,780,780,780,780
-1.5,21,21,21,21,21,21,21,21,21,21,21,21,21,21,21,21,22,22,22,22,22,22,22,22,22,22,22,22,22,22,21,21,21,21,21,21,21,21,21,21,21,21,21,21,21,21,21,21,21,21,21,21,21,21,21,20,20,20,20,20,20,20,20,20,47,47,47,47,47,47,47,47,47,47,47,47,47,47,47,47,47,47,47,47,47,47,47,47,47,47,47,47,47,47,47,47,47,47,47,47,47,47,47,47,47,47,47,47,47,47,47,47,47,47,47,47,47,47,47,47,47,47,47,47,47,47,47,47,785,785,785,785,785,785,785,785,785,785,785,785,785,785,785,785,790,790,790,790,790,790,790,790,790,790,790,790,790,790,785,785,785,785,785,785,785,785,785,785,785,785,785,785,785,785,785,785,785,785,785,785,785,785,785,780,780,780,780,780,780,780,780,780
-1,21,21,21,21,21,21,21,21,21,21,21,21,21,21,21,21,21,21,21,21,21,21,21,21,21,22,21,21,21,21,21,21,21,21,21,21,21,21,21,21,21,21,21,21,21,21,21,21,21,22,21,21,20,20,20,21,21,21,21,21,22,22,21,21,47,47,47,47,47,47,47,47,47,47,47,47,47,47,47,47,47,47,47,47,47,47,47,47,47,47,47,47,47,47,47,47,47,47,47,47,47,47,47,47,47,47,47,47,47,47,47,47,47,47,47,47,47,47,47,47,47,47,47,47,47,47,47,47,785,785,785,785,785,785,785,785,785,785,785,785,785,785,785,785,785,785,785,785,785,785,785,785,785,790,785,785,785,785,785,785,785,785,785,785,785,785,785,785,785,785,785,785,785,785,785,785,785,790,785,785,780,780,780,785,785,785,785,785,790,790,785,785
-0.5,21,21,21,21,21,21,21,21,20,20,21,21,21,21,21,21,21,21,21,21,21,21,21,21,21,21,21,21,21,21,21,21,21,21,21,21,21,21,21,21,21,21,21,21,21,21,21,21,21,22,21,21,21,21,21,21,21,21,21,22,22,21,21,21,47,47,47,47,47,47,47,47,47,47,47,47,47,47,47,47,47,47,47,47,47,47,47,47,47,47,47,47,47,47,47,47,47,47,47,47,47,47,47,47,47,47,47,47,47,47,47,47,47,47,47,47,47,47,47,47,47,47,47,47,47,47,47,47,785,785,785,785,785,785,785,785,780,780,785,785,785,785,785,785,785,785,785,785,785,785,785,785,785,785,785,785,785,785,785,785,785,785,785,785,785,785,785,785,785,785,785,785,785,785,785,785,785,790,785,785,785,785,785,785,785,785,785,790,790,785,785,785
0,24,25,26,26,26,26,26,26,26,26,26,26,26,25,25,25,25,25,24,24,24,24,24,24,24,24,23,23,23,23,23,23,23,23,22,23,22,22,22,22,22,22,22,22,22,22,22,22,22,22,22,22,22,22,22,22,22,22,22,22,22,22,22,22,47,47,47,47,47,47,47,47,47,47,47,47,47,47,47,47,47,47,47,47,47,47,47,47,47,47,47,47,47,47,47,47,47,47,47,47,47,47,47,47,47,47,47,47,47,47,47,47,47,47,47,47,47,47,47,47,47,47,47,47,47,47,47,47,800,805,810,810,810,810,810,810,810,810,810,810,810,805,805,805,805,805,800,800,800,800,800,800,800,800,795,795,795,795,795,795,795,795,790,795,790,790,790,790,790,790,790,790,790,790,790,790,790,790,790,790,790,790,790,790,790,790,790,790,790,790,790,790
0.5,27,27,27,27,27,27,27,27,27,27,27,27,26,26,26,25,25,25,25,25,25,25,25,25,25,25,24,24,24,24,24,24,24,24,24,24,24,24,24,23,24,24,24,24,24,24,23,24,24,24,23,23,23,23,23,24,23,24,23,24,24,24,24,23,47,47,47,47,47,47,47,47,47,47,47,47,47,47,47,47,47,47,47,47,47,47,47,47,47,47,47,47,47,47,47,47,47,47,47,47,47,47,47,47,47,47,47,47,47,47,47,47,47,47,47,47,47,47,47,47,47,47,47,47,47,47,47,47,815,815,815,815,815,815,815,815,815,815,815,815,810,810,810,805,805,805,805,805,805,805,805,805,805,805,800,800,800,800,800,800,800,800,800,800,800,800,800,795,800,800,800,800,800,800,795,800,800,800,795,795,795,795,795,800,795,800,795,800,800,800,800,795
1,29,29,28,28,28,28,28,28,27,27,27,27,27,27,27,26,26,26,26,26,26,26,26,25,25,25,25,25,25,25,25,25,25,25,25,25,25,25,25,25,25,25,25,25,25,25,25,25,25,25,25,25,25,25,25,25,25,25,25,25,25,25,25,25,47,47,47,47,47,47,47,47,47,47,47,47,47,47,47,47,47,47,47,47,47,47,47,47,47,47,47,47,47,47,47,47,47,47,47,47,47,47,47,47,47,47,47,47,47,47,47,47,47,47,47,47,47,47,47,47,47,47,47,47,47,47,47,47,825,825,820,820,820,820,820,820,815,815,815,815,815,815,815,810,810,810,810,810,810,810,810,805,805,805,805,805,805,805,805,805,805,805,805,805,805,805,805,805,805,805,805,805,805,805,805,805,805,805,805,805,805,805,805,805,805,805,805,805,805,805,805,805
1.5,29,29,29,29,29,28,28,28,28,28,28,28,27,27,27,27,26,26,26,26,26,26,26,26,26,26,26,26,26,26,26,26,26,26,26,26,26,26,26,26,26,26,26,26,26,26,26,26,26,26,26,26,26,26,26,26,26,26,26,26,26,26,26,26,47,47,47,47,47,47,47,47,47,47,47,47,47,47,47,47,47,47,47,47,47,47,47,47,47,47,47,47,47,47,47,47,47,47,47,47,47,47,47,47,47,47,47,47,47,47,47,47,47,47,47,47,47,47,47,47,47,47,47,47,47,47,47,47,825,825,825,825,825,820,820,820,820,820,820,820,815,815,815,815,810,810,810,810,810,810,810,810,810,810,810,810,810,810,810,810,810,810,810,810,810,810,810,810,810,810,810,810,810,810,810,810,810,810,810,810,810,810,810,810,810,810,810,810,810,810,810,810
2,30,30,29,29,29,29,28,28,28,28,28,28,28,28,27,27,27,27,27,27,27,27,27,27,27,27,27,27,27,27,27,27,27,27,27,27,27,27,27,27,27,27,27,27,27,27,27,27,27,27,27,27,27,27,27,27,27,27,27,27,27,27,27,27,47,47,47,47,47,47,47,47,47,47,47,47,47,47,47,47,47,47,47,47,47,47,47,47,47,47,47,47,47,47,47,47,47,47,47,47,47,47,47,47,47,47,47,47,47,47,47,47,47,47,47,47,47,47,47,47,47,47,47,47,47,47,47,47,830,830,825,825,825,825,820,820,820,820,820,820,820,820,815,815,815,815,815,815,815,815,815,815,815,815,815,815,815,815,815,815,815,815,815,815,815,815,815,815,815,815,815,815,815,815,815,815,815,815,815,815,815,815,815,815,815,815,815,815,815,815,815,815
2.5,30,29,29,29,29,29,28,28,28,28,28,28,28,28,28,28,28,28,28,28,28,28,27,28,27,28,28,27,28,27,27,27,27,27,27,27,27,27,27,27,27,27,28,28,27,27,28,27,27,28,27,27,27,27,27,27,28,28,27,27,28,27,28,28,47,47,47,47,47,47,47,47,47,47,47,47,47,47,47,47,47,47,47,47,47,47,47,47,47,47,47,47,47,47,47,47,47,47,47,47,47,47,47,47,47,47,47,47,47,47,47,47,47,47,47,47,47,47,47,47,47,47,47,47,47,47,47,47,830,825,825,825,825,825,820,820,820,820,820,820,820,820,820,820,820,820,820,820,820,820,815,820,815,820,820,815,820,815,815,815,815,815,815,815,815,815,815,815,815,815,820,820,815,815,820,815,815,820,815,815,815,815,815,815,820,820,815,815,820,815,820,820
3,29,29,29,29,29,28,28,28,28,28,28,28,28,28,28,28,28,28,28,28,28,28,28,28,28,28,28,28,28,28,28,28,28,28,28,28,28,28,28,27,28,28,28,28,28,28,28,28,28,28,28,28,28,28,28,28,28,28,28,28,28,28,28,28,47,47,47,47,47,47,47,47,47,47,47,47,47,47,47,47,47,47,47,47,47,47,47,47,47,47,47,47,47,47,47,47,47,47,47,47,47,47,47,47,47,47,47,47,47,47,47,47,47,47,47,47,47,47,47,47,47,47,47,47,47,47,47,47,825,825,825,825,825,820,820,820,820,820,820,820,820,820,820,820,820,820,820,820,820,820,820,820,820,820,820,820,820,820,820,820,820,820,820,820,820,820,820,815,820,820,820,820,820,820,820,820,820,820,820,820,820,820,820,820,820,820,820,820,820,820,820,820
3.5,29,29,29,28,28,28,29,28,29,29,28,29,28,28,28,28,28,28,28,28,28,28,28,28,28,28,28,28,28,28,28,28,28,28,28,28,28,28,28,28,28,28,28,28,28,28,28,28,28,28,28,28,28,28,28,28,28,28,28,28,28,28,28,28,47,47,47,47,47,47,47,47,47,47,47,47,47,47,47,47,47,47,47,47,47,47,47,47,47,47,47,47,47,47,47,47,47,47,47,47,47,47,47,47,47,47,47,47,47,47,47,47,47,47,47,47,47,47,47,47,47,47,47,47,47,47,47,47,825,825,825,820,820,820,825,820,825,825,820,825,820,820,820,820,820,820,820,820,820,820,820,820,820,820,820,820,820,820,820,820,820,820,820,820,820,820,820,820,820,820,820,820,820,820,820,820,820,820,820,820,820,820,820,820,820,820,820,820,820,820,820,820
4,29,29,28,28,28,28,29,29,29,29,28,29,28,28,28,28,28,28,28,28,28,28,28,28,28,28,28,28,28,28,28,28,28,28,28,28,28,28,28,28,28,28,28,28,28,28,28,28,28,28,28,28,28,28,28,28,28,28,28,28,28,28,28,28,47,47,47,47,47,47,47,47,47,47,47,47,47,47,47,47,47,47,47,47,47,47,47,47,47,47,47,47,47,47,47,47,47,47,47,47,47,47,47,47,47,47,47,47,47,47,47,47,47,47,47,47,47,47,47,47,47,47,47,47,47,47,47,47,825,825,820,820,820,820,825,825,825,825,820,825,820,820,820,820,820,820,820,820,820,820,820,820,820,820,820,820,820,820,820,820,820,820,820,820,820,820,820,820,820,820,820,820,820,820,820,820,820,820,820,820,820,820,820,820,820,820,820,820,820,820,820,820
4.5,29,29,28,28,28,28,29,29,29,29,28,29,28,28,28,28,28,28,28,28,28,29,28,28,28,28,28,28,28,28,28,28,28,28,28,28,28,28,28,28,28,28,28,28,28,28,28,28,28,28,28,28,28,28,28,28,28,28,28,28,28,28,28,28,47,47,47,47,47,47,47,47,47,47,47,47,47,47,47,47,47,47,47,47,47,47,47,47,47,47,47,47,47,47,47,47,47,47,47,47,47,47,47,47,47,47,47,47,47,47,47,47,47,47,47,47,47,47,47,47,47,47,47,47,47,47,47,47,825,825,820,820,820,820,825,825,825,825,820,825,820,820,820,820,820,820,820,820,820,825,820,820,820,820,820,820,820,820,820,820,820,820,820,820,820,820,820,820,820,820,820,820,820,820,820,820,820,820,820,820,820,820,820,820,820,820,820,820,820,820,820,820
5,29,29,28,28,28,28,29,29,29,29,29,29,29,29,28,28,29,28,29,29,28,29,29,28,28,29,28,28,28,28,28,28,28,28,28,28,28,28,28,28,28,28,28,28,28,28,28,28,28,28,28,28,28,28,28,28,28,28,28,28,28,28,28,28,47,47,47,47,47,47,47,47,47,47,47,47,47,47,47,47,47,47,47,47,47,47,47,47,47,47,47,47,47,47,47,47,47,47,47,47,47,47,47,47,47,47,47,47,47,47,47,47,47,47,47,47,47,47,47,47,47,47,47,47,47,47,47,47,825,825,820,820,820,820,825,825,825,825,825,825,825,825,820,820,825,820,825,825,820,825,825,820,820,825,820,820,820,820,820,820,820,820,820,820,820,820,820,820,820,820,820,820,820,820,820,820,820,820,820,820,820,820,820,820,820,820,820,820,820,820,820,820
5.5,29,29,29,29,29,29,29,29,29,29,29,29,29,29,29,29,29,29,29,29,29,29,29,29,29,29,29,29,29,29,29,29,29,28,28,28,28,28,28,28,28,28,28,28,28,28,29,28,28,28,28,29,28,28,28,28,28,28,28,28,28,28,28,28,47,47,47,47,47,47,47,47,47,47,47,47,47,47,47,47,47,47,47,47,47,47,47,47,47,47,47,47,47,47,47,47,47,47,47,47,47,47,47,47,47,47,47,47,47,47,47,47,47,47,47,47,47,47,47,47,47,47,47,47,47,47,47,47,825,825,825,825,825,825,825,825,825,825,825,825,825,825,825,825,825,825,825,825,825,825,825,825,825,825,825,825,825,825,825,825,825,820,820,820,820,820,820,820,820,820,820,820,820,820,825,820,820,820,820,825,820,820,820,820,820,820,820,820,820,820,820,820
6,29,29,29,29,29,29,29,30,30,29,29,29,29,29,29,29,29,29,29,29,29,29,29,29,29,29,29,29,29,29,29,29,29,29,29,29,29,29,28,28,29,29,29,29,29,29,29,29,28,29,29,29,28,29,28,29,29,28,28,29,28,28,28,28,47,47,47,47,47,47,47,47,47,47,47,47,47,47,47,47,47,47,47,47,47,47,47,47,47,47,47,47,47,47,47,47,47,47,47,47,47,47,47,47,47,47,47,47,47,47,47,47,47,47,47,47,47,47,47,47,47,47,47,47,47,47,47,47,825,825,825,825,825,825,825,830,830,825,825,825,825,825,825,825,825,825,825,825,825,825,825,825,825,825,825,825,825,825,825,825,825,825,825,825,825,825,820,820,825,825,825,825,825,825,825,825,820,825,825,825,820,825,820,825,825,820,820,825,820,820,820,820
6.5,30,29,29,29,29,29,29,30,29,29,30,29,30,30,29,30,30,30,30,30,30,29,30,30,30,30,29,29,29,29,29,29,29,29,29,29,29,29,29,29,29,29,29,29,29,29,29,29,29,29,29,29,28,29,29,29,29,29,29,29,29,29,29,28,47,47,47,47,47,47,47,47,47,47,47,47,47,47,47,47,47,47,47,47,47,47,47,47,47,47,47,47,47,47,47,47,47,47,47,47,47,47,47,47,47,47,47,47,47,47,47,47,47,47,47,47,47,47,47,47,47,47,47,47,47,47,47,47,830,825,825,825,825,825,825,830,825,825,830,825,830,830,825,830,830,830,830,830,830,825,830,830,830,830,825,825,825,825,825,825,825,825,825,825,825,825,825,825,825,825,825,825,825,825,825,825,825,825,825,825,820,825,825,825,825,825,825,825,825,825,825,820
7,30,30,30,30,30,30,29,30,29,29,30,30,30,30,30,30,30,30,29,30,30,29,30,30,30,30,30,30,30,30,30,30,30,30,30,30,29,29,29,29,30,30,30,30,29,29,30,29,29,30,29,30,29,29,29,29,29,29,29,29,29,29,29,29,47,47,47,47,47,47,47,47,47,47,47,47,47,47,47,47,47,47,47,47,47,47,47,47,47,47,47,47,47,47,47,47,47,47,47,47,47,47,47,47,47,47,47,47,47,47,47,47,47,47,47,47,47,47,47,47,47,47,47,47,47,47,47,47,830,830,830,830,830,830,825,830,825,825,830,830,830,830,830,830,830,830,825,830,830,825,830,830,830,830,830,830,830,830,830,830,830,830,830,830,825,825,825,825,830,830,830,830,825,825,830,825,825,830,825,830,825,825,825,825,825,825,825,825,825,825,825,825
7.5,30,30,30,30,30,30,30,30,30,30,30,30,30,30,30,29,29,30,29,30,30,30,30,30,30,30,30,29,30,30,30,29,30,29,30,30,30,30,30,30,30,30,30,30,30,30,30,30,30,30,30,30,29,30,30,30,29,29,29,29,30,30,29,29,47,47,47,47,47,47,47,47,47,47,47,47,47,47,47,47,47,47,47,47,47,47,47,47,47,47,47,47,47,47,47,47,47,47,47,47,47,47,47,47,47,47,47,47,47,47,47,47,47,47,47,47,47,47,47,47,47,47,47,47,47,47,47,47,830,830,830,830,830,830,830,830,830,830,830,830,830,830,830,825,825,830,825,830,830,830,830,830,830,830,830,825,830,830,830,825,830,825,830,830,830,830,830,830,830,830,830,830,830,830,830,830,830,830,830,830,825,830,830,830,825,825,825,825,830,830,825,825
8,30,30,30,30,30,30,30,30,30,30,30,30,30,30,30,30,30,30,30,30,30,30,30,30,30,30,30,29,30,30,30,30,30,30,30,30,30,30,30,30,30,30,30,30,30,30,30,30,30,30,30,30,30,30,30,30,30,30,30,30,30,30,30,29,47,47,47,47,47,47,47,47,47,47,47,47,47,47,47,47,47,47,47,47,47,47,47,47,47,47,47,47,47,47,47,47,47,47,47,47,47,47,47,47,47,47,47,47,47,47,47,47,47,47,47,47,47,47,47,47,47,47,47,47,47,47,47,47,830,830,830,830,830,830,830,830,830,830,830,830,830,830,830,830,830,830,830,830,830,830,830,830,830,830,830,825,830,830,830,830,830,830,830,830,830,830,830,830,830,830,830,830,830,830,830,830,830,830,830,830,830,830,830,830,830,830,830,830,830,830,830,825
8.5,30,30,30,30,30,30,30,30,30,30,30,30,30,30,30,30,30,30,30,30,30,30,30,30,30,30,30,30,30,30,30,30,30,30,30,30,30,30,30,30,30,30,30,30,30,30,30,30,30,30,30,30,30,30,30,30,30,30,30,30,30,30,30,30,47,47,47,47,47,47,47,47,47,47,47,47,47,47,47,47,47,47,47,47,47,47,47,47,47,47,47,47,47,47,47,47,47,47,47,47,47,47,47,47,47,47,47,47,47,47,47,47,47,47,47,47,47,47,47,47,47,47,47,47,47,47,47,47,830,830,830,830,830,830,830,830,830,830,830,830,830,830,830,830,830,830,830,830,830,830,830,830,830,830,830,830,830,830,830,830,830,830,830,830,830,830,830,830,830,830,830,830,830,830,830,830,830,830,830,830,830,830,830,830,830,830,830,830,830,830,830,830
9,30,30,30,30,30,30,30,30,30,30,30,30,30,30,30,30,30,30,30,30,30,30,30,30,30,30,30,30,30,30,30,30,30,30,30,30,30,30,30,30,30,30,30,30,30,30,30,30,30,30,30,30,30,30,30,30,30,30,30,30,30,30,30,30,47,47,47,47,47,47,47,47,47,47,47,47,47,47,47,47,47,47,47,47,47,47,47,47,47,47,47,47,47,47,47,47,47,47,47,47,47,47,47,47,47,47,47,47,47,47,47,47,47,47,47,47,47,47,47,47,47,47,47,47,47,47,47,47,830,830,830,830,830,830,830,830,830,830,830,830,830,830,830,830,830,830,830,830,830,830,830,830,830,830,830,830,830,830,830,830,830,830,830,830,830,830,830,830,830,830,830,830,830,830,830,830,830,830,830,830,830,830,830,830,830,830,830,830,830,830,830,830
9.5,30,30,30,30,30,30,30,30,30,30,30,30,30,30,30,30,30,30,30,30,30,30,30,30,30,30,30,30,30,30,30,30,30,30,30,30,30,30,30,30,30,30,30,30,30,30,30,30,30,30,30,30,30,30,30,30,30,30,30,30,30,30,30,30,47,47,47,47,47,47,47,47,47,47,47,47,47,47,47,47,47,47,47,47,47,47,47,47,47,47,47,47,47,47,47,47,47,47,47,47,47,47,47,47,47,47,47,47,47,47,47,47,47,47,47,47,47,47,47,47,47,47,47,47,47,47,47,47,830,830,830,830,830,830,830,830,830,830,830,830,830,830,830,830,830,830,830,830,830,830,830,830,830,830,830,830,830,830,830,830,830,830,830,830,830,830,830,830,830,830,830,830,830,830,830,830,830,830,830,830,830,830,830,830,830,830,830,830,830,830,830,830
10,30,30,31,30,30,30,31,30,30,30,30,30,30,30,30,30,30,30,30,30,30,30,30,30,30,30,30,30,30,30,30,30,30,30,30,30,30,30,30,30,30,30,30,30,30,30,30,30,30,30,30,30,30,30,30,30,30,30,30,30,30,30,30,30,47,47,47,47,47,47,47,47,47,47,47,47,47,47,47,47,47,47,47,47,47,47,47,47,47,47,47,47,47,47,47,47,47,47,47,47,47,47,47,47,47,47,47,47,47,47,47,47,47,47,47,47,47,47,47,47,47,47,47,47,47,47,47,47,830,830,835,830,830,830,835,830,830,830,830,830,830,830,830,830,830,830,830,830,830,830,830,830,830,830,830,830,830,830,830,830,830,830,830,830,830,830,830,830,830,830,830,830,830,830,830,830,830,830,830,830,830,830,830,830,830,830,830,830,830,830,830,830
10.5,30,30,31,30,30,30,30,30,30,30,30,30,30,30,30,30,30,30,30,30,30,30,30,30,30,30,30,30,30,30,30,30,30,30,30,30,30,30,30,30,30,30,30,30,30,30,30,30,30,30,30,30,30,30,30,30,30,30,30,30,30,30,30,30,47,47,47,47,47,47,47,47,47,47,47,47,47,47,47,47,47,47,47,47,47,47,47,47,47,47,47,47,47,47,47,47,47,47,47,47,47,47,47,47,47,47,47,47,47,47,47,47,47,47,47,47,47,47,47,47,47,47,47,47,47,47,47,47,830,830,835,830,830,830,830,830,830,830,830,830,830,830,830,830,830,830,830,830,830,830,830,830,830,830,830,830,830,830,830,830,830,830,830,830,830,830,830,830,830,830,830,830,830,830,830,830,830,830,830,830,830,830,830,830,830,830,830,830,830,830,830,830
11,30,30,30,30,30,30,30,30,30,30,30,30,30,30,30,30,30,30,30,30,30,30,30,30,30,30,30,30,30,30,30,30,30,30,30,30,30,30,30,30,30,30,30,30,30,30,30,30,30,30,30,30,30,30,30,30,30,30,30,30,30,30,30,30,47,47,47,47,47,47,47,47,47,47,47,47,47,47,47,47,47,47,47,47,47,47,47,47,47,47,47,47,47,47,47,47,47,47,47,47,47,47,47,47,47,47,47,47,47,47,47,47,47,47,47,47,47,47,47,47,47,47,47,47,47,47,47,47,830,830,830,830,830,830,830,830,830,830,830,830,830,830,830,830,830,830,830,830,830,830,830,830,830,830,830,830,830,830,830,830,830,830,830,830,830,830,830,830,830,830,830,830,830,830,830,830,830,830,830,830,830,830,830,830,830,830,830,830,830,830,830,830
11.5,30,30,30,30,30,30,30,30,30,30,30,30,30,30,30,30,30,30,30,30,30,30,30,30,30,30,30,30,30,30,30,30,30,30,30,30,30,30,30,30,30,30,30,30,30,30,30,30,30,30,30,30,30,30,30,30,30,30,30,30,30,30,30,30,47,47,47,47,47,47,47,47,47,47,47,47,47,47,47,47,47,47,47,47,47,47,47,47,47,47,47,47,47,47,47,47,47,47,47,47,47,47,47,47,47,47,47,47,47,47,47,47,47,47,47,47,47,47,47,47,47,47,47,47,47,47,47,47,830,830,830,830,830,830,830,830,830,830,830,830,830,830,830,830,830,830,830,830,830,830,830,830,830,830,830,830,830,830,830,830,830,830,830,830,830,830,830,830,830,830,830,830,830,830,830,830,830,830,830,830,830,830,830,830,830,830,830,830,830,830,830,830
12,30,30,30,30,30,30,30,30,30,30,30,30,30,30,30,30,30,30,30,30,30,30,30,30,30,30,30,30,30,30,30,30,30,30,30,30,30,30,30,30,30,30,30,30,30,30,30,30,30,30,30,30,30,30,30,30,30,30,30,30,30,30,30,30,47,47,47,47,47,47,47,47,47,47,47,47,47,47,47,47,47,47,47,47,47,47,47,47,47,47,47,47,47,47,47,47,47,47,47,47,47,47,47,47,47,47,47,47,47,47,47,47,47,47,47,47,47,47,47,47,47,47,47,47,47,47,47,47,830,830,830,830,830,830,830,830,830,830,830,830,830,830,830,830,830,830,830,830,830,830,830,830,830,830,830,830,830,830,830,830,830,830,830,830,830,830,830,830,830,830,830,830,830,830,830,830,830,830,830,830,830,830,830,830,830,830,830,830,830,830,830,830
12.5,30,30,30,30,30,30,30,30,30,30,30,30,31,30,30,30,30,30,30,31,30,30,30,30,30,30,30,30,30,30,30,30,30,30,30,30,30,30,30,30,30,30,30,30,30,30,30,29,30,30,30,30,30,30,30,30,30,30,30,29,30,30,30,30,47,47,47,47,47,47,47,47,47,47,47,47,47,47,47,47,47,47,47,47,47,47,47,47,47,47,47,47,47,47,47,47,47,47,47,47,47,47,47,47,47,47,47,47,47,47,47,47,47,47,47,47,47,47,47,47,47,47,47,47,47,47,47,47,830,830,830,830,830,830,830,830,830,830,830,830,835,830,830,830,830,830,830,835,830,830,830,830,830,830,830,830,830,830,830,830,830,830,830,830,830,830,830,830,830,830,830,830,830,830,830,825,830,830,830,830,830,830,830,830,830,830,830,825,830,830,830,830
13,30,30,30,30,30,30,30,30,30,30,30,30,30,30,30,30,30,30,30,30,30,30,30,30,30,30,30,30,30,30,30,30,30,30,30,30,30,30,30,30,30,30,30,30,30,30,30,29,30,30,30,30,30,30,30,30,30,30,30,29,30,30,30,30,47,47,47,47,47,47,47,47,47,47,47,47,47,47,47,47,47,47,47,47,47,47,47,47,47,47,47,47,47,47,47,47,47,47,47,47,47,47,47,47,47,47,47,47,47,47,47,47,47,47,47,47,47,47,47,47,47,47,47,47,47,47,47,47,830,830,830,830,830,830,830,830,830,830,830,830,830,830,830,830,830,830,830,830,830,830,830,830,830,830,830,830,830,830,830,830,830,830,830,830,830,830,830,830,830,830,830,830,830,830,830,825,830,830,830,830,830,830,830,830,830,830,830,825,830,830,830,830
13.5,30,30,30,30,30,30,30,31,30,30,30,30,30,30,30,30,30,30,30,30,30,30,30,30,30,30,30,30,30,30,30,30,30,30,30,30,30,29,29,30,30,30,30,30,30,30,30,30,30,30,30,29,30,30,30,30,30,30,30,30,30,30,30,30,47,47,47,47,47,47,47,47,47,47,47,47,47,47,47,47,47,47,47,47,47,47,47,47,47,47,47,47,47,47,47,47,47,47,47,47,47,47,47,47,47,47,47,47,47,47,47,47,47,47,47,47,47,47,47,47,47,47,47,47,47,47,47,47,830,830,830,830,830,830,830,835,830,830,830,830,830,830,830,830,830,830,830,830,830,830,830,830,830,830,830,830,830,830,830,830,830,830,830,830,830,825,825,830,830,830,830,830,830,830,830,830,830,830,830,825,830,830,830,830,830,830,830,830,830,830,830,830
14,30,30,30,30,30,30,30,30,30,30,30,30,30,30,30,30,30,30,30,30,31,30,30,30,30,30,30,30,30,30,30,30,30,30,30,30,30,29,29,30,30,30,30,30,30,30,30,30,30,30,30,30,30,30,29,30,30,30,30,30,30,30,30,30,47,47,47,47,47,47,47,47,47,47,47,47,47,47,47,47,47,47,47,47,47,47,47,47,47,47,47,47,47,47,47,47,47,47,47,47,47,47,47,47,47,47,47,47,47,47,47,47,47,47,47,47,47,47,47,47,47,47,47,47,47,47,47,47,830,830,830,830,830,830,830,830,830,830,830,830,830,830,830,830,830,830,830,830,835,830,830,830,830,830,830,830,830,830,830,830,830,830,830,830,830,825,825,830,830,830,830,830,830,830,830,830,830,830,830,830,830,830,825,830,830,830,830,830,830,830,830,830
14.5,30,30,30,30,30,30,30,30,30,30,30,30,30,30,30,30,30,30,30,30,30,30,30,30,30,30,30,30,30,30,30,30,30,29,30,29,30,30,29,30,30,30,30,29,30,30,30,30,30,30,30,29,30,30,30,30,30,30,30,30,30,30,30,30,47,47,47,47,47,47,47,47,47,47,47,47,47,47,47,47,47,47,47,47,47,47,47,47,47,47,47,47,47,47,47,47,47,47,47,47,47,47,47,47,47,47,47,47,47,47,47,47,47,47,47,47,47,47,47,47,47,47,47,47,47,47,47,47,830,830,830,830,830,830,830,830,830,830,830,830,830,830,830,830,830,830,830,830,830,830,830,830,830,830,830,830,830,830,830,830,830,825,830,825,830,830,825,830,830,830,830,825,830,830,830,830,830,830,830,825,830,830,830,830,830,830,830,830,830,830,830,830
15,30,30,30,30,30,30,30,30,30,30,30,30,30,30,30,30,30,30,30,30,30,30,30,30,30,30,30,30,30,30,29,30,30,30,30,30,30,30,30,30,30,30,30,29,30,30,30,30,30,30,30,29,30,30,30,30,30,30,29,30,30,30,30,30,47,47,47,47,47,47,47,47,47,47,47,47,47,47,47,47,47,47,47,47,47,47,47,47,47,47,47,47,47,47,47,47,47,47,47,47,47,47,47,47,47,47,47,47,47,47,47,47,47,47,47,47,47,47,47,47,47,47,47,47,47,47,47,47,830,830,830,830,830,830,830,830,830,830,830,830,830,830,830,830,830,830,830,830,830,830,830,830,830,830,830,830,830,830,825,830,830,830,830,830,830,830,830,830,830,830,830,825,830,830,830,830,830,830,830,825,830,830,830,830,830,830,825,830,830,830,830,830
15.5,30,30,30,29,30,30,30,30,30,30,30,30,30,30,30,30,30,30,30,30,30,30,30,30,30,30,30,30,30,30,30,30,30,30,30,30,30,30,30,29,30,30,30,30,30,30,30,30,30,30,30,29,30,30,30,30,30,30,30,30,30,30,30,30,47,47,47,47,47,47,47,47,47,47,47,47,47,47,47,47,47,47,47,47,47,47,47,47,47,47,47,47,47,47,47,47,47,47,47,47,47,47,47,47,47,47,47,47,47,47,47,47,47,47,47,47,47,47,47,47,47,47,47,47,47,47,47,47,830,830,830,825,830,830,830,830,830,830,830,830,830,830,830,830,830,830,830,830,830,830,830,830,830,830,830,830,830,830,830,830,830,830,830,830,830,830,830,825,830,830,830,830,830,830,830,830,830,830,830,825,830,830,830,830,830,830,830,830,830,830,830,830
16,30,30,30,30,30,30,30,30,30,30,30,30,30,30,30,30,30,30,30,30,30,30,30,30,30,30,30,30,30,30,30,30,30,29,30,29,30,30,30,29,30,30,30,30,30,30,30,30,30,30,30,29,30,29,30,30,30,30,29,30,29,30,29,30,47,47,47,47,47,47,47,47,47,47,47,47,47,47,47,47,47,47,47,47,47,47,47,47,47,47,47,47,47,47,47,47,47,47,47,47,47,47,47,47,47,47,47,47,47,47,47,47,47,47,47,47,47,47,47,47,47,47,47,47,47,47,47,47,830,830,830,830,830,830,830,830,830,830,830,830,830,830,830,830,830,830,830,830,830,830,830,830,830,830,830,830,830,830,830,830,830,825,830,825,830,830,830,825,830,830,830,830,830,830,830,830,830,830,830,825,830,825,830,830,830,830,825,830,825,830,825,830
16.5,30,30,30,30,30,30,30,30,30,30,30,30,30,30,30,30,30,30,30,30,30,30,30,30,30,30,30,30,30,30,30,30,30,29,29,30,30,30,30,29,30,30,30,30,30,30,30,30,30,30,30,29,30,30,30,29,30,30,29,30,29,30,29,30,47,47,47,47,47,47,47,47,47,47,47,47,47,47,47,47,47,47,47,47,47,47,47,47,47,47,47,47,47,47,47,47,47,47,47,47,47,47,47,47,47,47,47,47,47,47,47,47,47,47,47,47,47,47,47,47,47,47,47,47,47,47,47,47,830,830,830,830,830,830,830,830,830,830,830,830,830,830,830,830,830,830,830,830,830,830,830,830,830,830,830,830,830,830,830,830,830,825,825,830,830,830,830,825,830,830,830,830,830,830,830,830,830,830,830,825,830,830,830,825,830,830,825,830,825,830,825,830
17,30,30,30,30,30,29,30,30,30,30,30,30,30,30,30,30,30,30,30,30,30,30,30,30,30,30,30,30,30,30,30,29,30,29,29,30,30,30,30,29,30,30,30,30,30,30,30,30,30,30,30,30,30,30,30,29,30,30,29,30,29,30,29,30,47,47,47,47,47,47,47,47,47,47,47,47,47,47,47,47,47,47,47,47,47,47,47,47,47,47,47,47,47,47,47,47,47,47,47,47,47,47,47,47,47,47,47,47,47,47,47,47,47,47,47,47,47,47,47,47,47,47,47,47,47,47,47,47,830,830,830,830,830,825,830,830,830,830,830,830,830,830,830,830,830,830,830,830,830,830,830,830,830,830,830,830,830,830,830,825,830,825,825,830,830,830,830,825,830,830,830,830,830,830,830,830,830,830,830,830,830,830,830,825,830,830,825,830,825,830,825,830
17.5,30,29,30,30,30,29,30,30,30,30,30,30,30,30,30,30,30,30,30,30,29,30,30,30,30,30,29,30,29,30,30,30,29,29,30,30,30,30,30,29,30,30,30,30,29,29,30,30,30,30,30,30,30,30,30,29,30,29,29,30,30,30,29,30,47,47,47,47,47,47,47,47,47,47,47,47,47,47,47,47,47,47,47,47,47,47,47,47,47,47,47,47,47,47,47,47,47,47,47,47,47,47,47,47,47,47,47,47,47,47,47,47,47,47,47,47,47,47,47,47,47,47,47,47,47,47,47,47,830,825,830,830,830,825,830,830,830,830,830,830,830,830,830,830,830,830,830,830,825,830,830,830,830,830,825,830,825,830,830,830,825,825,830,830,830,830,830,825,830,830,830,830,825,825,830,830,830,830,830,830,830,830,830,825,830,825,825,830,830,830,825,830
18,30,29,30,30,30,30,30,30,30,30,30,30,30,30,30,30,30,30,30,30,30,30,29,30,30,30,29,30,30,30,30,30,30,30,30,30,30,30,30,29,30,30,30,30,30,30,30,30,30,30,30,30,29,30,30,29,30,30,30,29,29,30,30,30,47,47,47,47,47,47,47,47,47,47,47,47,47,47,47,47,47,47,47,47,47,47,47,47,47,47,47,47,47,47,47,47,47,47,47,47,47,47,47,47,47,47,47,47,47,47,47,47,47,47,47,47,47,47,47,47,47,47,47,47,47,47,47,47,830,825,830,830,830,830,830,830,830,830,830,830,830,830,830,830,830,830,830,830,830,830,825,830,830,830,825,830,830,830,830,830,830,830,830,830,830,830,830,825,830,830,830,830,830,830,830,830,830,830,830,830,825,830,830,825,830,830,830,825,825,830,830,830
18.5,30,30,30,30,30,30,30,30,30,30,30,30,29,30,30,30,30,30,30,30,29,30,30,30,30,30,30,30,30,30,30,30,30,30,30,30,30,30,30,29,30,30,30,30,30,30,30,30,30,30,29,30,29,30,30,30,30,29,30,29,29,30,30,30,47,47,47,47,47,47,47,47,47,47,47,47,47,47,47,47,47,47,47,47,47,47,47,47,47,47,47,47,47,47,47,47,47,47,47,47,47,47,47,47,47,47,47,47,47,47,47,47,47,47,47,47,47,47,47,47,47,47,47,47,47,47,47,47,830,830,830,830,830,830,830,830,830,830,830,830,825,830,830,830,830,830,830,830,825,830,830,830,830,830,830,830,830,830,830,830,830,830,830,830,830,830,830,825,830,830,830,830,830,830,830,830,830,830,825,830,825,830,830,830,830,825,830,825,825,830,830,830
19,30,30,30,30,30,29,30,30,30,30,29,30,29,30,29,30,29,30,30,30,29,30,30,30,30,30,29,30,29,30,29,30,30,29,30,30,30,30,30,30,30,30,30,30,30,30,30,30,30,30,30,30,29,30,30,30,30,29,30,29,29,30,30,30,47,47,47,47,47,47,47,47,47,47,47,47,47,47,47,47,47,47,47,47,47,47,47,47,47,47,47,47,47,47,47,47,47,47,47,47,47,47,47,47,47,47,47,47,47,47,47,47,47,47,47,47,47,47,47,47,47,47,47,47,47,47,47,47,830,830,830,830,830,825,830,830,830,830,825,830,825,830,825,830,825,830,830,830,825,830,830,830,830,830,825,830,825,830,825,830,830,825,830,830,830,830,830,830,830,830,830,830,830,830,830,830,830,830,830,830,825,830,830,830,830,825,830,825,825,830,830,830
19.5,30,30,30,30,30,29,29,29,30,30,29,30,30,29,29,30,29,29,30,30,30,30,29,30,30,30,29,30,29,29,29,30,30,29,30,30,30,30,30,29,30,30,30,30,30,30,30,30,30,30,30,30,29,29,30,29,30,29,30,30,29,30,30,29,47,47,47,47,47,47,47,47,47,47,47,47,47,47,47,47,47,47,47,47,47,47,47,47,47,47,47,47,47,47,47,47,47,47,47,47,47,47,47,47,47,47,47,47,47,47,47,47,47,47,47,47,47,47,47,47,47,47,47,47,47,47,47,47,830,830,830,830,830,825,825,825,830,830,825,830,830,825,825,830,825,825,830,830,830,830,825,830,830,830,825,830,825,825,825,830,830,825,830,830,830,830,830,825,830,830,830,830,830,830,830,830,830,830,830,830,825,825,830,825,830,825,830,830,825,830,830,825
20,30,29,30,30,30,29,29,30,30,30,29,30,29,29,29,30,30,30,30,30,30,30,29,30,30,29,29,30,29,29,29,30,30,30,30,30,30,30,30,29,30,30,30,30,30,30,30,30,30,30,30,29,29,29,29,29,30,30,30,30,29,30,30,29,47,47,47,47,47,47,47,47,47,47,47,47,47,47,47,47,47,47,47,47,47,47,47,47,47,47,47,47,47,47,47,47,47,47,47,47,47,47,47,47,47,47,47,47,47,47,47,47,47,47,47,47,47,47,47,47,47,47,47,47,47,47,47,47,830,825,830,830,830,825,825,830,830,830,825,830,825,825,825,830,830,830,830,830,830,830,825,830,830,825,825,830,825,825,825,830,830,830,830,830,830,830,830,825,830,830,830,830,830,830,830,830,830,830,830,825,825,825,825,825,830,830,830,830,825,830,830,825
20.5,30,29,30,29,29,30,30,30,29,29,30,30,29,30,29,30,29,30,30,30,30,30,30,29,29,30,29,30,29,30,30,30,30,30,30,30,30,30,29,30,30,30,30,30,30,30,30,30,30,29,30,29,29,29,29,30,30,29,30,30,29,30,29,29,47,47,47,47,47,47,47,47,47,47,47,47,47,47,47,47,47,47,47,47,47,47,47,47,47,47,47,47,47,47,47,47,47,47,47,47,47,47,47,47,47,47,47,47,47,47,47,47,47,47,47,47,47,47,47,47,47,47,47,47,47,47,47,47,830,825,830,825,825,830,830,830,825,825,830,830,825,830,825,830,825,830,830,830,830,830,830,825,825,830,825,830,825,830,830,830,830,830,830,830,830,830,825,830,830,830,830,830,830,830,830,830,830,825,830,825,825,825,825,830,830,825,830,830,825,830,825,825
21,30,29,29,29,29,30,30,30,29,29,30,30,30,30,29,29,29,29,30,30,30,30,30,29,29,30,29,30,29,30,30,30,30,30,30,29,30,30,29,28,30,30,30,30,30,30,29,29,30,29,29,30,29,29,29,29,30,29,29,30,29,29,29,29,47,47,47,47,47,47,47,47,47,47,47,47,47,47,47,47,47,47,47,47,47,47,47,47,47,47,47,47,47,47,47,47,47,47,47,47,47,47,47,47,47,47,47,47,47,47,47,47,47,47,47,47,47,47,47,47,47,47,47,47,47,47,47,47,830,825,825,825,825,830,830,830,825,825,830,830,830,830,825,825,825,825,830,830,830,830,830,825,825,830,825,830,825,830,830,830,830,830,830,825,830,830,825,820,830,830,830,830,830,830,825,825,830,825,825,830,825,825,825,825,830,825,825,830,825,825,825,825
21.5,30,29,29,29,29,30,30,30,30,30,30,30,30,30,29,29,29,29,30,30,30,30,30,29,29,30,29,30,30,30,29,30,29,30,30,29,29,29,29,28,30,30,30,30,29,29,29,29,30,29,29,30,29,29,29,29,29,29,29,30,29,29,29,29,47,47,47,47,47,47,47,47,47,47,47,47,47,47,47,47,47,47,47,47,47,47,47,47,47,47,47,47,47,47,47,47,47,47,47,47,47,47,47,47,47,47,47,47,47,47,47,47,47,47,47,47,47,47,47,47,47,47,47,47,47,47,47,47,830,825,825,825,825,830,830,830,830,830,830,830,830,830,825,825,825,825,830,830,830,830,830,825,825,830,825,830,830,830,825,830,825,830,830,825,825,825,825,820,830,830,830,830,825,825,825,825,830,825,825,830,825,825,825,825,825,825,825,830,825,825,825,825
22,30,29,29,29,29,30,30,30,29,29,30,30,30,30,29,29,29,29,30,30,30,30,30,29,29,30,29,29,30,30,29,30,29,30,30,29,29,29,29,29,30,30,30,30,29,29,29,29,30,29,29,30,28,29,29,29,29,29,29,29,29,29,29,28,47,47,47,47,47,47,47,47,47,47,47,47,47,47,47,47,47,47,47,47,47,47,47,47,47,47,47,47,47,47,47,47,47,47,47,47,47,47,47,47,47,47,47,47,47,47,47,47,47,47,47,47,47,47,47,47,47,47,47,47,47,47,47,47,830,825,825,825,825,830,830,830,825,825,830,830,830,830,825,825,825,825,830,830,830,830,830,825,825,830,825,825,830,830,825,830,825,830,830,825,825,825,825,825,830,830,830,830,825,825,825,825,830,825,825,830,820,825,825,825,825,825,825,825,825,825,825,820
22.5,30,29,29,29,30,30,30,29,29,29,30,30,29,30,30,29,29,29,30,30,30,29,30,30,30,30,29,29,30,30,29,30,29,29,30,29,29,29,28,28,30,30,29,29,29,29,28,29,30,29,29,29,28,29,28,29,29,29,29,29,28,29,28,28,47,47,47,47,47,47,47,47,47,47,47,47,47,47,47,47,47,47,47,47,47,47,47,47,47,47,47,47,47,47,47,47,47,47,47,47,47,47,47,47,47,47,47,47,47,47,47,47,47,47,47,47,47,47,47,47,47,47,47,47,47,47,47,47,830,825,825,825,830,830,830,825,825,825,830,830,825,830,830,825,825,825,830,830,830,825,830,830,830,830,825,825,830,830,825,830,825,825,830,825,825,825,820,820,830,830,825,825,825,825,820,825,830,825,825,825,820,825,820,825,825,825,825,825,820,825,820,820
23,30,29,29,29,29,29,30,29,29,29,30,30,29,30,29,29,29,29,29,30,30,29,30,29,29,30,29,29,30,29,29,30,29,29,29,29,29,29,28,28,29,29,29,29,29,29,29,28,29,29,29,29,28,29,28,29,29,29,28,29,28,28,28,28,47,47,47,47,47,47,47,47,47,47,47,47,47,47,47,47,47,47,47,47,47,47,47,47,47,47,47,47,47,47,47,47,47,47,47,47,47,47,47,47,47,47,47,47,47,47,47,47,47,47,47,47,47,47,47,47,47,47,47,47,47,47,47,47,830,825,825,825,825,825,830,825,825,825,830,830,825,830,825,825,825,825,825,830,830,825,830,825,825,830,825,825,830,825,825,830,825,825,825,825,825,825,820,820,825,825,825,825,825,825,825,820,825,825,825,825,820,825,820,825,825,825,820,825,820,820,820,820
23.5,30,29,29,29,29,29,29,29,29,29,30,30,29,30,29,29,29,29,29,30,29,29,30,29,29,30,29,29,30,29,29,30,29,29,29,29,29,29,28,29,29,29,29,29,28,28,28,28,29,29,29,29,28,29,28,29,28,29,28,28,28,28,29,29,47,47,47,47,47,47,47,47,47,47,47,47,47,47,47,47,47,47,47,47,47,47,47,47,47,47,47,47,47,47,47,47,47,47,47,47,47,47,47,47,47,47,47,47,47,47,47,47,47,47,47,47,47,47,47,47,47,47,47,47,47,47,47,47,830,825,825,825,825,825,825,825,825,825,830,830,825,830,825,825,825,825,825,830,825,825,830,825,825,830,825,825,830,825,825,830,825,825,825,825,825,825,820,825,825,825,825,825,820,820,820,820,825,825,825,825,820,825,820,825,820,825,820,820,820,820,825,825
24,29,28,29,29,29,29,29,29,29,29,30,30,29,29,29,29,29,29,29,29,29,29,30,29,29,30,29,29,29,29,29,30,29,29,29,29,28,28,28,28,29,29,29,29,28,28,28,28,29,29,28,29,28,28,29,29,28,29,28,28,28,28,28,28,47,47,47,47,47,47,47,47,47,47,47,47,47,47,47,47,47,47,47,47,47,47,47,47,47,47,47,47,47,47,47,47,47,47,47,47,47,47,47,47,47,47,47,47,47,47,47,47,47,47,47,47,47,47,47,47,47,47,47,47,47,47,47,47,825,820,825,825,825,825,825,825,825,825,830,830,825,825,825,825,825,825,825,825,825,825,830,825,825,830,825,825,825,825,825,830,825,825,825,825,820,820,820,820,825,825,825,825,820,820,820,820,825,825,820,825,820,820,825,825,820,825,820,820,820,820,820,820
24.5,29,28,29,29,29,29,29,29,29,29,29,29,29,29,29,29,28,28,29,29,29,29,29,29,29,29,29,29,29,28,28,29,29,28,29,29,28,28,28,28,29,29,28,28,28,28,29,28,28,28,28,28,29,28,29,29,28,28,28,28,28,28,28,28,47,47,47,47,47,47,47,47,47,47,47,47,47,47,47,47,47,47,47,47,47,47,47,47,47,47,47,47,47,47,47,47,47,47,47,47,47,47,47,47,47,47,47,47,47,47,47,47,47,47,47,47,47,47,47,47,47,47,47,47,47,47,47,47,825,820,825,825,825,825,825,825,825,825,825,825,825,825,825,825,820,820,825,825,825,825,825,825,825,825,825,825,825,820,820,825,825,820,825,825,820,820,820,820,825,825,820,820,820,820,825,820,820,820,820,820,825,820,825,825,820,820,820,820,820,820,820,820
25,29,28,29,29,29,28,29,29,29,29,29,29,29,29,28,29,28,28,29,29,29,28,29,29,29,29,28,29,29,28,28,29,29,28,28,28,28,28,28,29,29,29,28,28,28,28,28,28,28,28,28,28,29,28,29,29,29,28,28,28,28,28,29,28,47,47,47,47,47,47,47,47,47,47,47,47,47,47,47,47,47,47,47,47,47,47,47,47,47,47,47,47,47,47,47,47,47,47,47,47,47,47,47,47,47,47,47,47,47,47,47,47,47,47,47,47,47,47,47,47,47,47,47,47,47,47,47,47,825,820,825,825,825,820,825,825,825,825,825,825,825,825,820,825,820,820,825,825,825,820,825,825,825,825,820,825,825,820,820,825,825,820,820,820,820,820,820,825,825,825,820,820,820,820,820,820,820,820,820,820,825,820,825,825,825,820,820,820,820,820,825,820
25.5,29,28,28,28,28,28,29,29,29,29,29,29,29,29,28,28,28,28,29,29,29,28,29,28,28,29,28,29,29,28,28,29,28,28,28,28,28,29,28,28,28,28,28,28,28,28,28,29,28,28,29,28,28,28,29,28,29,28,28,28,28,28,28,28,47,47,47,47,47,47,47,47,47,47,47,47,47,47,47,47,47,47,47,47,47,47,47,47,47,47,47,47,47,47,47,47,47,47,47,47,47,47,47,47,47,47,47,47,47,47,47,47,47,47,47,47,47,47,47,47,47,47,47,47,47,47,47,47,825,820,820,820,820,820,825,825,825,825,825,825,825,825,820,820,820,820,825,825,825,820,825,820,820,825,820,825,825,820,820,825,820,820,820,820,820,825,820,820,820,820,820,820,820,820,820,825,820,820,825,820,820,820,825,820,825,820,820,820,820,820,820,820
26,28,28,28,28,28,28,29,29,29,29,29,29,29,28,28,28,28,28,28,28,29,28,29,28,28,29,28,28,28,28,28,29,28,28,28,29,28,28,28,28,28,28,28,29,28,28,29,29,29,28,28,28,29,28,29,28,28,28,28,29,28,28,28,28,47,47,47,47,47,47,47,47,47,47,47,47,47,47,47,47,47,47,47,47,47,47,47,47,47,47,47,47,47,47,47,47,47,47,47,47,47,47,47,47,47,47,47,47,47,47,47,47,47,47,47,47,47,47,47,47,47,47,47,47,47,47,47,47,820,820,820,820,820,820,825,825,825,825,825,825,825,820,820,820,820,820,820,820,825,820,825,820,820,825,820,820,820,820,820,825,820,820,820,825,820,820,820,820,820,820,820,825,820,820,825,825,825,820,820,820,825,820,825,820,820,820,820,825,820,820,820,820
26.5,28,28,28,28,28,29,29,28,29,29,28,29,28,28,28,28,28,29,28,28,29,28,28,28,28,28,28,28,28,28,29,28,28,29,28,29,28,28,29,28,28,28,29,29,29,29,29,28,29,28,28,28,29,29,28,28,29,28,28,28,28,28,29,28,47,47,47,47,47,47,47,47,47,47,47,47,47,47,47,47,47,47,47,47,47,47,47,47,47,47,47,47,47,47,47,47,47,47,47,47,47,47,47,47,47,47,47,47,47,47,47,47,47,47,47,47,47,47,47,47,47,47,47,47,47,47,47,47,820,820,820,820,820,825,825,820,825,825,820,825,820,820,820,820,820,825,820,820,825,820,820,820,820,820,820,820,820,820,825,820,820,825,820,825,820,820,825,820,820,820,825,825,825,825,825,820,825,820,820,820,825,825,820,820,825,820,820,820,820,820,825,820
27,28,28,28,29,29,29,28,28,28,28,28,29,28,28,29,28,28,28,28,28,28,28,28,28,28,28,28,28,28,29,28,28,28,28,28,28,29,29,28,28,29,29,29,28,28,28,28,29,28,28,29,28,28,29,29,28,28,28,28,28,28,28,28,28,47,47,47,47,47,47,47,47,47,47,47,47,47,47,47,47,47,47,47,47,47,47,47,47,47,47,47,47,47,47,47,47,47,47,47,47,47,47,47,47,47,47,47,47,47,47,47,47,47,47,47,47,47,47,47,47,47,47,47,47,47,47,47,47,820,820,820,825,825,825,820,820,820,820,820,825,820,820,825,820,820,820,820,820,820,820,820,820,820,820,820,820,820,825,820,820,820,820,820,820,825,825,820,820,825,825,825,820,820,820,820,825,820,820,825,820,820,825,825,820,820,820,820,820,820,820,820,820
27.5,28,28,28,28,29,28,28,28,28,28,28,29,28,28,28,28,28,28,28,28,28,28,28,29,29,28,28,28,28,28,28,28,28,29,28,28,29,29,28,28,28,28,28,29,28,28,29,29,28,29,28,28,29,28,29,28,28,28,28,29,28,28,28,28,47,47,47,47,47,47,47,47,47,47,47,47,47,47,47,47,47,47,47,47,47,47,47,47,47,47,47,47,47,47,47,47,47,47,47,47,47,47,47,47,47,47,47,47,47,47,47,47,47,47,47,47,47,47,47,47,47,47,47,47,47,47,47,47,820,820,820,820,825,820,820,820,820,820,820,825,820,820,820,820,820,820,820,820,820,820,820,825,825,820,820,820,820,820,820,820,820,825,820,820,825,825,820,820,820,820,820,825,820,820,825,825,820,825,820,820,825,820,825,820,820,820,820,825,820,820,820,820
28,28,29,28,29,28,29,28,29,28,28,28,29,28,28,28,28,29,29,29,29,28,29,28,29,29,28,28,28,28,28,29,29,28,29,29,29,28,28,29,29,28,28,29,29,29,29,29,28,28,28,28,28,28,28,28,28,28,28,28,28,28,28,28,28,47,47,47,47,47,47,47,47,47,47,47,47,47,47,47,47,47,47,47,47,47,47,47,47,47,47,47,47,47,47,47,47,47,47,47,47,47,47,47,47,47,47,47,47,47,47,47,47,47,47,47,47,47,47,47,47,47,47,47,47,47,47,47,47,820,825,820,825,820,825,820,825,820,820,820,825,820,820,820,820,825,825,825,825,820,825,820,825,825,820,820,820,820,820,825,825,820,825,825,825,820,820,825,825,820,820,825,825,825,825,825,820,820,820,820,820,820,820,820,820,820,820,820,820,820,820,820,820
28.5,28,29,29,29,29,29,28,29,28,28,28,28,28,28,28,29,28,29,29,29,28,28,28,28,28,28,29,29,28,29,29,29,29,28,29,28,29,29,29,28,29,29,29,28,28,28,28,28,28,28,29,28,28,28,28,28,28,28,28,28,28,28,28,28,47,47,47,47,47,47,47,47,47,47,47,47,47,47,47,47,47,47,47,47,47,47,47,47,47,47,47,47,47,47,47,47,47,47,47,47,47,47,47,47,47,47,47,47,47,47,47,47,47,47,47,47,47,47,47,47,47,47,47,47,47,47,47,47,820,825,825,825,825,825,820,825,820,820,820,820,820,820,820,825,820,825,825,825,820,820,820,820,820,820,825,825,820,825,825,825,825,820,825,820,825,825,825,820,825,825,825,820,820,820,820,820,820,820,825,820,820,820,820,820,820,820,820,820,820,820,820,820
29,28,28,28,28,29,29,28,28,28,28,28,28,28,29,28,28,28,28,28,28,28,28,28,29,29,28,28,29,29,28,28,29,29,28,29,28,29,29,28,28,29,29,28,29,28,28,28,28,28,28,29,28,28,28,28,28,28,28,28,28,28,28,28,28,47,47,47,47,47,47,47,47,47,47,47,47,47,47,47,47,47,47,47,47,47,47,47,47,47,47,47,47,47,47,47,47,47,47,47,47,47,47,47,47,47,47,47,47,47,47,47,47,47,47,47,47,47,47,47,47,47,47,47,47,47,47,47,47,820,820,820,820,825,825,820,820,820,820,820,820,820,825,820,820,820,820,820,820,820,820,820,825,825,820,820,825,825,820,820,825,825,820,825,820,825,825,820,820,825,825,820,825,820,820,820,820,820,820,825,820,820,820,820,820,820,820,820,820,820,820,820,820
29.5,29,28,28,28,28,28,28,29,29,29,29,28,28,29,28,28,29,29,28,29,28,29,29,29,29,29,28,28,29,28,29,28,29,29,29,29,28,28,28,28,28,28,29,29,29,29,28,28,28,28,28,28,28,28,28,28,28,29,28,28,28,28,28,28,47,47,47,47,47,47,47,47,47,47,47,47,47,47,47,47,47,47,47,47,47,47,47,47,47,47,47,47,47,47,47,47,47,47,47,47,47,47,47,47,47,47,47,47,47,47,47,47,47,47,47,47,47,47,47,47,47,47,47,47,47,47,47,47,825,820,820,820,820,820,820,825,825,825,825,820,820,825,820,820,825,825,820,825,820,825,825,825,825,825,820,820,825,820,825,820,825,825,825,825,820,820,820,820,820,820,825,825,825,825,820,820,820,820,820,820,820,820,820,820,820,825,820,820,820,820,820,820
30,28,28,29,28,28,28,29,28,29,29,28,29,28,28,28,29,28,28,28,29,29,29,29,28,28,29,28,29,28,29,29,29,29,28,28,29,28,28,28,28,28,28,28,28,28,28,28,28,28,28,28,28,28,28,28,28,28,28,28,28,28,28,28,28,47,47,47,47,47,47,47,47,47,47,47,47,47,47,47,47,47,47,47,47,47,47,47,47,47,47,47,47,47,47,47,47,47,47,47,47,47,47,47,47,47,47,47,47,47,47,47,47,47,47,47,47,47,47,47,47,47,47,47,47,47,47,47,47,820,820,825,820,820,820,825,820,825,825,820,825,820,820,820,825,820,820,820,825,825,825,825,820,820,825,820,825,820,825,825,825,825,820,820,825,820,820,820,820,820,820,820,820,820,820,820,820,820,820,820,820,820,820,820,820,820,820,820,820,820,820,820,820
30.5,29,28,28,28,28,28,28,28,28,28,29,28,28,28,28,28,28,28,28,28,28,28,28,28,28,28,28,29,28,28,28,29,28,28,28,28,28,28,28,28,28,28,27,29,28,28,28,28,28,28,29,28,28,28,28,28,28,28,28,28,28,28,28,28,47,47,47,47,47,47,47,47,47,47,47,47,47,47,47,47,47,47,47,47,47,47,47,47,47,47,47,47,47,47,47,47,47,47,47,47,47,47,47,47,47,47,47,47,47,47,47,47,47,47,47,47,47,47,47,47,47,47,47,47,47,47,47,47,825,820,820,820,820,820,820,820,820,820,825,820,820,820,820,820,820,820,820,820,820,820,820,820,820,820,820,825,820,820,820,825,820,820,820,820,820,820,820,820,820,820,815,825,820,820,820,820,820,820,825,820,820,820,820,820,820,820,820,820,820,820,820,820
31,29,28,28,28,28,28,28,28,29,29,29,28,29,29,28,28,28,29,29,28,28,29,29,29,29,28,28,28,28,28,29,28,28,29,28,28,28,28,28,28,28,28,28,28,28,28,28,27,28,28,28,29,28,28,27,28,28,28,28,28,28,28,28,28,47,47,47,47,47,47,47,47,47,47,47,47,47,47,47,47,47,47,47,47,47,47,47,47,47,47,47,47,47,47,47,47,47,47,47,47,47,47,47,47,47,47,47,47,47,47,47,47,47,47,47,47,47,47,47,47,47,47,47,47,47,47,47,47,825,820,820,820,820,820,820,820,825,825,825,820,825,825,820,820,820,825,825,820,820,825,825,825,825,820,820,820,820,820,825,820,820,825,820,820,820,820,820,820,820,820,820,820,820,820,820,815,820,820,820,825,820,820,815,820,820,820,820,820,820,820,820,820
31.5,28,28,28,29,28,28,29,28,28,28,28,29,28,28,28,29,28,28,29,28,29,29,29,28,28,28,28,28,28,29,28,29,29,28,28,28,28,28,28,28,28,28,28,26,28,28,28,27,28,28,28,28,27,28,26,29,28,28,28,28,28,28,28,28,47,47,47,47,47,47,47,47,47,47,47,47,47,47,47,47,47,47,47,47,47,47,47,47,47,47,47,47,47,47,47,47,47,47,47,47,47,47,47,47,47,47,47,47,47,47,47,47,47,47,47,47,47,47,47,47,47,47,47,47,47,47,47,47,820,820,820,825,820,820,825,820,820,820,820,825,820,820,820,825,820,820,825,820,825,825,825,820,820,820,820,820,820,825,820,825,825,820,820,820,820,820,820,820,820,820,820,810,820,820,820,815,820,820,820,820,815,820,810,825,820,820,820,820,820,820,820,820
32,28,28,28,28,28,28,29,28,28,28,28,28,29,28,29,28,28,27,28,28,29,27,28,29,29,28,28,28,28,28,28,28,28,28,28,28,28,28,28,27,28,28,27,27,28,28,28,27,28,28,28,28,27,28,27,28,28,27,28,28,28,27,27,27,47,47,47,47,47,47,47,47,47,47,47,47,47,47,47,47,47,47,47,47,47,47,47,47,47,47,47,47,47,47,47,47,47,47,47,47,47,47,47,47,47,47,47,47,47,47,47,47,47,47,47,47,47,47,47,47,47,47,47,47,47,47,47,47,820,820,820,820,820,820,825,820,820,820,820,820,825,820,825,820,820,815,820,820,825,815,820,825,825,820,820,820,820,820,820,820,820,820,820,820,820,820,820,815,820,820,815,815,820,820,820,815,820,820,820,820,815,820,815,820,820,815,820,820,820,815,815,815
32.5,28,28,28,28,28,28,28,28,28,28,29,28,28,28,28,27,28,28,28,28,28,28,28,29,29,28,28,28,28,27,28,28,28,28,29,28,28,28,28,28,28,28,28,27,28,28,28,27,28,29,28,28,27,28,27,28,28,28,27,28,28,27,28,27,47,47,47,47,47,47,47,47,47,47,47,47,47,47,47,47,47,47,47,47,47,47,47,47,47,47,47,47,47,47,47,47,47,47,47,47,47,47,47,47,47,47,47,47,47,47,47,47,47,47,47,47,47,47,47,47,47,47,47,47,47,47,47,47,820,820,820,820,820,820,820,820,820,820,825,820,820,820,820,815,820,820,820,820,820,820,820,825,825,820,820,820,820,815,820,820,820,820,825,820,820,820,820,820,820,820,820,815,820,820,820,815,820,825,820,820,815,820,815,820,820,820,815,820,820,815,820,815
33,28,28,28,28,28,28,28,28,28,28,28,29,28,28,28,28,27,28,28,28,28,28,28,28,28,28,28,29,28,28,28,28,29,28,28,28,28,28,28,28,28,28,28,27,28,28,27,27,28,28,27,28,27,28,26,29,28,28,27,27,27,28,28,27,47,47,47,47,47,47,47,47,47,47,47,47,47,47,47,47,47,47,47,47,47,47,47,47,47,47,47,47,47,47,47,47,47,47,47,47,47,47,47,47,47,47,47,47,47,47,47,47,47,47,47,47,47,47,47,47,47,47,47,47,47,47,47,47,820,820,820,820,820,820,820,820,820,820,820,825,820,820,820,820,815,820,820,820,820,820,820,820,820,820,820,825,820,820,820,820,825,820,820,820,820,820,820,820,820,820,820,815,820,820,815,815,820,820,815,820,815,820,810,825,820,820,815,815,815,820,820,815
33.5,28,27,28,28,28,28,28,29,28,28,28,28,28,28,28,28,27,27,28,28,29,27,28,28,28,28,28,28,28,28,27,28,28,27,27,27,28,28,28,27,27,27,27,27,27,27,28,28,28,28,28,27,27,28,27,28,28,27,28,28,28,27,27,27,47,47,47,47,47,47,47,47,47,47,47,47,47,47,47,47,47,47,47,47,47,47,47,47,47,47,47,47,47,47,47,47,47,47,47,47,47,47,47,47,47,47,47,47,47,47,47,47,47,47,47,47,47,47,47,47,47,47,47,47,47,47,47,47,820,815,820,820,820,820,820,825,820,820,820,820,820,820,820,820,815,815,820,820,825,815,820,820,820,820,820,820,820,820,815,820,820,815,815,815,820,820,820,815,815,815,815,815,815,815,820,820,820,820,820,815,815,820,815,820,820,815,820,820,820,815,815,815
34,28,28,28,28,28,28,28,29,28,28,28,28,28,28,27,27,28,27,28,28,28,27,28,28,28,28,28,27,28,27,27,27,28,28,28,28,28,27,27,27,28,28,28,28,28,28,28,27,28,28,28,28,27,28,28,28,27,28,27,28,28,27,28,27,47,47,47,47,47,47,47,47,47,47,47,47,47,47,47,47,47,47,47,47,47,47,47,47,47,47,47,47,47,47,47,47,47,47,47,47,47,47,47,47,47,47,47,47,47,47,47,47,47,47,47,47,47,47,47,47,47,47,47,47,47,47,47,47,820,820,820,820,820,820,820,825,820,820,820,820,820,820,815,815,820,815,820,820,820,815,820,820,820,820,820,815,820,815,815,815,820,820,820,820,820,815,815,815,820,820,820,820,820,820,820,815,820,820,820,820,815,820,820,820,815,820,815,820,820,815,820,815
34.5,28,28,28,28,28,28,28,28,28,28,27,29,27,28,28,28,27,28,27,28,28,28,28,28,28,28,28,28,28,28,28,28,28,28,28,27,28,27,27,28,28,28,28,28,28,28,27,27,28,28,27,28,27,27,27,28,28,28,26,27,27,28,28,28,47,47,47,47,47,47,47,47,47,47,47,47,47,47,47,47,47,47,47,47,47,47,47,47,47,47,47,47,47,47,47,47,47,47,47,47,47,47,47,47,47,47,47,47,47,47,47,47,47,47,47,47,47,47,47,47,47,47,47,47,47,47,47,47,820,820,820,820,820,820,820,820,820,820,815,825,815,820,820,820,815,820,815,820,820,820,820,820,820,820,820,820,820,820,820,820,820,820,820,815,820,815,815,820,820,820,820,820,820,820,815,815,820,820,815,820,815,815,815,820,820,820,810,815,815,820,820,820
35,28,27,28,28,28,28,28,28,27,27,27,28,28,27,28,28,27,27,27,28,29,28,28,27,27,28,27,28,28,28,27,28,28,27,27,26,28,28,27,27,28,28,28,27,27,27,27,27,28,27,27,27,27,27,27,28,28,27,27,26,28,27,27,27,47,47,47,47,47,47,47,47,47,47,47,47,47,47,47,47,47,47,47,47,47,47,47,47,47,47,47,47,47,47,47,47,47,47,47,47,47,47,47,47,47,47,47,47,47,47,47,47,47,47,47,47,47,47,47,47,47,47,47,47,47,47,47,47,820,815,820,820,820,820,820,820,815,815,815,820,820,815,820,820,815,815,815,820,825,820,820,815,815,820,815,820,820,820,815,820,820,815,815,810,820,820,815,815,820,820,820,815,815,815,815,815,820,815,815,815,815,815,815,820,820,815,815,810,820,815,815,815
35.5,28,27,28,28,28,27,27,29,27,27,27,27,28,27,27,27,27,26,28,28,28,27,28,28,28,28,27,27,28,27,26,27,27,26,28,27,27,27,27,27,27,27,28,27,27,27,28,27,28,28,28,27,27,28,28,27,27,27,27,27,28,27,27,27,47,47,47,47,47,47,47,47,47,47,47,47,47,47,47,47,47,47,47,47,47,47,47,47,47,47,47,47,47,47,47,47,47,47,47,47,47,47,47,47,47,47,47,47,47,47,47,47,47,47,47,47,47,47,47,47,47,47,47,47,47,47,47,47,820,815,820,820,820,815,815,825,815,815,815,815,820,815,815,815,815,810,820,820,820,815,820,820,820,820,815,815,820,815,810,815,815,810,820,815,815,815,815,815,815,815,820,815,815,815,820,815,820,820,820,815,815,820,820,815,815,815,815,815,820,815,815,815
36,28,28,28,28,27,27,27,28,28,28,27,28,27,27,27,27,27,27,27,28,27,27,28,28,28,28,28,28,27,27,27,28,28,27,28,27,27,27,27,28,28,28,28,28,28,28,28,27,28,27,27,28,27,27,27,28,27,28,27,27,27,28,28,28,47,47,47,47,47,47,47,47,47,47,47,47,47,47,47,47,47,47,47,47,47,47,47,47,47,47,47,47,47,47,47,47,47,47,47,47,47,47,47,47,47,47,47,47,47,47,47,47,47,47,47,47,47,47,47,47,47,47,47,47,47,47,47,47,820,820,820,820,815,815,815,820,820,820,815,820,815,815,815,815,815,815,815,820,815,815,820,820,820,820,820,820,815,815,815,820,820,815,820,815,815,815,815,820,820,820,820,820,820,820,820,815,820,815,815,820,815,815,815,820,815,820,815,815,815,820,820,820
36.5,28,27,28,28,27,28,28,26,27,27,27,28,27,27,27,28,27,28,26,28,28,27,28,27,27,27,27,28,28,27,27,28,28,27,27,26,28,27,27,28,28,28,27,27,27,27,27,27,27,27,27,27,27,27,27,27,27,28,28,26,27,28,27,28,47,47,47,47,47,47,47,47,47,47,47,47,47,47,47,47,47,47,47,47,47,47,47,47,47,47,47,47,47,47,47,47,47,47,47,47,47,47,47,47,47,47,47,47,47,47,47,47,47,47,47,47,47,47,47,47,47,47,47,47,47,47,47,47,820,815,820,820,815,820,820,810,815,815,815,820,815,815,815,820,815,820,810,820,820,815,820,815,815,815,815,820,820,815,815,820,820,815,815,810,820,815,815,820,820,820,815,815,815,815,815,815,815,815,815,815,815,815,815,815,815,820,820,810,815,820,815,820
37,28,27,27,27,28,27,27,27,27,27,28,27,28,27,27,27,27,26,27,27,27,27,28,27,27,28,27,27,28,27,26,27,27,26,28,26,27,28,27,27,27,27,27,26,27,27,28,27,28,28,28,27,27,28,28,27,27,27,28,27,28,27,27,27,47,47,47,47,47,47,47,47,47,47,47,47,47,47,47,47,47,47,47,47,47,47,47,47,47,47,47,47,47,47,47,47,47,47,47,47,47,47,47,47,47,47,47,47,47,47,47,47,47,47,47,47,47,47,47,47,47,47,47,47,47,47,47,47,820,815,815,815,820,815,815,815,815,815,820,815,820,815,815,815,815,810,815,815,815,815,820,815,815,820,815,815,820,815,810,815,815,810,820,810,815,820,815,815,815,815,815,810,815,815,820,815,820,820,820,815,815,820,820,815,815,815,820,815,820,815,815,815
37.5,27,28,28,28,27,27,27,27,28,28,27,28,27,28,27,28,28,25,28,28,27,28,28,28,28,28,28,28,27,26,26,27,27,27,27,27,27,27,27,28,27,27,28,27,28,28,28,27,28,27,28,27,27,27,27,27,26,27,27,27,27,27,28,27,47,47,47,47,47,47,47,47,47,47,47,47,47,47,47,47,47,47,47,47,47,47,47,47,47,47,47,47,47,47,47,47,47,47,47,47,47,47,47,47,47,47,47,47,47,47,47,47,47,47,47,47,47,47,47,47,47,47,47,47,47,47,47,47,815,820,820,820,815,815,815,815,820,820,815,820,815,820,815,820,820,805,820,820,815,820,820,820,820,820,820,820,815,810,810,815,815,815,815,815,815,815,815,820,815,815,820,815,820,820,820,815,820,815,820,815,815,815,815,815,810,815,815,815,815,815,820,815
38,27,27,28,27,27,27,28,27,28,28,27,28,27,27,27,28,27,26,27,28,28,28,27,27,27,27,28,27,27,27,27,28,27,27,27,27,27,27,28,28,28,28,27,27,27,27,27,28,27,27,27,27,27,27,26,27,27,28,27,27,27,27,27,27,47,47,47,47,47,47,47,47,47,47,47,47,47,47,47,47,47,47,47,47,47,47,47,47,47,47,47,47,47,47,47,47,47,47,47,47,47,47,47,47,47,47,47,47,47,47,47,47,47,47,47,47,47,47,47,47,47,47,47,47,47,47,47,47,815,815,820,815,815,815,820,815,820,820,815,820,815,815,815,820,815,810,815,820,820,820,815,815,815,815,820,815,815,815,815,820,815,815,815,815,815,815,820,820,820,820,815,815,815,815,815,820,815,815,815,815,815,815,810,815,815,820,815,815,815,815,815,815
38.5,28,27,27,27,28,28,27,27,27,27,28,27,27,27,28,27,27,27,27,27,28,27,27,26,26,27,27,27,28,28,26,27,27,27,28,27,27,27,27,27,27,27,27,26,27,27,27,27,27,28,27,27,28,27,27,27,27,27,28,26,28,27,26,27,47,47,47,47,47,47,47,47,47,47,47,47,47,47,47,47,47,47,47,47,47,47,47,47,47,47,47,47,47,47,47,47,47,47,47,47,47,47,47,47,47,47,47,47,47,47,47,47,47,47,47,47,47,47,47,47,47,47,47,47,47,47,47,47,820,815,815,815,820,820,815,815,815,815,820,815,815,815,820,815,815,815,815,815,820,815,815,810,810,815,815,815,820,820,810,815,815,815,820,815,815,815,815,815,815,815,815,810,815,815,815,815,815,820,815,815,820,815,815,815,815,815,820,810,820,815,810,815
39,27,27,28,27,27,27,26,27,27,27,27,28,28,28,27,27,27,26,28,28,27,27,28,27,27,27,27,27,27,27,26,27,27,27,28,27,27,27,26,27,27,27,27,27,27,27,27,26,27,28,28,27,27,27,27,27,26,26,27,27,27,26,27,27,47,47,47,47,47,47,47,47,47,47,47,47,47,47,47,47,47,47,47,47,47,47,47,47,47,47,47,47,47,47,47,47,47,47,47,47,47,47,47,47,47,47,47,47,47,47,47,47,47,47,47,47,47,47,47,47,47,47,47,47,47,47,47,47,815,815,820,815,815,815,810,815,815,815,815,820,820,820,815,815,815,810,820,820,815,815,820,815,815,815,815,815,815,815,810,815,815,815,820,815,815,815,810,815,815,815,815,815,815,815,815,810,815,820,820,815,815,815,815,815,810,810,815,815,815,810,815,815
39.5,26,28,27,27,27,27,26,27,28,28,26,28,27,27,27,28,27,27,27,28,27,27,27,27,27,27,28,28,26,26,27,28,28,27,27,27,27,26,27,27,27,27,27,27,27,27,27,26,27,27,27,27,26,27,26,28,26,27,27,27,26,27,27,27,47,47,47,47,47,47,47,47,47,47,47,47,47,47,47,47,47,47,47,47,47,47,47,47,47,47,47,47,47,47,47,47,47,47,47,47,47,47,47,47,47,47,47,47,47,47,47,47,47,47,47,47,47,47,47,47,47,47,47,47,47,47,47,47,810,820,815,815,815,815,810,815,820,820,810,820,815,815,815,820,815,815,815,820,815,815,815,815,815,815,820,820,810,810,815,820,820,815,815,815,815,810,815,815,815,815,815,815,815,815,815,810,815,815,815,815,810,815,810,820,810,815,815,815,810,815,815,815
40,26,27,27,27,28,28,27,27,27,27,27,27,27,27,27,27,27,27,26,27,28,26,27,26,26,26,27,27,27,27,27,27,27,27,27,26,27,26,27,26,27,27,27,27,26,26,27,27,26,28,26,27,25,26,27,27,27,27,27,26,27,27,26,26,47,47,47,47,47,47,47,47,47,47,47,47,47,47,47,47,47,47,47,47,47,47,47,47,47,47,47,47,47,47,47,47,47,47,47,47,47,47,47,47,47,47,47,47,47,47,47,47,47,47,47,47,47,47,47,47,47,47,47,47,47,47,47,47,810,815,815,815,820,820,815,815,815,815,815,815,815,815,815,815,815,815,810,815,820,810,815,810,810,810,815,815,815,815,815,815,815,815,815,810,815,810,815,810,815,815,815,815,810,810,815,815,810,820,810,815,805,810,815,815,815,815,815,810,815,815,810,810
40.5,27,26,27,27,27,27,27,27,26,26,27,27,28,28,27,27,27,27,27,27,27,26,27,26,26,27,27,27,27,27,26,27,27,26,27,26,26,27,27,26,26,26,27,27,26,26,28,26,27,28,26,26,26,27,27,27,27,26,27,27,27,26,25,26,47,47,47,47,47,47,47,47,47,47,47,47,47,47,47,47,47,47,47,47,47,47,47,47,47,47,47,47,47,47,47,47,47,47,47,47,47,47,47,47,47,47,47,47,47,47,47,47,47,47,47,47,47,47,47,47,47,47,47,47,47,47,47,47,815,810,815,815,815,815,815,815,810,810,815,815,820,820,815,815,815,815,815,815,815,810,815,810,810,815,815,815,815,815,810,815,815,810,815,810,810,815,815,810,810,810,815,815,810,810,820,810,815,820,810,810,810,815,815,815,815,810,815,815,815,810,805,810
41,27,27,27,28,26,26,26,27,26,26,27,28,27,27,26,27,27,26,27,28,26,26,27,27,27,27,27,28,27,26,26,28,28,27,27,27,27,27,26,27,27,27,28,27,27,27,27,25,27,27,27,27,26,27,27,27,26,26,26,27,27,27,26,27,47,47,47,47,47,47,47,47,47,47,47,47,47,47,47,47,47,47,47,47,47,47,47,47,47,47,47,47,47,47,47,47,47,47,47,47,47,47,47,47,47,47,47,47,47,47,47,47,47,47,47,47,47,47,47,47,47,47,47,47,47,47,47,47,815,815,815,820,810,810,810,815,810,810,815,820,815,815,810,815,815,810,815,820,810,810,815,815,815,815,815,820,815,810,810,820,820,815,815,815,815,815,810,815,815,815,820,815,815,815,815,805,815,815,815,815,810,815,815,815,810,810,810,815,815,815,810,815
41.5,26,27,27,27,27,27,27,27,27,27,27,27,27,27,26,27,26,26,26,27,27,27,27,26,26,27,27,27,27,26,27,28,27,27,27,27,27,26,27,27,27,27,27,27,27,27,27,25,26,27,26,27,26,26,26,27,25,27,26,26,27,27,26,26,47,47,47,47,47,47,47,47,47,47,47,47,47,47,47,47,47,47,47,47,47,47,47,47,47,47,47,47,47,47,47,47,47,47,47,47,47,47,47,47,47,47,47,47,47,47,47,47,47,47,47,47,47,47,47,47,47,47,47,47,47,47,47,47,810,815,815,815,815,815,815,815,815,815,815,815,815,815,810,815,810,810,810,815,815,815,815,810,810,815,815,815,815,810,815,820,815,815,815,815,815,810,815,815,815,815,815,815,815,815,815,805,810,815,810,815,810,810,810,815,805,815,810,810,815,815,810,810
42,27,26,27,27,27,27,27,27,26,26,28,26,27,27,27,26,26,27,27,27,26,26,27,26,26,27,27,26,27,27,27,27,27,26,27,26,26,26,27,26,26,26,26,26,26,26,27,26,26,27,26,26,25,26,26,26,26,27,27,26,27,26,26,25,47,47,47,47,47,47,47,47,47,47,47,47,47,47,47,47,47,47,47,47,47,47,47,47,47,47,47,47,47,47,47,47,47,47,47,47,47,47,47,47,47,47,47,47,47,47,47,47,47,47,47,47,47,47,47,47,47,47,47,47,47,47,47,47,815,810,815,815,815,815,815,815,810,810,820,810,815,815,815,810,810,815,815,815,810,810,815,810,810,815,815,810,815,815,815,815,815,810,815,810,810,810,815,810,810,810,810,810,810,810,815,810,810,815,810,810,805,810,810,810,810,815,815,810,815,810,810,805
42.5,27,26,27,27,26,26,27,27,26,26,27,27,27,27,26,26,27,26,27,28,26,26,27,26,26,27,27,27,27,27,26,28,27,27,27,27,26,27,26,26,26,26,27,26,27,27,27,26,27,27,26,26,25,27,27,26,26,26,27,26,27,26,25,25,47,47,47,47,47,47,47,47,47,47,47,47,47,47,47,47,47,47,47,47,47,47,47,47,47,47,47,47,47,47,47,47,47,47,47,47,47,47,47,47,47,47,47,47,47,47,47,47,47,47,47,47,47,47,47,47,47,47,47,47,47,47,47,47,815,810,815,815,810,810,815,815,810,810,815,815,815,815,810,810,815,810,815,820,810,810,815,810,810,815,815,815,815,815,810,820,815,815,815,815,810,815,810,810,810,810,815,810,815,815,815,810,815,815,810,810,805,815,815,810,810,810,815,810,815,810,805,805
43,27,27,27,27,26,26,27,27,27,27,27,27,26,27,26,27,27,26,26,27,27,27,26,27,27,27,27,27,26,26,26,27,27,27,26,27,27,26,26,27,27,27,27,27,27,27,26,25,27,27,27,27,26,26,26,27,25,26,26,27,27,26,25,26,47,47,47,47,47,47,47,47,47,47,47,47,47,47,47,47,47,47,47,47,47,47,47,47,47,47,47,47,47,47,47,47,47,47,47,47,47,47,47,47,47,47,47,47,47,47,47,47,47,47,47,47,47,47,47,47,47,47,47,47,47,47,47,47,815,815,815,815,810,810,815,815,815,815,815,815,810,815,810,815,815,810,810,815,815,815,810,815,815,815,815,815,810,810,810,815,815,815,810,815,815,810,810,815,815,815,815,815,815,815,810,805,815,815,815,815,810,810,810,815,805,810,810,815,815,810,805,810
43.5,26,26,27,26,26,27,27,26,27,27,27,27,27,27,26,27,26,26,26,26,27,27,27,27,27,27,26,26,27,26,27,26,26,27,26,26,27,26,27,26,27,27,26,26,26,26,26,25,26,27,26,27,26,26,24,27,25,27,26,26,27,26,26,26,47,47,47,47,47,47,47,47,47,47,47,47,47,47,47,47,47,47,47,47,47,47,47,47,47,47,47,47,47,47,47,47,47,47,47,47,47,47,47,47,47,47,47,47,47,47,47,47,47,47,47,47,47,47,47,47,47,47,47,47,47,47,47,47,810,810,815,810,810,815,815,810,815,815,815,815,815,815,810,815,810,810,810,810,815,815,815,815,815,815,810,810,815,810,815,810,810,815,810,810,815,810,815,810,815,815,810,810,810,810,810,805,810,815,810,815,810,810,800,815,805,815,810,810,815,810,810,810
44,27,26,27,26,27,26,26,27,26,26,27,27,27,27,27,26,26,27,26,27,26,26,27,26,26,27,26,26,27,27,27,26,26,26,27,26,26,27,26,25,26,26,26,26,25,25,26,26,26,27,25,26,26,27,24,26,25,27,26,26,27,25,26,25,47,47,47,47,47,47,47,47,47,47,47,47,47,47,47,47,47,47,47,47,47,47,47,47,47,47,47,47,47,47,47,47,47,47,47,47,47,47,47,47,47,47,47,47,47,47,47,47,47,47,47,47,47,47,47,47,47,47,47,47,47,47,47,47,815,810,815,810,815,810,810,815,810,810,815,815,815,815,815,810,810,815,810,815,810,810,815,810,810,815,810,810,815,815,815,810,810,810,815,810,810,815,810,805,810,810,810,810,805,805,810,810,810,815,805,810,810,815,800,810,805,815,810,810,815,805,810,805
44.5,27,26,27,27,26,25,26,27,26,26,26,27,27,27,26,27,27,26,27,27,27,26,26,26,26,27,27,27,26,27,26,27,27,26,27,27,25,27,26,26,27,27,27,26,26,26,26,27,26,26,25,26,26,27,25,27,26,26,26,26,26,24,25,25,47,47,47,47,47,47,47,47,47,47,47,47,47,47,47,47,47,47,47,47,47,47,47,47,47,47,47,47,47,47,47,47,47,47,47,47,47,47,47,47,47,47,47,47,47,47,47,47,47,47,47,47,47,47,47,47,47,47,47,47,47,47,47,47,815,810,815,815,810,805,810,815,810,810,810,815,815,815,810,815,815,810,815,815,815,810,810,810,810,815,815,815,810,815,810,815,815,810,815,815,805,815,810,810,815,815,815,810,810,810,810,815,810,810,805,810,810,815,805,815,810,810,810,810,810,800,805,805
45,26,27,25,25,25,26,26,26,26,26,26,27,27,26,25,27,26,25,27,26,27,27,26,27,27,27,27,27,26,26,27,27,26,27,26,27,26,27,27,26,27,27,27,27,27,27,25,26,27,26,26,27,26,26,26,27,26,25,25,27,25,24,25,26,47,47,47,47,47,47,47,47,47,47,47,47,47,47,47,47,47,47,47,47,47,47,47,47,47,47,47,47,47,47,47,47,47,47,47,47,47,47,47,47,47,47,47,47,47,47,47,47,47,47,47,47,47,47,47,47,47,47,47,47,47,47,47,47,810,815,805,805,805,810,810,810,810,810,810,815,815,810,805,815,810,805,815,810,815,815,810,815,815,815,815,815,810,810,815,815,810,815,810,815,810,815,815,810,815,815,815,815,815,815,805,810,815,810,810,815,810,810,810,815,810,805,805,815,805,800,805,810
45.5,27,26,25,25,26,26,27,26,26,26,27,26,27,27,26,27,25,25,26,26,26,27,27,26,26,26,26,26,27,25,27,26,26,26,26,27,26,27,27,26,26,26,26,26,26,26,25,27,26,27,26,26,27,25,26,27,26,26,25,27,26,26,26,26,47,47,47,47,47,47,47,47,47,47,47,47,47,47,47,47,47,47,47,47,47,47,47,47,47,47,47,47,47,47,47,47,47,47,47,47,47,47,47,47,47,47,47,47,47,47,47,47,47,47,47,47,47,47,47,47,47,47,47,47,47,47,47,47,815,810,805,805,810,810,815,810,810,810,815,810,815,815,810,815,805,805,810,810,810,815,815,810,810,810,810,810,815,805,815,810,810,810,810,815,810,815,815,810,810,810,810,810,810,810,805,815,810,815,810,810,815,805,810,815,810,810,805,815,810,810,810,810
46,27,25,26,25,26,26,26,27,26,26,27,26,27,27,26,26,25,26,27,27,26,26,27,25,25,26,25,26,27,26,27,26,26,25,27,27,25,27,26,24,25,25,26,26,25,25,26,27,26,26,25,26,27,25,26,27,25,26,26,27,26,26,26,26,47,47,47,47,47,47,47,47,47,47,47,47,47,47,47,47,47,47,47,47,47,47,47,47,47,47,47,47,47,47,47,47,47,47,47,47,47,47,47,47,47,47,47,47,47,47,47,47,47,47,47,47,47,47,47,47,47,47,47,47,47,47,47,47,815,805,810,805,810,810,810,815,810,810,815,810,815,815,810,810,805,810,815,815,810,810,815,805,805,810,805,810,815,810,815,810,810,805,815,815,805,815,810,800,805,805,810,810,805,805,810,815,810,810,805,810,815,805,810,815,805,810,810,815,810,810,810,810
46.5,26,24,26,26,25,25,26,26,25,25,25,27,26,26,26,27,26,26,27,27,26,25,26,25,25,27,26,26,26,26,26,27,27,26,26,27,24,26,25,24,26,26,27,26,26,26,26,27,27,25,24,27,26,26,25,27,26,26,27,27,25,26,26,26,47,47,47,47,47,47,47,47,47,47,47,47,47,47,47,47,47,47,47,47,47,47,47,47,47,47,47,47,47,47,47,47,47,47,47,47,47,47,47,47,47,47,47,47,47,47,47,47,47,47,47,47,47,47,47,47,47,47,47,47,47,47,47,47,810,800,810,810,805,805,810,810,805,805,805,815,810,810,810,815,810,810,815,815,810,805,810,805,805,815,810,810,810,810,810,815,815,810,810,815,800,810,805,800,810,810,815,810,810,810,810,815,815,805,800,815,810,810,805,815,810,810,815,815,805,810,810,810
47,26,25,25,25,25,25,26,25,26,26,25,26,26,26,25,27,26,26,26,26,27,25,25,26,26,26,27,26,26,25,27,26,26,26,25,26,25,25,26,24,26,26,26,27,27,27,26,26,27,25,23,27,26,26,25,26,26,25,26,26,24,25,26,26,47,47,47,47,47,47,47,47,47,47,47,47,47,47,47,47,47,47,47,47,47,47,47,47,47,47,47,47,47,47,47,47,47,47,47,47,47,47,47,47,47,47,47,47,47,47,47,47,47,47,47,47,47,47,47,47,47,47,47,47,47,47,47,47,810,805,805,805,805,805,810,805,810,810,805,810,810,810,805,815,810,810,810,810,815,805,805,810,810,810,815,810,810,805,815,810,810,810,805,810,805,805,810,800,810,810,810,815,815,815,810,810,815,805,795,815,810,810,805,810,810,805,810,810,800,805,810,810
47.5,27,26,25,24,25,26,27,26,26,26,26,26,27,26,26,26,25,26,25,26,26,26,26,26,26,26,26,25,27,25,27,25,25,25,26,25,25,26,26,25,26,26,26,26,26,26,25,26,26,26,24,25,26,25,26,26,27,25,26,25,25,25,25,27,47,47,47,47,47,47,47,47,47,47,47,47,47,47,47,47,47,47,47,47,47,47,47,47,47,47,47,47,47,47,47,47,47,47,47,47,47,47,47,47,47,47,47,47,47,47,47,47,47,47,47,47,47,47,47,47,47,47,47,47,47,47,47,47,815,810,805,800,805,810,815,810,810,810,810,810,815,810,810,810,805,810,805,810,810,810,810,810,810,810,810,805,815,805,815,805,805,805,810,805,805,810,810,805,810,810,810,810,810,810,805,810,810,810,800,805,810,805,810,810,815,805,810,805,805,805,805,815
48,26,26,25,24,26,26,26,27,26,26,26,27,26,27,26,25,25,26,26,27,26,26,26,25,25,26,25,24,27,25,26,25,25,25,26,26,26,26,26,26,25,25,26,25,25,25,25,26,26,26,25,25,26,24,27,26,27,26,26,25,26,26,26,27,47,47,47,47,47,47,47,47,47,47,47,47,47,47,47,47,47,47,47,47,47,47,47,47,47,47,47,47,47,47,47,47,47,47,47,47,47,47,47,47,47,47,47,47,47,47,47,47,47,47,47,47,47,47,47,47,47,47,47,47,47,47,47,47,810,810,805,800,810,810,810,815,810,810,810,815,810,815,810,805,805,810,810,815,810,810,810,805,805,810,805,800,815,805,810,805,805,805,810,810,810,810,810,810,805,805,810,805,805,805,805,810,810,810,805,805,810,800,815,810,815,810,810,805,810,810,810,815
48.5,26,26,26,25,26,25,25,26,26,26,25,27,25,26,26,25,25,27,27,26,26,26,25,25,25,27,25,24,26,26,26,26,26,25,26,26,26,26,25,25,25,25,26,26,25,25,26,26,27,25,26,26,27,24,26,26,27,26,27,26,26,27,26,26,47,47,47,47,47,47,47,47,47,47,47,47,47,47,47,47,47,47,47,47,47,47,47,47,47,47,47,47,47,47,47,47,47,47,47,47,47,47,47,47,47,47,47,47,47,47,47,47,47,47,47,47,47,47,47,47,47,47,47,47,47,47,47,47,810,810,810,805,810,805,805,810,810,810,805,815,805,810,810,805,805,815,815,810,810,810,805,805,805,815,805,800,810,810,810,810,810,805,810,810,810,810,805,805,805,805,810,810,805,805,810,810,815,805,810,810,815,800,810,810,815,810,815,810,810,815,810,810
49,26,26,26,26,25,25,25,25,26,26,25,26,25,26,25,26,26,27,26,25,26,26,24,26,26,26,25,25,26,26,27,26,26,26,26,25,25,26,25,25,25,25,26,27,26,26,26,26,27,24,26,26,27,24,26,26,27,25,26,26,25,27,26,26,47,47,47,47,47,47,47,47,47,47,47,47,47,47,47,47,47,47,47,47,47,47,47,47,47,47,47,47,47,47,47,47,47,47,47,47,47,47,47,47,47,47,47,47,47,47,47,47,47,47,47,47,47,47,47,47,47,47,47,47,47,47,47,47,810,810,810,810,805,805,805,805,810,810,805,810,805,810,805,810,810,815,810,805,810,810,800,810,810,810,805,805,810,810,815,810,810,810,810,805,805,810,805,805,805,805,810,815,810,810,810,810,815,800,810,810,815,800,810,810,815,805,810,810,805,815,810,810
49.5,27,26,26,26,25,25,26,26,26,26,26,25,26,27,26,26,26,27,25,24,26,26,25,27,27,26,26,26,27,25,26,26,26,26,26,25,25,26,26,25,26,26,26,26,27,27,26,26,26,24,25,26,26,25,26,26,27,24,25,26,25,26,25,26,47,47,47,47,47,47,47,47,47,47,47,47,47,47,47,47,47,47,47,47,47,47,47,47,47,47,47,47,47,47,47,47,47,47,47,47,47,47,47,47,47,47,47,47,47,47,47,47,47,47,47,47,47,47,47,47,47,47,47,47,47,47,47,47,815,810,810,810,805,805,810,810,810,810,810,805,810,815,810,810,810,815,805,800,810,810,805,815,815,810,810,810,815,805,810,810,810,810,810,805,805,810,810,805,810,810,810,810,815,815,810,810,810,800,805,810,810,805,810,810,815,800,805,810,805,810,805,810
50,26,27,25,26,25,25,27,26,27,27,26,26,26,26,26,25,26,27,25,24,26,27,25,26,26,26,26,26,27,24,25,26,26,26,26,25,26,27,27,26,25,25,25,25,26,26,26,25,27,25,25,25,26,26,27,26,26,24,25,26,26,26,25,26,47,47,47,47,47,47,47,47,47,47,47,47,47,47,47,47,47,47,47,47,47,47,47,47,47,47,47,47,47,47,47,47,47,47,47,47,47,47,47,47,47,47,47,47,47,47,47,47,47,47,47,47,47,47,47,47,47,47,47,47,47,47,47,47,810,815,805,810,805,805,815,810,815,815,810,810,810,810,810,805,810,815,805,800,810,815,805,810,810,810,810,810,815,800,805,810,810,810,810,805,810,815,815,810,805,805,805,805,810,810,810,805,815,805,805,805,810,810,815,810,810,800,805,810,810,810,805,810
50.5,25,27,26,26,25,26,26,26,26,26,25,27,26,25,27,25,26,27,25,25,27,26,26,25,25,27,25,26,26,24,25,26,26,26,27,26,27,26,27,26,25,25,26,25,25,25,26,25,27,26,26,25,25,27,26,27,26,25,25,27,27,26,26,27,47,47,47,47,47,47,47,47,47,47,47,47,47,47,47,47,47,47,47,47,47,47,47,47,47,47,47,47,47,47,47,47,47,47,47,47,47,47,47,47,47,47,47,47,47,47,47,47,47,47,47,47,47,47,47,47,47,47,47,47,47,47,47,47,805,815,810,810,805,810,810,810,810,810,805,815,810,805,815,805,810,815,805,805,815,810,810,805,805,815,805,810,810,800,805,810,810,810,815,810,815,810,815,810,805,805,810,805,805,805,810,805,815,810,810,805,805,815,810,815,810,805,805,815,815,810,810,815
51,25,27,26,26,26,26,25,25,25,25,25,26,25,25,26,26,27,26,26,26,26,26,26,24,24,26,25,26,26,25,26,27,26,27,26,26,27,25,26,27,25,25,26,26,26,26,27,25,27,26,26,26,25,27,25,27,26,26,26,27,26,26,27,26,47,47,47,47,47,47,47,47,47,47,47,47,47,47,47,47,47,47,47,47,47,47,47,47,47,47,47,47,47,47,47,47,47,47,47,47,47,47,47,47,47,47,47,47,47,47,47,47,47,47,47,47,47,47,47,47,47,47,47,47,47,47,47,47,805,815,810,810,810,810,805,805,805,805,805,810,805,805,810,810,815,810,810,810,810,810,810,800,800,810,805,810,810,805,810,815,810,815,810,810,815,805,810,815,805,805,810,810,810,810,815,805,815,810,810,810,805,815,805,815,810,810,810,815,810,810,815,810
51.5,26,26,27,27,26,26,24,25,25,25,25,26,25,26,25,26,27,25,26,26,25,27,25,25,25,26,26,27,26,26,26,26,27,27,26,26,27,25,27,27,26,26,26,26,26,26,27,25,26,27,27,26,25,26,24,26,26,27,26,26,26,27,26,26,47,47,47,47,47,47,47,47,47,47,47,47,47,47,47,47,47,47,47,47,47,47,47,47,47,47,47,47,47,47,47,47,47,47,47,47,47,47,47,47,47,47,47,47,47,47,47,47,47,47,47,47,47,47,47,47,47,47,47,47,47,47,47,47,810,810,815,815,810,810,800,805,805,805,805,810,805,810,805,810,815,805,810,810,805,815,805,805,805,810,810,815,810,810,810,810,815,815,810,810,815,805,815,815,810,810,810,810,810,810,815,805,810,815,815,810,805,810,800,810,810,815,810,810,810,815,810,810
52,26,26,27,27,26,25,24,26,25,25,26,27,26,26,25,26,26,24,25,26,25,27,25,25,25,26,26,27,27,26,25,26,27,26,26,25,27,25,27,27,27,27,25,26,27,27,26,26,27,27,27,26,25,25,24,26,25,27,27,26,26,27,25,26,47,47,47,47,47,47,47,47,47,47,47,47,47,47,47,47,47,47,47,47,47,47,47,47,47,47,47,47,47,47,47,47,47,47,47,47,47,47,47,47,47,47,47,47,47,47,47,47,47,47,47,47,47,47,47,47,47,47,47,47,47,47,47,47,810,810,815,815,810,805,800,810,805,805,810,815,810,810,805,810,810,800,805,810,805,815,805,805,805,810,810,815,815,810,805,810,815,810,810,805,815,805,815,815,815,815,805,810,815,815,810,810,815,815,815,810,805,805,800,810,805,815,815,810,810,815,805,810
52.5,25,26,26,27,25,25,25,26,25,25,26,27,26,26,25,26,26,23,25,27,25,26,26,26,26,27,27,26,26,26,25,25,27,26,26,26,26,25,26,27,27,27,25,26,26,26,26,26,27,27,27,25,25,25,24,26,25,27,27,26,26,27,25,26,47,47,47,47,47,47,47,47,47,47,47,47,47,47,47,47,47,47,47,47,47,47,47,47,47,47,47,47,47,47,47,47,47,47,47,47,47,47,47,47,47,47,47,47,47,47,47,47,47,47,47,47,47,47,47,47,47,47,47,47,47,47,47,47,805,810,810,815,805,805,805,810,805,805,810,815,810,810,805,810,810,795,805,815,805,810,810,810,810,815,815,810,810,810,805,805,815,810,810,810,810,805,810,815,815,815,805,810,810,810,810,810,815,815,815,805,805,805,800,810,805,815,815,810,810,815,805,810
53,25,26,25,26,25,25,25,26,25,25,26,26,26,26,26,27,26,24,26,27,26,25,27,26,26,26,27,26,26,26,25,26,26,26,26,26,26,26,26,26,27,27,26,26,26,26,26,25,26,25,27,25,24,25,25,26,24,27,26,26,26,27,25,26,47,47,47,47,47,47,47,47,47,47,47,47,47,47,47,47,47,47,47,47,47,47,47,47,47,47,47,47,47,47,47,47,47,47,47,47,47,47,47,47,47,47,47,47,47,47,47,47,47,47,47,47,47,47,47,47,47,47,47,47,47,47,47,47,805,810,805,810,805,805,805,810,805,805,810,810,810,810,810,815,810,800,810,815,810,805,815,810,810,810,815,810,810,810,805,810,810,810,810,810,810,810,810,810,815,815,810,810,810,810,810,805,810,805,815,805,800,805,805,810,800,815,810,810,810,815,805,810
53.5,25,25,25,25,25,25,26,26,26,26,25,27,25,26,27,27,27,24,26,26,27,24,27,26,26,26,26,25,26,26,26,26,26,26,26,27,26,27,25,26,27,27,26,26,27,27,25,25,25,25,27,26,24,25,26,26,24,27,26,26,27,27,26,26,47,47,47,47,47,47,47,47,47,47,47,47,47,47,47,47,47,47,47,47,47,47,47,47,47,47,47,47,47,47,47,47,47,47,47,47,47,47,47,47,47,47,47,47,47,47,47,47,47,47,47,47,47,47,47,47,47,47,47,47,47,47,47,47,805,805,805,805,805,805,810,810,810,810,805,815,805,810,815,815,815,800,810,810,815,800,815,810,810,810,810,805,810,810,810,810,810,810,810,815,810,815,805,810,815,815,810,810,815,815,805,805,805,805,815,810,800,805,810,810,800,815,810,810,815,815,810,810
54,26,25,25,25,25,26,26,26,26,26,26,27,25,26,26,27,27,25,26,26,27,23,27,26,26,26,25,25,26,26,26,27,26,27,26,27,25,27,26,25,27,27,27,26,26,26,25,25,26,25,27,26,23,25,26,26,23,27,25,27,27,26,26,26,47,47,47,47,47,47,47,47,47,47,47,47,47,47,47,47,47,47,47,47,47,47,47,47,47,47,47,47,47,47,47,47,47,47,47,47,47,47,47,47,47,47,47,47,47,47,47,47,47,47,47,47,47,47,47,47,47,47,47,47,47,47,47,47,810,805,805,805,805,810,810,810,810,810,810,815,805,810,810,815,815,805,810,810,815,795,815,810,810,810,805,805,810,810,810,815,810,815,810,815,805,815,810,805,815,815,815,810,810,810,805,805,810,805,815,810,795,805,810,810,795,815,805,815,815,810,810,810
54.5,26,25,25,25,26,26,26,27,26,26,26,26,26,26,26,27,27,26,25,25,27,23,27,26,26,26,23,25,26,26,25,27,26,27,26,27,25,27,26,25,26,26,27,26,26,26,25,24,26,25,27,27,23,25,26,26,23,26,24,27,27,26,26,25,47,47,47,47,47,47,47,47,47,47,47,47,47,47,47,47,47,47,47,47,47,47,47,47,47,47,47,47,47,47,47,47,47,47,47,47,47,47,47,47,47,47,47,47,47,47,47,47,47,47,47,47,47,47,47,47,47,47,47,47,47,47,47,47,810,805,805,805,810,810,810,815,810,810,810,810,810,810,810,815,815,810,805,805,815,795,815,810,810,810,795,805,810,810,805,815,810,815,810,815,805,815,810,805,810,810,815,810,810,810,805,800,810,805,815,815,795,805,810,810,795,810,800,815,815,810,810,805
55,26,25,25,25,26,26,26,27,26,26,26,25,27,25,26,27,27,27,25,26,27,23,26,26,26,26,23,26,25,26,25,26,26,27,26,26,25,27,26,24,25,25,27,27,25,25,25,24,25,25,27,27,22,24,26,26,22,26,24,27,26,25,26,25,47,47,47,47,47,47,47,47,47,47,47,47,47,47,47,47,47,47,47,47,47,47,47,47,47,47,47,47,47,47,47,47,47,47,47,47,47,47,47,47,47,47,47,47,47,47,47,47,47,47,47,47,47,47,47,47,47,47,47,47,47,47,47,47,810,805,805,805,810,810,810,815,810,810,810,805,815,805,810,815,815,815,805,810,815,795,810,810,810,810,795,810,805,810,805,810,810,815,810,810,805,815,810,800,805,805,815,815,805,805,805,800,805,805,815,815,790,800,810,810,790,810,800,815,810,805,810,805
55.5,26,24,25,24,25,25,25,26,25,25,26,26,26,26,26,27,27,27,26,26,27,24,26,26,26,26,22,26,26,26,25,26,26,27,25,26,24,27,27,24,25,25,27,27,26,26,25,23,25,25,26,26,22,24,26,26,22,26,23,27,26,25,25,24,47,47,47,47,47,47,47,47,47,47,47,47,47,47,47,47,47,47,47,47,47,47,47,47,47,47,47,47,47,47,47,47,47,47,47,47,47,47,47,47,47,47,47,47,47,47,47,47,47,47,47,47,47,47,47,47,47,47,47,47,47,47,47,47,810,800,805,800,805,805,805,810,805,805,810,810,810,810,810,815,815,815,810,810,815,800,810,810,810,810,790,810,810,810,805,810,810,815,805,810,800,815,815,800,805,805,815,815,810,810,805,795,805,805,810,810,790,800,810,810,790,810,795,815,810,805,805,800
56,27,24,25,24,25,25,25,26,25,25,26,26,25,26,26,27,26,27,27,26,26,24,26,26,26,25,23,26,26,26,26,26,25,26,25,25,24,26,27,23,24,24,27,26,26,26,25,22,26,26,26,25,22,24,26,26,22,25,22,26,25,24,25,24,47,47,47,47,47,47,47,47,47,47,47,47,47,47,47,47,47,47,47,47,47,47,47,47,47,47,47,47,47,47,47,47,47,47,47,47,47,47,47,47,47,47,47,47,47,47,47,47,47,47,47,47,47,47,47,47,47,47,47,47,47,47,47,47,815,800,805,800,805,805,805,810,805,805,810,810,805,810,810,815,810,815,815,810,810,800,810,810,810,805,795,810,810,810,810,810,805,810,805,805,800,810,815,795,800,800,815,810,810,810,805,790,810,810,810,805,790,800,810,810,790,805,790,810,805,800,805,800
56.5,27,23,25,24,25,24,24,26,24,24,26,26,25,26,26,26,26,27,27,26,26,24,25,26,26,26,23,25,26,25,27,26,25,26,24,25,23,26,27,23,24,24,27,25,26,26,24,22,26,26,26,24,22,23,25,26,22,25,22,26,25,23,25,23,47,47,47,47,47,47,47,47,47,47,47,47,47,47,47,47,47,47,47,47,47,47,47,47,47,47,47,47,47,47,47,47,47,47,47,47,47,47,47,47,47,47,47,47,47,47,47,47,47,47,47,47,47,47,47,47,47,47,47,47,47,47,47,47,815,795,805,800,805,800,800,810,800,800,810,810,805,810,810,810,810,815,815,810,810,800,805,810,810,810,795,805,810,805,815,810,805,810,800,805,795,810,815,795,800,800,815,805,810,810,800,790,810,810,810,800,790,795,805,810,790,805,790,810,805,795,805,795
57,26,23,24,24,24,24,24,26,23,23,26,25,25,26,26,26,26,27,27,26,26,24,25,25,25,26,24,25,27,25,26,25,24,26,24,25,23,25,27,22,24,24,26,25,26,26,24,22,26,25,25,23,23,22,25,26,23,24,22,25,25,23,26,23,47,47,47,47,47,47,47,47,47,47,47,47,47,47,47,47,47,47,47,47,47,47,47,47,47,47,47,47,47,47,47,47,47,47,47,47,47,47,47,47,47,47,47,47,47,47,47,47,47,47,47,47,47,47,47,47,47,47,47,47,47,47,47,47,810,795,800,800,800,800,800,810,795,795,810,805,805,810,810,810,810,815,815,810,810,800,805,805,805,810,800,805,815,805,810,805,800,810,800,805,795,805,815,790,800,800,810,805,810,810,800,790,810,805,805,795,795,790,805,810,795,800,790,805,805,795,810,795
57.5,26,22,24,23,24,23,23,26,23,23,27,25,26,26,26,26,26,26,27,26,27,23,25,25,25,27,25,24,27,24,25,25,24,26,23,24,22,24,26,22,25,25,26,24,26,26,23,22,25,25,24,23,23,22,24,26,24,23,22,25,24,22,26,22,47,47,47,47,47,47,47,47,47,47,47,47,47,47,47,47,47,47,47,47,47,47,47,47,47,47,47,47,47,47,47,47,47,47,47,47,47,47,47,47,47,47,47,47,47,47,47,47,47,47,47,47,47,47,47,47,47,47,47,47,47,47,47,47,810,790,800,795,800,795,795,810,795,795,815,805,810,810,810,810,810,810,815,810,815,795,805,805,805,815,805,800,815,800,805,805,800,810,795,800,790,800,810,790,805,805,810,800,810,810,795,790,805,805,800,795,795,790,800,810,800,795,790,805,800,790,810,790
58,27,22,23,23,23,23,22,27,22,22,27,26,26,26,26,26,25,26,26,25,27,23,24,24,24,27,25,24,26,24,24,25,23,25,23,24,22,24,26,22,25,25,25,24,26,26,23,23,25,25,24,23,24,22,23,25,24,23,22,25,24,22,26,22,47,47,47,47,47,47,47,47,47,47,47,47,47,47,47,47,47,47,47,47,47,47,47,47,47,47,47,47,47,47,47,47,47,47,47,47,47,47,47,47,47,47,47,47,47,47,47,47,47,47,47,47,47,47,47,47,47,47,47,47,47,47,47,47,815,790,795,795,795,795,790,815,790,790,815,810,810,810,810,810,805,810,810,805,815,795,800,800,800,815,805,800,810,800,800,805,795,805,795,800,790,800,810,790,805,805,805,800,810,810,795,795,805,805,800,795,800,790,795,805,800,795,790,805,800,790,810,790
58.5,27,22,23,22,22,22,22,27,22,22,27,26,27,27,25,26,25,25,25,25,26,22,24,24,24,26,25,23,25,23,24,25,23,25,22,24,22,23,25,22,25,25,25,25,27,27,22,23,26,24,23,24,25,22,23,25,25,22,23,24,24,22,26,22,47,47,47,47,47,47,47,47,47,47,47,47,47,47,47,47,47,47,47,47,47,47,47,47,47,47,47,47,47,47,47,47,47,47,47,47,47,47,47,47,47,47,47,47,47,47,47,47,47,47,47,47,47,47,47,47,47,47,47,47,47,47,47,47,815,790,795,790,790,790,790,815,790,790,815,810,815,815,805,810,805,805,805,805,810,790,800,800,800,810,805,795,805,795,800,805,795,805,790,800,790,795,805,790,805,805,805,805,815,815,790,795,810,800,795,800,805,790,795,805,805,790,795,800,800,790,810,790
59,26,23,22,22,22,22,22,27,22,22,26,26,27,27,25,26,24,24,25,24,25,22,23,23,23,26,25,22,25,22,24,24,22,24,22,24,22,23,25,23,24,24,24,25,27,27,22,24,26,23,23,24,25,23,22,24,25,22,24,23,23,22,25,22,47,47,47,47,47,47,47,47,47,47,47,47,47,47,47,47,47,47,47,47,47,47,47,47,47,47,47,47,47,47,47,47,47,47,47,47,47,47,47,47,47,47,47,47,47,47,47,47,47,47,47,47,47,47,47,47,47,47,47,47,47,47,47,47,810,795,790,790,790,790,790,815,790,790,810,810,815,815,805,810,800,800,805,800,805,790,795,795,795,810,805,790,805,790,800,800,790,800,790,800,790,795,805,795,800,800,800,805,815,815,790,800,810,795,795,800,805,795,790,800,805,790,800,795,795,790,805,790
59.5,26,23,22,22,22,22,22,26,22,22,26,26,27,26,25,26,24,24,26,24,25,22,23,23,23,25,25,22,25,22,24,24,22,24,22,23,23,22,24,23,24,24,24,25,27,27,22,24,26,23,22,25,26,23,22,24,26,22,24,23,23,23,25,23,47,47,47,47,47,47,47,47,47,47,47,47,47,47,47,47,47,47,47,47,47,47,47,47,47,47,47,47,47,47,47,47,47,47,47,47,47,47,47,47,47,47,47,47,47,47,47,47,47,47,47,47,47,47,47,47,47,47,47,47,47,47,47,47,810,795,790,790,790,790,790,810,790,790,810,810,815,810,805,810,800,800,810,800,805,790,795,795,795,805,805,790,805,790,800,800,790,800,790,795,795,790,800,795,800,800,800,805,815,815,790,800,810,795,790,805,810,795,790,800,810,790,800,795,795,795,805,795
60,26,24,22,22,22,22,23,26,23,23,26,26,26,26,24,25,23,23,27,23,25,23,22,22,22,25,24,22,25,22,24,23,22,23,22,22,23,22,23,24,24,24,23,25,27,27,22,25,26,22,22,25,26,24,22,23,25,22,25,22,22,23,24,23,47,47,47,47,47,47,47,47,47,47,47,47,47,47,47,47,47,47,47,47,47,47,47,47,47,47,47,47,47,47,47,47,47,47,47,47,47,47,47,47,47,47,47,47,47,47,47,47,47,47,47,47,47,47,47,47,47,47,47,47,47,47,47,47,810,800,790,790,790,790,795,810,795,795,810,810,810,810,800,805,795,795,815,795,805,795,790,790,790,805,800,790,805,790,800,795,790,795,790,790,795,790,795,800,800,800,795,805,815,815,790,805,810,790,790,805,810,800,790,795,805,790,805,790,790,795,800,795
60.5,26,24,23,23,23,23,23,25,23,23,25,27,26,25,23,25,22,22,26,22,25,23,22,22,22,25,23,22,24,22,24,23,22,23,23,22,24,22,23,25,23,23,23,25,27,27,23,25,27,22,22,25,25,25,22,23,25,23,25,22,22,24,24,24,47,47,47,47,47,47,47,47,47,47,47,47,47,47,47,47,47,47,47,47,47,47,47,47,47,47,47,47,47,47,47,47,47,47,47,47,47,47,47,47,47,47,47,47,47,47,47,47,47,47,47,47,47,47,47,47,47,47,47,47,47,47,47,47,810,800,795,795,795,795,795,805,795,795,805,815,810,805,795,805,790,790,810,790,805,795,790,790,790,805,795,790,800,790,800,795,790,795,795,790,800,790,795,805,795,795,795,805,815,815,795,805,815,790,790,805,805,805,790,795,805,795,805,790,790,800,800,800
61,26,25,23,23,23,24,24,25,24,24,25,26,25,25,23,24,22,22,26,22,25,24,22,22,22,24,23,23,24,23,24,22,23,22,23,22,25,22,22,25,22,22,22,25,26,26,23,26,27,22,22,25,25,25,23,22,25,23,26,22,22,25,23,25,47,47,47,47,47,47,47,47,47,47,47,47,47,47,47,47,47,47,47,47,47,47,47,47,47,47,47,47,47,47,47,47,47,47,47,47,47,47,47,47,47,47,47,47,47,47,47,47,47,47,47,47,47,47,47,47,47,47,47,47,47,47,47,47,810,805,795,795,795,800,800,805,800,800,805,810,805,805,795,800,790,790,810,790,805,800,790,790,790,800,795,795,800,795,800,790,795,790,795,790,805,790,790,805,790,790,790,805,810,810,795,810,815,790,790,805,805,805,795,790,805,795,810,790,790,805,795,805
61.5,27,25,24,24,24,24,25,25,25,25,24,26,25,25,22,24,22,22,26,22,25,24,22,22,22,24,22,23,24,23,24,22,23,22,24,22,25,23,22,26,22,22,22,24,26,26,24,25,27,22,23,24,24,26,23,22,24,24,25,22,22,25,22,25,47,47,47,47,47,47,47,47,47,47,47,47,47,47,47,47,47,47,47,47,47,47,47,47,47,47,47,47,47,47,47,47,47,47,47,47,47,47,47,47,47,47,47,47,47,47,47,47,47,47,47,47,47,47,47,47,47,47,47,47,47,47,47,47,815,805,800,800,800,800,805,805,805,805,800,810,805,805,790,800,790,790,810,790,805,800,790,790,790,800,790,795,800,795,800,790,795,790,800,790,805,795,790,810,790,790,790,800,810,810,800,805,815,790,795,800,800,810,795,790,800,800,805,790,790,805,790,805
62,27,26,24,25,25,25,25,24,25,25,24,26,24,25,22,23,22,22,26,22,25,25,23,23,23,24,22,24,23,24,25,22,24,22,25,23,26,23,22,26,22,22,22,23,25,25,25,25,26,23,23,24,24,26,24,22,23,25,25,23,23,26,22,26,47,47,47,47,47,47,47,47,47,47,47,47,47,47,47,47,47,47,47,47,47,47,47,47,47,47,47,47,47,47,47,47,47,47,47,47,47,47,47,47,47,47,47,47,47,47,47,47,47,47,47,47,47,47,47,47,47,47,47,47,47,47,47,47,815,810,800,805,805,805,805,800,805,805,800,810,800,805,790,795,790,790,810,790,805,805,795,795,795,800,790,800,795,800,805,790,800,790,805,795,810,795,790,810,790,790,790,795,805,805,805,805,810,795,795,800,800,810,800,790,795,805,805,795,795,810,790,810
62.5,27,25,25,25,25,25,26,24,26,26,24,26,24,25,22,23,22,22,27,23,24,25,23,23,23,24,22,24,23,25,25,22,25,22,25,23,26,24,22,25,22,22,22,23,25,25,25,25,26,24,24,23,23,25,25,22,23,25,25,23,23,26,22,25,47,47,47,47,47,47,47,47,47,47,47,47,47,47,47,47,47,47,47,47,47,47,47,47,47,47,47,47,47,47,47,47,47,47,47,47,47,47,47,47,47,47,47,47,47,47,47,47,47,47,47,47,47,47,47,47,47,47,47,47,47,47,47,47,815,805,805,805,805,805,810,800,810,810,800,810,800,805,790,795,790,790,815,795,800,805,795,795,795,800,790,800,795,805,805,790,805,790,805,795,810,800,790,805,790,790,790,795,805,805,805,805,810,800,800,795,795,805,805,790,795,805,805,795,795,810,790,805
63,27,25,25,26,26,26,26,23,26,26,23,26,23,25,22,22,23,23,26,23,24,26,24,24,24,23,23,25,22,25,25,23,25,23,26,24,25,25,23,25,23,23,23,22,24,24,26,24,26,24,25,23,23,25,25,23,22,26,24,24,24,25,22,25,47,47,47,47,47,47,47,47,47,47,47,47,47,47,47,47,47,47,47,47,47,47,47,47,47,47,47,47,47,47,47,47,47,47,47,47,47,47,47,47,47,47,47,47,47,47,47,47,47,47,47,47,47,47,47,47,47,47,47,47,47,47,47,47,815,805,805,810,810,810,810,795,810,810,795,810,795,805,790,790,795,795,810,795,800,810,800,800,800,795,795,805,790,805,805,795,805,795,810,800,805,805,795,805,795,795,795,790,800,800,810,800,810,800,805,795,795,805,805,795,790,810,800,800,800,805,790,805
63.5,27,25,26,26,26,25,25,23,25,25,23,27,22,24,23,22,24,24,25,24,23,25,25,25,25,23,23,25,22,26,25,23,26,24,25,24,25,25,23,24,23,23,23,22,24,24,25,23,26,25,25,22,22,24,26,24,22,26,23,25,25,25,23,25,47,47,47,47,47,47,47,47,47,47,47,47,47,47,47,47,47,47,47,47,47,47,47,47,47,47,47,47,47,47,47,47,47,47,47,47,47,47,47,47,47,47,47,47,47,47,47,47,47,47,47,47,47,47,47,47,47,47,47,47,47,47,47,47,815,805,810,810,810,805,805,795,805,805,795,815,790,800,795,790,800,800,805,800,795,805,805,805,805,795,795,805,790,810,805,795,810,800,805,800,805,805,795,800,795,795,795,790,800,800,805,795,810,805,805,790,790,800,810,800,790,810,795,805,805,805,795,805
64,26,24,25,25,25,25,25,22,25,25,22,27,22,24,23,22,24,24,25,25,23,25,25,25,25,22,24,26,22,26,25,24,25,24,25,25,24,26,24,24,24,24,24,22,23,23,25,23,26,25,26,22,22,24,25,24,22,25,23,25,25,24,23,24,47,47,47,47,47,47,47,47,47,47,47,47,47,47,47,47,47,47,47,47,47,47,47,47,47,47,47,47,47,47,47,47,47,47,47,47,47,47,47,47,47,47,47,47,47,47,47,47,47,47,47,47,47,47,47,47,47,47,47,47,47,47,47,47,810,800,805,805,805,805,805,790,805,805,790,815,790,800,795,790,800,800,805,805,795,805,805,805,805,790,800,810,790,810,805,800,805,800,805,805,800,810,800,800,800,800,800,790,795,795,805,795,810,805,810,790,790,800,805,800,790,805,795,805,805,800,795,800
64.5,26,23,25,25,25,25,24,22,24,24,22,27,22,23,24,22,25,25,25,25,22,25,26,26,26,22,24,25,22,25,25,25,25,25,25,25,24,25,25,23,25,25,25,22,22,22,25,22,27,26,26,22,22,23,25,25,23,25,22,26,26,24,24,24,47,47,47,47,47,47,47,47,47,47,47,47,47,47,47,47,47,47,47,47,47,47,47,47,47,47,47,47,47,47,47,47,47,47,47,47,47,47,47,47,47,47,47,47,47,47,47,47,47,47,47,47,47,47,47,47,47,47,47,47,47,47,47,47,810,795,805,805,805,805,800,790,800,800,790,815,790,795,800,790,805,805,805,805,790,805,810,810,810,790,800,805,790,805,805,805,805,805,805,805,800,805,805,795,805,805,805,790,790,790,805,790,815,810,810,790,790,795,805,805,795,805,790,810,810,800,800,800
65,25,23,25,24,24,24,24,22,24,24,22,27,22,23,25,23,25,25,25,26,22,24,26,25,25,22,25,25,23,25,25,25,25,25,24,26,23,25,25,23,25,25,25,23,22,22,24,22,27,25,25,23,23,23,25,25,23,24,22,26,25,23,25,23,47,47,47,47,47,47,47,47,47,47,47,47,47,47,47,47,47,47,47,47,47,47,47,47,47,47,47,47,47,47,47,47,47,47,47,47,47,47,47,47,47,47,47,47,47,47,47,47,47,47,47,47,47,47,47,47,47,47,47,47,47,47,47,47,805,795,805,800,800,800,800,790,800,800,790,815,790,795,805,795,805,805,805,810,790,800,810,805,805,790,805,805,795,805,805,805,805,805,800,810,795,805,805,795,805,805,805,795,790,790,800,790,815,805,805,795,795,795,805,805,795,800,790,810,805,795,805,795
65.5,24,22,24,24,24,23,23,22,23,23,23,26,23,22,25,23,26,26,26,26,22,23,25,25,25,23,26,25,23,24,24,26,24,26,24,25,22,25,26,22,26,26,26,23,22,22,24,22,27,25,25,23,23,22,24,26,24,24,22,25,25,23,25,22,47,47,47,47,47,47,47,47,47,47,47,47,47,47,47,47,47,47,47,47,47,47,47,47,47,47,47,47,47,47,47,47,47,47,47,47,47,47,47,47,47,47,47,47,47,47,47,47,47,47,47,47,47,47,47,47,47,47,47,47,47,47,47,47,800,790,800,800,800,795,795,790,795,795,795,810,795,790,805,795,810,810,810,810,790,795,805,805,805,795,810,805,795,800,800,810,800,810,800,805,790,805,810,790,810,810,810,795,790,790,800,790,815,805,805,795,795,790,800,810,800,800,790,805,805,795,805,790
66,24,22,23,23,23,23,23,23,22,22,23,26,23,22,26,24,25,25,26,25,23,23,25,25,25,23,26,24,24,24,23,25,24,25,23,25,22,24,26,22,26,26,25,24,22,22,23,23,27,25,24,24,24,22,24,25,24,23,23,25,25,22,26,22,47,47,47,47,47,47,47,47,47,47,47,47,47,47,47,47,47,47,47,47,47,47,47,47,47,47,47,47,47,47,47,47,47,47,47,47,47,47,47,47,47,47,47,47,47,47,47,47,47,47,47,47,47,47,47,47,47,47,47,47,47,47,47,47,800,790,795,795,795,795,795,795,790,790,795,810,795,790,810,800,805,805,810,805,795,795,805,805,805,795,810,800,800,800,795,805,800,805,795,805,790,800,810,790,810,810,805,800,790,790,795,795,815,805,800,800,800,790,800,805,800,795,795,805,805,790,810,790
66.5,23,22,23,23,23,22,22,23,22,22,24,26,24,22,25,25,25,25,26,25,23,22,24,24,24,24,25,23,25,23,23,25,23,25,22,25,22,24,25,22,25,25,25,25,22,22,22,23,26,24,24,25,25,22,23,25,25,23,23,24,24,22,26,22,47,47,47,47,47,47,47,47,47,47,47,47,47,47,47,47,47,47,47,47,47,47,47,47,47,47,47,47,47,47,47,47,47,47,47,47,47,47,47,47,47,47,47,47,47,47,47,47,47,47,47,47,47,47,47,47,47,47,47,47,47,47,47,47,795,790,795,795,795,790,790,795,790,790,800,810,800,790,805,805,805,805,810,805,795,790,800,800,800,800,805,795,805,795,795,805,795,805,790,805,790,800,805,790,805,805,805,805,790,790,790,795,810,800,800,805,805,790,795,805,805,795,795,800,800,790,810,790
67,23,23,22,22,22,22,22,24,22,22,24,25,24,22,25,25,25,25,26,24,24,22,24,24,24,24,25,23,25,23,22,25,22,25,22,24,22,23,25,23,25,25,25,25,23,23,22,24,26,23,23,25,25,23,22,25,25,22,24,24,24,22,25,22,47,47,47,47,47,47,47,47,47,47,47,47,47,47,47,47,47,47,47,47,47,47,47,47,47,47,47,47,47,47,47,47,47,47,47,47,47,47,47,47,47,47,47,47,47,47,47,47,47,47,47,47,47,47,47,47,47,47,47,47,47,47,47,47,795,795,790,790,790,790,790,800,790,790,800,805,800,790,805,805,805,805,810,800,800,790,800,800,800,800,805,795,805,795,790,805,790,805,790,800,790,795,805,795,805,805,805,805,795,795,790,800,810,795,795,805,805,795,790,805,805,790,800,800,800,790,805,790
67.5,22,23,22,22,22,22,22,25,22,22,25,25,25,23,25,26,24,24,26,24,24,22,23,23,23,25,25,22,26,22,22,24,22,24,22,23,23,22,24,23,24,24,24,26,24,24,22,24,25,23,22,26,26,23,22,24,26,22,24,23,23,23,25,23,47,47,47,47,47,47,47,47,47,47,47,47,47,47,47,47,47,47,47,47,47,47,47,47,47,47,47,47,47,47,47,47,47,47,47,47,47,47,47,47,47,47,47,47,47,47,47,47,47,47,47,47,47,47,47,47,47,47,47,47,47,47,47,47,790,795,790,790,790,790,790,805,790,790,805,805,805,795,805,810,800,800,810,800,800,790,795,795,795,805,805,790,810,790,790,800,790,800,790,795,795,790,800,795,800,800,800,810,800,800,790,800,805,795,790,810,810,795,790,800,810,790,800,795,795,795,805,795
68,22,24,22,22,22,23,23,25,23,23,25,24,25,23,24,25,23,23,25,23,25,23,22,22,22,25,24,22,26,22,22,24,22,23,22,23,23,22,24,24,24,24,24,25,24,24,22,25,25,22,22,26,26,24,22,23,25,22,25,23,22,23,24,24,47,47,47,47,47,47,47,47,47,47,47,47,47,47,47,47,47,47,47,47,47,47,47,47,47,47,47,47,47,47,47,47,47,47,47,47,47,47,47,47,47,47,47,47,47,47,47,47,47,47,47,47,47,47,47,47,47,47,47,47,47,47,47,47,790,800,790,790,790,795,795,805,795,795,805,800,805,795,800,805,795,795,805,795,805,795,790,790,790,805,800,790,810,790,790,800,790,795,790,795,795,790,800,800,800,800,800,805,800,800,790,805,805,790,790,810,810,800,790,795,805,790,805,795,790,795,800,800
68.5,22,24,23,23,23,23,23,26,23,23,26,24,26,24,24,25,23,23,25,23,25,23,22,22,22,26,23,22,25,22,22,23,22,23,23,22,24,22,23,25,23,23,23,25,25,25,23,26,24,22,22,25,25,25,22,23,25,23,25,22,22,24,24,24,47,47,47,47,47,47,47,47,47,47,47,47,47,47,47,47,47,47,47,47,47,47,47,47,47,47,47,47,47,47,47,47,47,47,47,47,47,47,47,47,47,47,47,47,47,47,47,47,47,47,47,47,47,47,47,47,47,47,47,47,47,47,47,47,790,800,795,795,795,795,795,810,795,795,810,800,810,800,800,805,795,795,805,795,805,795,790,790,790,810,795,790,805,790,790,795,790,795,795,790,800,790,795,805,795,795,795,805,805,805,795,810,800,790,790,805,805,805,790,795,805,795,805,790,790,800,800,800
69,22,25,23,23,23,24,24,26,24,24,25,23,25,25,23,25,22,22,24,22,26,24,22,22,22,25,23,23,25,23,23,22,23,22,24,22,25,22,23,25,22,22,22,25,25,25,24,26,23,22,22,25,25,25,23,22,25,23,26,22,22,25,23,25,47,47,47,47,47,47,47,47,47,47,47,47,47,47,47,47,47,47,47,47,47,47,47,47,47,47,47,47,47,47,47,47,47,47,47,47,47,47,47,47,47,47,47,47,47,47,47,47,47,47,47,47,47,47,47,47,47,47,47,47,47,47,47,47,790,805,795,795,795,800,800,810,800,800,805,795,805,805,795,805,790,790,800,790,810,800,790,790,790,805,795,795,805,795,795,790,795,790,800,790,805,790,795,805,790,790,790,805,805,805,800,810,795,790,790,805,805,805,795,790,805,795,810,790,790,805,795,805
69.5,23,25,24,24,24,24,25,25,25,25,25,22,25,25,22,24,22,22,24,22,25,24,22,22,22,25,22,23,24,23,24,22,24,22,24,22,25,23,22,26,22,22,22,24,26,26,24,25,23,23,23,24,24,26,24,22,24,24,25,22,22,25,23,25,47,47,47,47,47,47,47,47,47,47,47,47,47,47,47,47,47,47,47,47,47,47,47,47,47,47,47,47,47,47,47,47,47,47,47,47,47,47,47,47,47,47,47,47,47,47,47,47,47,47,47,47,47,47,47,47,47,47,47,47,47,47,47,47,795,805,800,800,800,800,805,805,805,805,805,790,805,805,790,800,790,790,800,790,805,800,790,790,790,805,790,795,800,795,800,790,800,790,800,790,805,795,790,810,790,790,790,800,810,810,800,805,795,795,795,800,800,810,800,790,800,800,805,790,790,805,795,805
70,23,26,24,25,25,25,25,25,25,25,25,22,25,26,22,24,22,22,23,22,25,25,23,23,23,25,22,24,24,24,24,22,24,22,25,23,26,24,22,26,22,22,22,24,25,25,25,25,22,23,23,24,24,26,24,22,23,25,25,23,23,26,22,26,47,47,47,47,47,47,47,47,47,47,47,47,47,47,47,47,47,47,47,47,47,47,47,47,47,47,47,47,47,47,47,47,47,47,47,47,47,47,47,47,47,47,47,47,47,47,47,47,47,47,47,47,47,47,47,47,47,47,47,47,47,47,47,47,795,810,800,805,805,805,805,805,805,805,805,790,805,810,790,800,790,790,795,790,805,805,795,795,795,805,790,800,800,800,800,790,800,790,805,795,810,800,790,810,790,790,790,800,805,805,805,805,790,795,795,800,800,810,800,790,795,805,805,795,795,810,790,810
70.5,24,25,25,25,25,25,26,24,26,26,24,22,24,26,22,23,23,23,22,23,25,26,23,24,24,24,22,24,23,25,25,22,25,23,25,23,26,24,22,25,22,22,22,23,25,25,25,25,22,24,24,23,23,25,25,23,23,25,25,23,24,26,22,26,47,47,47,47,47,47,47,47,47,47,47,47,47,47,47,47,47,47,47,47,47,47,47,47,47,47,47,47,47,47,47,47,47,47,47,47,47,47,47,47,47,47,47,47,47,47,47,47,47,47,47,47,47,47,47,47,47,47,47,47,47,47,47,47,800,805,805,805,805,805,810,800,810,810,800,790,800,810,790,795,795,795,790,795,805,810,795,800,800,800,790,800,795,805,805,790,805,795,805,795,810,800,790,805,790,790,790,795,805,805,805,805,790,800,800,795,795,805,805,795,795,805,805,795,800,810,790,810
71,25,25,26,26,26,26,26,24,26,26,23,22,23,25,22,22,23,23,22,23,24,26,24,24,24,23,23,25,23,25,25,23,25,23,26,24,25,25,23,25,23,23,23,22,25,25,26,24,22,24,25,23,23,25,25,23,22,26,24,24,24,25,22,25,47,47,47,47,47,47,47,47,47,47,47,47,47,47,47,47,47,47,47,47,47,47,47,47,47,47,47,47,47,47,47,47,47,47,47,47,47,47,47,47,47,47,47,47,47,47,47,47,47,47,47,47,47,47,47,47,47,47,47,47,47,47,47,47,805,805,810,810,810,810,810,800,810,810,795,790,795,805,790,790,795,795,790,795,800,810,800,800,800,795,795,805,795,805,805,795,805,795,810,800,805,805,795,805,795,795,795,790,805,805,810,800,790,800,805,795,795,805,805,795,790,810,800,800,800,805,790,805
71.5,25,25,26,26,26,25,25,23,25,25,23,22,23,25,23,22,24,24,22,24,23,25,25,25,25,23,23,26,22,26,26,24,26,24,26,24,25,25,23,24,23,23,24,22,24,24,26,23,22,25,25,22,22,24,26,24,22,26,23,25,25,25,23,25,47,47,47,47,47,47,47,47,47,47,47,47,47,47,47,47,47,47,47,47,47,47,47,47,47,47,47,47,47,47,47,47,47,47,47,47,47,47,47,47,47,47,47,47,47,47,47,47,47,47,47,47,47,47,47,47,47,47,47,47,47,47,47,47,805,805,810,810,810,805,805,795,805,805,795,790,795,805,795,790,800,800,790,800,795,805,805,805,805,795,795,810,790,810,810,800,810,800,810,800,805,805,795,800,795,795,800,790,800,800,810,795,790,805,805,790,790,800,810,800,790,810,795,805,805,805,795,805
72,26,24,25,25,25,25,25,22,25,25,22,23,22,24,24,22,24,24,22,25,23,25,25,25,25,22,24,26,22,26,26,24,26,24,25,25,24,26,24,24,24,24,24,22,23,23,25,23,23,25,26,22,22,24,26,24,22,25,23,25,25,24,23,24,47,47,47,47,47,47,47,47,47,47,47,47,47,47,47,47,47,47,47,47,47,47,47,47,47,47,47,47,47,47,47,47,47,47,47,47,47,47,47,47,47,47,47,47,47,47,47,47,47,47,47,47,47,47,47,47,47,47,47,47,47,47,47,47,810,800,805,805,805,805,805,790,805,805,790,795,790,800,800,790,800,800,790,805,795,805,805,805,805,790,800,810,790,810,810,800,810,800,805,805,800,810,800,800,800,800,800,790,795,795,805,795,795,805,810,790,790,800,810,800,790,805,795,805,805,800,795,800
72.5,25,23,25,25,25,25,24,22,24,24,22,24,22,24,24,22,25,25,23,25,22,25,26,26,26,22,24,25,22,25,25,25,25,25,25,26,24,26,25,23,25,25,25,22,23,23,25,22,23,26,26,22,22,23,25,25,23,25,22,26,26,24,24,24,47,47,47,47,47,47,47,47,47,47,47,47,47,47,47,47,47,47,47,47,47,47,47,47,47,47,47,47,47,47,47,47,47,47,47,47,47,47,47,47,47,47,47,47,47,47,47,47,47,47,47,47,47,47,47,47,47,47,47,47,47,47,47,47,805,795,805,805,805,805,800,790,800,800,790,800,790,800,800,790,805,805,795,805,790,805,810,810,810,790,800,805,790,805,805,805,805,805,805,810,800,810,805,795,805,805,805,790,795,795,805,790,795,810,810,790,790,795,805,805,795,805,790,810,810,800,800,800
73,25,23,25,24,24,24,24,22,24,24,22,24,22,23,25,23,25,25,23,26,22,24,26,26,26,22,25,25,23,25,25,25,25,25,24,26,23,25,25,23,25,25,25,23,22,22,24,22,24,25,25,23,23,23,25,25,23,24,22,26,26,23,25,23,47,47,47,47,47,47,47,47,47,47,47,47,47,47,47,47,47,47,47,47,47,47,47,47,47,47,47,47,47,47,47,47,47,47,47,47,47,47,47,47,47,47,47,47,47,47,47,47,47,47,47,47,47,47,47,47,47,47,47,47,47,47,47,47,805,795,805,800,800,800,800,790,800,800,790,800,790,795,805,795,805,805,795,810,790,800,810,810,810,790,805,805,795,805,805,805,805,805,800,810,795,805,805,795,805,805,805,795,790,790,800,790,800,805,805,795,795,795,805,805,795,800,790,810,810,795,805,795
73.5,25,22,24,24,24,23,23,22,23,23,23,25,23,22,25,24,26,26,24,26,22,23,25,25,25,23,26,25,23,24,24,26,24,26,24,25,22,25,26,22,26,26,26,24,22,22,24,22,25,25,25,23,23,22,24,26,24,24,22,25,25,23,25,22,47,47,47,47,47,47,47,47,47,47,47,47,47,47,47,47,47,47,47,47,47,47,47,47,47,47,47,47,47,47,47,47,47,47,47,47,47,47,47,47,47,47,47,47,47,47,47,47,47,47,47,47,47,47,47,47,47,47,47,47,47,47,47,47,805,790,800,800,800,795,795,790,795,795,795,805,795,790,805,800,810,810,800,810,790,795,805,805,805,795,810,805,795,800,800,810,800,810,800,805,790,805,810,790,810,810,810,800,790,790,800,790,805,805,805,795,795,790,800,810,800,800,790,805,805,795,805,790
74,24,22,23,23,23,23,23,23,22,22,23,25,23,22,26,24,25,25,25,25,23,23,25,25,25,23,26,24,24,24,24,26,24,25,23,25,22,24,26,22,26,26,26,24,22,22,23,23,25,25,24,24,24,22,24,25,24,23,23,25,25,22,26,22,47,47,47,47,47,47,47,47,47,47,47,47,47,47,47,47,47,47,47,47,47,47,47,47,47,47,47,47,47,47,47,47,47,47,47,47,47,47,47,47,47,47,47,47,47,47,47,47,47,47,47,47,47,47,47,47,47,47,47,47,47,47,47,47,800,790,795,795,795,795,795,795,790,790,795,805,795,790,810,800,805,805,805,805,795,795,805,805,805,795,810,800,800,800,800,810,800,805,795,805,790,800,810,790,810,810,810,800,790,790,795,795,805,805,800,800,800,790,800,805,800,795,795,805,805,790,810,790
74.5,24,22,23,23,23,22,22,23,22,22,24,26,24,22,26,25,25,25,25,25,23,22,24,24,24,24,25,23,25,23,23,25,23,25,22,25,22,24,25,22,25,25,25,25,23,23,22,23,26,24,24,25,25,22,23,25,25,23,23,24,24,22,26,22,47,47,47,47,47,47,47,47,47,47,47,47,47,47,47,47,47,47,47,47,47,47,47,47,47,47,47,47,47,47,47,47,47,47,47,47,47,47,47,47,47,47,47,47,47,47,47,47,47,47,47,47,47,47,47,47,47,47,47,47,47,47,47,47,800,790,795,795,795,790,790,795,790,790,800,810,800,790,810,805,805,805,805,805,795,790,800,800,800,800,805,795,805,795,795,805,795,805,790,805,790,800,805,790,805,805,805,805,795,795,790,795,810,800,800,805,805,790,795,805,805,795,795,800,800,790,810,790
75,23,23,22,22,22,22,22,24,22,22,24,25,24,22,25,25,25,25,26,24,24,22,24,24,24,24,25,23,25,23,22,25,22,25,22,24,22,23,25,23,25,25,25,25,23,23,22,24,26,23,23,25,25,23,22,25,25,22,24,24,24,22,25,22,47,47,47,47,47,47,47,47,47,47,47,47,47,47,47,47,47,47,47,47,47,47,47,47,47,47,47,47,47,47,47,47,47,47,47,47,47,47,47,47,47,47,47,47,47,47,47,47,47,47,47,47,47,47,47,47,47,47,47,47,47,47,47,47,795,795,790,790,790,790,790,800,790,790,800,805,800,790,805,805,805,805,810,800,800,790,800,800,800,800,805,795,805,795,790,805,790,805,790,800,790,795,805,795,805,805,805,805,795,795,790,800,810,795,795,805,805,795,790,805,805,790,800,800,800,790,805,790
75.5,22,23,22,22,22,22,22,25,22,22,25,25,25,23,25,26,24,24,26,24,24,22,23,23,23,25,25,22,26,22,22,24,22,24,22,23,23,22,24,23,24,24,24,26,24,24,22,24,25,23,22,26,26,23,22,24,26,22,24,23,23,23,25,23,47,47,47,47,47,47,47,47,47,47,47,47,47,47,47,47,47,47,47,47,47,47,47,47,47,47,47,47,47,47,47,47,47,47,47,47,47,47,47,47,47,47,47,47,47,47,47,47,47,47,47,47,47,47,47,47,47,47,47,47,47,47,47,47,790,795,790,790,790,790,790,805,790,790,805,805,805,795,805,810,800,800,810,800,800,790,795,795,795,805,805,790,810,790,790,800,790,800,790,795,795,790,800,795,800,800,800,810,800,800,790,800,805,795,790,810,810,795,790,800,810,790,800,795,795,795,805,795
76,22,24,22,22,22,23,23,25,23,23,25,25,26,23,24,26,23,23,25,23,25,23,22,22,22,25,24,22,26,22,22,24,22,23,22,23,23,22,24,24,24,24,24,26,24,24,22,25,25,22,22,26,26,24,22,23,25,22,25,23,22,23,24,24,47,47,47,47,47,47,47,47,47,47,47,47,47,47,47,47,47,47,47,47,47,47,47,47,47,47,47,47,47,47,47,47,47,47,47,47,47,47,47,47,47,47,47,47,47,47,47,47,47,47,47,47,47,47,47,47,47,47,47,47,47,47,47,47,790,800,790,790,790,795,795,805,795,795,805,805,810,795,800,810,795,795,805,795,805,795,790,790,790,805,800,790,810,790,790,800,790,795,790,795,795,790,800,800,800,800,800,810,800,800,790,805,805,790,790,810,810,800,790,795,805,790,805,795,790,795,800,800
76.5,22,24,23,23,23,23,23,26,23,23,26,24,26,24,24,25,23,23,25,23,25,23,22,22,22,26,23,22,25,22,22,23,22,23,23,22,24,22,23,25,23,23,23,25,25,25,23,26,24,22,22,25,25,25,22,23,25,23,25,22,22,24,24,24,47,47,47,47,47,47,47,47,47,47,47,47,47,47,47,47,47,47,47,47,47,47,47,47,47,47,47,47,47,47,47,47,47,47,47,47,47,47,47,47,47,47,47,47,47,47,47,47,47,47,47,47,47,47,47,47,47,47,47,47,47,47,47,47,790,800,795,795,795,795,795,810,795,795,810,800,810,800,800,805,795,795,805,795,805,795,790,790,790,810,795,790,805,790,790,795,790,795,795,790,800,790,795,805,795,795,795,805,805,805,795,810,800,790,790,805,805,805,790,795,805,795,805,790,790,800,800,800
77,22,25,23,23,23,24,24,26,24,24,25,23,25,25,23,25,22,22,24,22,26,24,22,22,22,25,23,23,25,23,23,22,23,22,24,22,25,22,23,25,22,22,22,25,25,25,24,26,24,22,22,25,25,25,23,22,25,23,26,22,22,25,23,25,47,47,47,47,47,47,47,47,47,47,47,47,47,47,47,47,47,47,47,47,47,47,47,47,47,47,47,47,47,47,47,47,47,47,47,47,47,47,47,47,47,47,47,47,47,47,47,47,47,47,47,47,47,47,47,47,47,47,47,47,47,47,47,47,790,805,795,795,795,800,800,810,800,800,805,795,805,805,795,805,790,790,800,790,810,800,790,790,790,805,795,795,805,795,795,790,795,790,800,790,805,790,795,805,790,790,790,805,805,805,800,810,800,790,790,805,805,805,795,790,805,795,810,790,790,805,795,805
77.5,23,25,24,24,24,24,25,25,25,25,25,23,25,25,22,24,22,22,24,22,25,24,22,22,22,25,22,23,24,23,24,22,24,22,24,22,25,23,22,26,22,22,22,24,26,26,24,25,23,23,23,24,24,26,24,22,24,24,25,22,22,25,23,25,47,47,47,47,47,47,47,47,47,47,47,47,47,47,47,47,47,47,47,47,47,47,47,47,47,47,47,47,47,47,47,47,47,47,47,47,47,47,47,47,47,47,47,47,47,47,47,47,47,47,47,47,47,47,47,47,47,47,47,47,47,47,47,47,795,805,800,800,800,800,805,805,805,805,805,795,805,805,790,800,790,790,800,790,805,800,790,790,790,805,790,795,800,795,800,790,800,790,800,790,805,795,790,810,790,790,790,800,810,810,800,805,795,795,795,800,800,810,800,790,800,800,805,790,790,805,795,805
78,24,26,24,25,25,25,25,25,25,25,25,22,25,26,22,24,22,22,23,22,25,25,23,23,23,25,22,24,24,24,24,22,24,22,25,23,26,24,22,26,22,22,22,24,25,25,25,25,23,23,23,24,24,26,24,22,23,25,25,23,23,26,22,26,47,47,47,47,47,47,47,47,47,47,47,47,47,47,47,47,47,47,47,47,47,47,47,47,47,47,47,47,47,47,47,47,47,47,47,47,47,47,47,47,47,47,47,47,47,47,47,47,47,47,47,47,47,47,47,47,47,47,47,47,47,47,47,47,800,810,800,805,805,805,805,805,805,805,805,790,805,810,790,800,790,790,795,790,805,805,795,795,795,805,790,800,800,800,800,790,800,790,805,795,810,800,790,810,790,790,790,800,805,805,805,805,795,795,795,800,800,810,800,790,795,805,805,795,795,810,790,810
78.5,24,25,25,25,25,25,26,24,26,26,24,22,24,26,22,23,23,23,23,23,25,26,23,24,24,24,22,24,23,25,25,22,25,23,25,23,26,24,22,25,22,22,22,23,25,25,25,25,22,24,24,23,23,25,25,23,23,25,25,23,24,26,22,26,47,47,47,47,47,47,47,47,47,47,47,47,47,47,47,47,47,47,47,47,47,47,47,47,47,47,47,47,47,47,47,47,47,47,47,47,47,47,47,47,47,47,47,47,47,47,47,47,47,47,47,47,47,47,47,47,47,47,47,47,47,47,47,47,800,805,805,805,805,805,810,800,810,810,800,790,800,810,790,795,795,795,795,795,805,810,795,800,800,800,790,800,795,805,805,790,805,795,805,795,810,800,790,805,790,790,790,795,805,805,805,805,790,800,800,795,795,805,805,795,795,805,805,795,800,810,790,810
79,25,25,26,26,26,26,26,24,26,26,23,22,23,25,22,22,23,23,22,23,24,26,24,24,24,23,23,25,23,25,25,23,25,23,26,24,25,25,23,25,23,23,23,22,25,25,26,24,22,24,25,23,23,25,25,23,22,26,24,24,24,25,22,25,47,47,47,47,47,47,47,47,47,47,47,47,47,47,47,47,47,47,47,47,47,47,47,47,47,47,47,47,47,47,47,47,47,47,47,47,47,47,47,47,47,47,47,47,47,47,47,47,47,47,47,47,47,47,47,47,47,47,47,47,47,47,47,47,805,805,810,810,810,810,810,800,810,810,795,790,795,805,790,790,795,795,790,795,800,810,800,800,800,795,795,805,795,805,805,795,805,795,810,800,805,805,795,805,795,795,795,790,805,805,810,800,790,800,805,795,795,805,805,795,790,810,800,800,800,805,790,805
79.5,25,25,26,26,26,25,25,23,25,25,23,23,23,25,23,22,24,24,22,24,23,25,25,25,25,23,23,26,22,26,26,24,26,24,26,24,25,25,23,24,23,23,24,22,24,24,26,23,22,25,25,22,22,24,26,24,22,26,23,25,25,25,23,25,47,47,47,47,47,47,47,47,47,47,47,47,47,47,47,47,47,47,47,47,47,47,47,47,47,47,47,47,47,47,47,47,47,47,47,47,47,47,47,47,47,47,47,47,47,47,47,47,47,47,47,47,47,47,47,47,47,47,47,47,47,47,47,47,805,805,810,810,810,805,805,795,805,805,795,795,795,805,795,790,800,800,790,800,795,805,805,805,805,795,795,810,790,810,810,800,810,800,810,800,805,805,795,800,795,795,800,790,800,800,810,795,790,805,805,790,790,800,810,800,790,810,795,805,805,805,795,805
80,26,24,25,25,25,25,25,22,25,25,22,23,22,24,24,22,24,24,22,25,23,25,25,25,25,22,24,26,22,26,26,24,26,24,25,25,24,26,24,24,24,24,24,22,23,23,25,23,23,25,26,22,22,24,26,24,22,25,23,25,25,24,23,24,47,47,47,47,47,47,47,47,47,47,47,47,47,47,47,47,47,47,47,47,47,47,47,47,47,47,47,47,47,47,47,47,47,47,47,47,47,47,47,47,47,47,47,47,47,47,47,47,47,47,47,47,47,47,47,47,47,47,47,47,47,47,47,47,810,800,805,805,805,805,805,790,805,805,790,795,790,800,800,790,800,800,790,805,795,805,805,805,805,790,800,810,790,810,810,800,810,800,805,805,800,810,800,800,800,800,800,790,795,795,805,795,795,805,810,790,790,800,810,800,790,805,795,805,805,800,795,800
80.5,26,23,25,25,25,25,24,22,24,24,22,24,22,24,24,22,25,25,23,25,22,25,26,26,26,22,24,25,22,25,25,25,25,25,25,26,24,26,25,23,25,25,25,22,23,23,25,22,23,26,26,22,22,23,25,25,23,25,22,26,26,24,24,24,47,47,47,47,47,47,47,47,47,47,47,47,47,47,47,47,47,47,47,47,47,47,47,47,47,47,47,47,47,47,47,47,47,47,47,47,47,47,47,47,47,47,47,47,47,47,47,47,47,47,47,47,47,47,47,47,47,47,47,47,47,47,47,47,810,795,805,805,805,805,800,790,800,800,790,800,790,800,800,790,805,805,795,805,790,805,810,810,810,790,800,805,790,805,805,805,805,805,805,810,800,810,805,795,805,805,805,790,795,795,805,790,795,810,810,790,790,795,805,805,795,805,790,810,810,800,800,800
81,25,23,25,24,24,24,24,22,24,24,22,24,22,23,25,23,25,25,23,26,22,24,26,26,26,22,25,25,23,25,25,25,25,25,24,26,23,25,25,23,25,25,25,23,22,22,24,22,24,25,25,23,23,23,25,25,23,24,22,26,26,23,25,23,47,47,47,47,47,47,47,47,47,47,47,47,47,47,47,47,47,47,47,47,47,47,47,47,47,47,47,47,47,47,47,47,47,47,47,47,47,47,47,47,47,47,47,47,47,47,47,47,47,47,47,47,47,47,47,47,47,47,47,47,47,47,47,47,805,795,805,800,800,800,800,790,800,800,790,800,790,795,805,795,805,805,795,810,790,800,810,810,810,790,805,805,795,805,805,805,805,805,800,810,795,805,805,795,805,805,805,795,790,790,800,790,800,805,805,795,795,795,805,805,795,800,790,810,810,795,805,795
81.5,25,22,24,24,24,23,23,22,23,23,23,25,23,22,25,24,26,26,24,26,22,23,25,25,25,23,26,25,23,24,24,26,24,26,24,25,22,25,26,22,26,26,26,24,22,22,24,22,25,25,25,23,23,22,24,26,24,24,22,25,25,23,25,22,47,47,47,47,47,47,47,47,47,47,47,47,47,47,47,47,47,47,47,47,47,47,47,47,47,47,47,47,47,47,47,47,47,47,47,47,47,47,47,47,47,47,47,47,47,47,47,47,47,47,47,47,47,47,47,47,47,47,47,47,47,47,47,47,805,790,800,800,800,795,795,790,795,795,795,805,795,790,805,800,810,810,800,810,790,795,805,805,805,795,810,805,795,800,800,810,800,810,800,805,790,805,810,790,810,810,810,800,790,790,800,790,805,805,805,795,795,790,800,810,800,800,790,805,805,795,805,790
82,24,22,23,23,23,23,23,23,22,22,23,25,23,22,26,24,25,25,25,25,23,23,25,25,25,23,26,24,24,24,24,26,24,25,23,25,22,24,26,22,26,26,26,24,22,22,23,23,25,25,24,24,24,22,24,25,24,23,23,25,25,22,26,22,47,47,47,47,47,47,47,47,47,47,47,47,47,47,47,47,47,47,47,47,47,47,47,47,47,47,47,47,47,47,47,47,47,47,47,47,47,47,47,47,47,47,47,47,47,47,47,47,47,47,47,47,47,47,47,47,47,47,47,47,47,47,47,47,800,790,795,795,795,795,795,795,790,790,795,805,795,790,810,800,805,805,805,805,795,795,805,805,805,795,810,800,800,800,800,810,800,805,795,805,790,800,810,790,810,810,810,800,790,790,795,795,805,805,800,800,800,790,800,805,800,795,795,805,805,790,810,790
82.5,24,22,23,23,23,22,22,23,22,22,24,26,24,22,26,25,25,25,25,25,23,22,24,24,24,24,25,23,25,23,23,25,23,25,22,25,22,24,25,22,25,25,25,25,23,23,22,23,26,24,24,25,25,22,23,25,25,23,23,24,24,22,26,22,47,47,47,47,47,47,47,47,47,47,47,47,47,47,47,47,47,47,47,47,47,47,47,47,47,47,47,47,47,47,47,47,47,47,47,47,47,47,47,47,47,47,47,47,47,47,47,47,47,47,47,47,47,47,47,47,47,47,47,47,47,47,47,47,800,790,795,795,795,790,790,795,790,790,800,810,800,790,810,805,805,805,805,805,795,790,800,800,800,800,805,795,805,795,795,805,795,805,790,805,790,800,805,790,805,805,805,805,795,795,790,795,810,800,800,805,805,790,795,805,805,795,795,800,800,790,810,790
83,23,23,22,22,22,22,22,24,22,22,24,25,24,22,25,25,25,25,26,24,24,22,24,24,24,24,25,23,25,23,22,25,22,25,22,24,22,23,25,23,25,25,25,25,23,23,22,24,26,23,23,25,25,23,22,25,25,22,24,24,24,22,25,22,47,47,47,47,47,47,47,47,47,47,47,47,47,47,47,47,47,47,47,47,47,47,47,47,47,47,47,47,47,47,47,47,47,47,47,47,47,47,47,47,47,47,47,47,47,47,47,47,47,47,47,47,47,47,47,47,47,47,47,47,47,47,47,47,795,795,790,790,790,790,790,800,790,790,800,805,800,790,805,805,805,805,810,800,800,790,800,800,800,800,805,795,805,795,790,805,790,805,790,800,790,795,805,795,805,805,805,805,795,795,790,800,810,795,795,805,805,795,790,805,805,790,800,800,800,790,805,790
83.5,22,23,22,22,22,22,22,25,22,22,25,25,25,23,25,26,24,24,26,24,24,22,23,23,23,25,25,22,26,22,22,24,22,24,22,23,23,22,24,23,24,24,24,26,24,24,22,24,25,23,22,26,26,23,22,24,26,22,24,23,23,23,25,23,47,47,47,47,47,47,47,47,47,47,47,47,47,47,47,47,47,47,47,47,47,47,47,47,47,47,47,47,47,47,47,47,47,47,47,47,47,47,47,47,47,47,47,47,47,47,47,47,47,47,47,47,47,47,47,47,47,47,47,47,47,47,47,47,790,795,790,790,790,790,790,805,790,790,805,805,805,795,805,810,800,800,810,800,800,790,795,795,795,805,805,790,810,790,790,800,790,800,790,795,795,790,800,795,800,800,800,810,800,800,790,800,805,795,790,810,810,795,790,800,810,790,800,795,795,795,805,795
84,22,24,22,22,22,23,23,25,23,23,25,25,26,23,24,26,23,23,25,23,25,23,22,22,22,25,24,22,26,22,22,24,22,23,22,23,23,22,24,24,24,24,24,26,24,24,22,25,25,22,22,26,26,24,22,23,25,22,25,23,22,23,24,24,47,47,47,47,47,47,47,47,47,47,47,47,47,47,47,47,47,47,47,47,47,47,47,47,47,47,47,47,47,47,47,47,47,47,47,47,47,47,47,47,47,47,47,47,47,47,47,47,47,47,47,47,47,47,47,47,47,47,47,47,47,47,47,47,790,800,790,790,790,795,795,805,795,795,805,805,810,795,800,810,795,795,805,795,805,795,790,790,790,805,800,790,810,790,790,800,790,795,790,795,795,790,800,800,800,800,800,810,800,800,790,805,805,790,790,810,810,800,790,795,805,790,805,795,790,795,800,800
84.5,22,24,23,23,23,23,23,26,23,23,26,24,26,24,24,25,23,23,25,23,25,23,22,22,22,26,23,22,25,22,22,23,22,23,23,22,24,22,23,25,23,23,23,25,25,25,23,26,24,22,22,25,25,25,22,23,25,23,25,22,22,24,24,24,47,47,47,47,47,47,47,47,47,47,47,47,47,47,47,47,47,47,47,47,47,47,47,47,47,47,47,47,47,47,47,47,47,47,47,47,47,47,47,47,47,47,47,47,47,47,47,47,47,47,47,47,47,47,47,47,47,47,47,47,47,47,47,47,790,800,795,795,795,795,795,810,795,795,810,800,810,800,800,805,795,795,805,795,805,795,790,790,790,810,795,790,805,790,790,795,790,795,795,790,800,790,795,805,795,795,795,805,805,805,795,810,800,790,790,805,805,805,790,795,805,795,805,790,790,800,800,800
85,22,25,23,23,23,24,24,26,24,24,25,23,25,25,23,25,22,22,24,22,26,24,22,22,22,25,23,23,25,23,23,22,23,22,24,22,25,22,23,25,22,22,22,25,25,25,24,26,24,22,22,25,25,25,23,22,25,23,26,22,22,25,23,25,47,47,47,47,47,47,47,47,47,47,47,47,47,47,47,47,47,47,47,47,47,47,47,47,47,47,47,47,47,47,47,47,47,47,47,47,47,47,47,47,47,47,47,47,47,47,47,47,47,47,47,47,47,47,47,47,47,47,47,47,47,47,47,47,790,805,795,795,795,800,800,810,800,800,805,795,805,805,795,805,790,790,800,790,810,800,790,790,790,805,795,795,805,795,795,790,795,790,800,790,805,790,795,805,790,790,790,805,805,805,800,810,800,790,790,805,805,805,795,790,805,795,810,790,790,805,795,805
85.5,23,25,24,24,24,24,25,25,25,25,25,23,25,25,22,24,22,22,24,22,25,24,22,22,22,25,22,23,24,23,24,22,24,22,24,22,25,23,22,26,22,22,22,24,26,26,24,25,23,23,23,24,24,26,24,22,24,24,25,22,22,25,23,25,47,47,47,47,47,47,47,47,47,47,47,47,47,47,47,47,47,47,47,47,47,47,47,47,47,47,47,47,47,47,47,47,47,47,47,47,47,47,47,47,47,47,47,47,47,47,47,47,47,47,47,47,47,47,47,47,47,47,47,47,47,47,47,47,795,805,800,800,800,800,805,805,805,805,805,795,805,805,790,800,790,790,800,790,805,800,790,790,790,805,790,795,800,795,800,790,800,790,800,790,805,795,790,810,790,790,790,800,810,810,800,805,795,795,795,800,800,810,800,790,800,800,805,790,790,805,795,805
86,24,26,24,25,25,25,25,25,25,25,25,22,25,26,22,24,22,22,23,22,25,25,23,23,23,25,22,24,24,24,24,22,24,22,25,23,26,24,22,26,22,22,22,24,25,25,25,25,23,23,23,24,24,26,24,22,23,25,25,23,23,26,22,26,47,47,47,47,47,47,47,47,47,47,47,47,47,47,47,47,47,47,47,47,47,47,47,47,47,47,47,47,47,47,47,47,47,47,47,47,47,47,47,47,47,47,47,47,47,47,47,47,47,47,47,47,47,47,47,47,47,47,47,47,47,47,47,47,800,810,800,805,805,805,805,805,805,805,805,790,805,810,790,800,790,790,795,790,805,805,795,795,795,805,790,800,800,800,800,790,800,790,805,795,810,800,790,810,790,790,790,800,805,805,805,805,795,795,795,800,800,810,800,790,795,805,805,795,795,810,790,810
86.5,24,25,25,25,25,25,26,24,26,26,24,22,24,26,22,23,23,23,23,23,25,26,23,24,24,24,22,24,23,25,25,22,25,23,25,23,26,24,22,25,22,22,22,23,25,25,25,25,22,24,24,23,23,25,25,23,23,25,25,23,24,26,22,26,47,47,47,47,47,47,47,47,47,47,47,47,47,47,47,47,47,47,47,47,47,47,47,47,47,47,47,47,47,47,47,47,47,47,47,47,47,47,47,47,47,47,47,47,47,47,47,47,47,47,47,47,47,47,47,47,47,47,47,47,47,47,47,47,800,805,805,805,805,805,810,800,810,810,800,790,800,810,790,795,795,795,795,795,805,810,795,800,800,800,790,800,795,805,805,790,805,795,805,795,810,800,790,805,790,790,790,795,805,805,805,805,790,800,800,795,795,805,805,795,795,805,805,795,800,810,790,810
87,25,25,26,26,26,26,26,24,26,26,23,22,23,25,22,22,23,23,22,23,24,26,24,24,24,23,23,25,23,25,25,23,25,23,26,24,25,25,23,25,23,23,23,22,25,25,26,24,22,24,25,23,23,25,25,23,22,26,24,24,24,25,22,25,47,47,47,47,47,47,47,47,47,47,47,47,47,47,47,47,47,47,47,47,47,47,47,47,47,47,47,47,47,47,47,47,47,47,47,47,47,47,47,47,47,47,47,47,47,47,47,47,47,47,47,47,47,47,47,47,47,47,47,47,47,47,47,47,805,805,810,810,810,810,810,800,810,810,795,790,795,805,790,790,795,795,790,795,800,810,800,800,800,795,795,805,795,805,805,795,805,795,810,800,805,805,795,805,795,795,795,790,805,805,810,800,790,800,805,795,795,805,805,795,790,810,800,800,800,805,790,805
87.5,25,25,26,26,26,25,25,23,25,25,23,23,23,25,23,22,24,24,22,24,23,25,25,25,25,23,23,26,22,26,26,24,26,24,26,24,25,25,23,24,23,23,24,22,24,24,26,23,22,25,25,22,22,24,26,24,22,26,23,25,25,25,23,25,47,47,47,47,47,47,47,47,47,47,47,47,47,47,47,47,47,47,47,47,47,47,47,47,47,47,47,47,47,47,47,47,47,47,47,47,47,47,47,47,47,47,47,47,47,47,47,47,47,47,47,47,47,47,47,47,47,47,47,47,47,47,47,47,805,805,810,810,810,805,805,795,805,805,795,795,795,805,795,790,800,800,790,800,795,805,805,805,805,795,795,810,790,810,810,800,810,800,810,800,805,805,795,800,795,795,800,790,800,800,810,795,790,805,805,790,790,800,810,800,790,810,795,805,805,805,795,805
88,26,24,25,25,25,25,25,22,25,25,22,23,22,24,24,22,24,24,22,25,23,25,25,25,25,22,24,26,22,26,26,24,26,24,25,25,24,26,24,24,24,24,24,22,23,23,25,23,23,25,26,22,22,24,26,24,22,25,23,25,25,24,23,24,47,47,47,47,47,47,47,47,47,47,47,47,47,47,47,47,47,47,47,47,47,47,47,47,47,47,47,47,47,47,47,47,47,47,47,47,47,47,47,47,47,47,47,47,47,47,47,47,47,47,47,47,47,47,47,47,47,47,47,47,47,47,47,47,810,800,805,805,805,805,805,790,805,805,790,795,790,800,800,790,800,800,790,805,795,805,805,805,805,790,800,810,790,810,810,800,810,800,805,805,800,810,800,800,800,800,800,790,795,795,805,795,795,805,810,790,790,800,810,800,790,805,795,805,805,800,795,800
88.5,26,23,25,25,25,25,24,22,24,24,22,24,22,24,24,22,25,25,23,25,22,25,26,26,26,22,24,25,22,25,25,25,25,25,25,26,24,26,25,23,25,25,25,22,23,23,25,22,23,26,26,22,22,23,25,25,23,25,22,26,26,24,24,24,47,47,47,47,47,47,47,47,47,47,47,47,47,47,47,47,47,47,47,47,47,47,47,47,47,47,47,47,47,47,47,47,47,47,47,47,47,47,47,47,47,47,47,47,47,47,47,47,47,47,47,47,47,47,47,47,47,47,47,47,47,47,47,47,810,795,805,805,805,805,800,790,800,800,790,800,790,800,800,790,805,805,795,805,790,805,810,810,810,790,800,805,790,805,805,805,805,805,805,810,800,810,805,795,805,805,805,790,795,795,805,790,795,810,810,790,790,795,805,805,795,805,790,810,810,800,800,800
89,25,23,25,24,24,24,24,22,24,24,22,24,22,23,25,23,25,25,23,26,22,24,26,26,26,22,25,25,23,25,25,25,25,25,24,26,23,25,25,23,25,25,25,23,22,22,24,22,24,25,25,23,23,23,25,25,23,24,22,26,26,23,25,23,47,47,47,47,47,47,47,47,47,47,47,47,47,47,47,47,47,47,47,47,47,47,47,47,47,47,47,47,47,47,47,47,47,47,47,47,47,47,47,47,47,47,47,47,47,47,47,47,47,47,47,47,47,47,47,47,47,47,47,47,47,47,47,47,805,795,805,800,800,800,800,790,800,800,790,800,790,795,805,795,805,805,795,810,790,800,810,810,810,790,805,805,795,805,805,805,805,805,800,810,795,805,805,795,805,805,805,795,790,790,800,790,800,805,805,795,795,795,805,805,795,800,790,810,810,795,805,795
89.5,25,22,24,24,24,23,23,22,23,23,23,25,23,22,25,24,26,26,24,26,22,23,25,25,25,23,26,25,23,24,24,26,24,26,24,25,22,25,26,22,26,26,26,24,22,22,24,22,25,25,25,23,23,22,24,26,24,24,22,25,25,23,25,22,47,47,47,47,47,47,47,47,47,47,47,47,47,47,47,47,47,47,47,47,47,47,47,47,47,47,47,47,47,47,47,47,47,47,47,47,47,47,47,47,47,47,47,47,47,47,47,47,47,47,47,47,47,47,47,47,47,47,47,47,47,47,47,47,805,790,800,800,800,795,795,790,795,795,795,805,795,790,805,800,810,810,800,810,790,795,805,805,805,795,810,805,795,800,800,810,800,810,800,805,790,805,810,790,810,810,810,800,790,790,800,790,805,805,805,795,795,790,800,810,800,800,790,805,805,795,805,790
90,24,22,23,23,23,23,23,23,22,22,23,25,23,22,26,24,25,25,25,25,23,23,25,25,25,23,26,24,24,24,24,26,24,25,23,25,22,24,26,22,26,26,26,24,22,22,23,23,25,25,24,24,24,22,24,25,24,23,23,25,25,22,26,22,47,47,47,47,47,47,47,47,47,47,47,47,47,47,47,47,47,47,47,47,47,47,47,47,47,47,47,47,47,47,47,47,47,47,47,47,47,47,47,47,47,47,47,47,47,47,47,47,47,47,47,47,47,47,47,47,47,47,47,47,47,47,47,47,800,790,795,795,795,795,795,795,790,790,795,805,795,790,810,800,805,805,805,805,795,795,805,805,805,795,810,800,800,800,800,810,800,805,795,805,790,800,810,790,810,810,810,800,790,790,795,795,805,805,800,800,800,790,800,805,800,795,795,805,805,790,810,790
90.5,24,22,23,23,23,22,22,23,22,22,24,26,24,22,26,25,25,25,25,25,23,22,24,24,24,24,25,23,25,23,23,25,23,25,22,25,22,24,25,22,25,25,25,25,23,23,22,23,26,24,24,25,25,22,23,25,25,23,23,24,24,22,26,22,47,47,47,47,47,47,47,47,47,47,47,47,47,47,47,47,47,47,47,47,47,47,47,47,47,47,47,47,47,47,47,47,47,47,47,47,47,47,47,47,47,47,47,47,47,47,47,47,47,47,47,47,47,47,47,47,47,47,47,47,47,47,47,47,800,790,795,795,795,790,790,795,790,790,800,810,800,790,810,805,805,805,805,805,795,790,800,800,800,800,805,795,805,795,795,805,795,805,790,805,790,800,805,790,805,805,805,805,795,795,790,795,810,800,800,805,805,790,795,805,805,795,795,800,800,790,810,790
91,23,23,22,22,22,22,22,24,22,22,24,25,24,22,25,25,25,25,26,24,24,22,24,24,24,24,25,23,25,23,22,25,22,25,22,24,22,23,25,23,25,25,25,25,23,23,22,24,26,23,23,25,25,23,22,25,25,22,24,24,24,22,25,22,47,47,47,47,47,47,47,47,47,47,47,47,47,47,47,47,47,47,47,47,47,47,47,47,47,47,47,47,47,47,47,47,47,47,47,47,47,47,47,47,47,47,47,47,47,47,47,47,47,47,47,47,47,47,47,47,47,47,47,47,47,47,47,47,795,795,790,790,790,790,790,800,790,790,800,805,800,790,805,805,805,805,810,800,800,790,800,800,800,800,805,795,805,795,790,805,790,805,790,800,790,795,805,795,805,805,805,805,795,795,790,800,810,795,795,805,805,795,790,805,805,790,800,800,800,790,805,790
91.5,22,23,22,22,22,22,22,25,22,22,25,25,25,23,25,26,24,24,26,24,24,22,23,23,23,25,25,22,26,22,22,24,22,24,22,23,23,22,24,23,24,24,24,26,24,24,22,24,25,23,22,26,26,23,22,24,26,22,24,23,23,23,25,23,47,47,47,47,47,47,47,47,47,47,47,47,47,47,47,47,47,47,47,47,47,47,47,47,47,47,47,47,47,47,47,47,47,47,47,47,47,47,47,47,47,47,47,47,47,47,47,47,47,47,47,47,47,47,47,47,47,47,47,47,47,47,47,47,790,795,790,790,790,790,790,805,790,790,805,805,805,795,805,810,800,800,810,800,800,790,795,795,795,805,805,790,810,790,790,800,790,800,790,795,795,790,800,795,800,800,800,810,800,800,790,800,805,795,790,810,810,795,790,800,810,790,800,795,795,795,805,795
92,22,24,22,22,22,23,23,25,23,23,25,25,26,23,24,26,23,23,25,23,25,23,22,22,22,25,24,22,26,22,22,24,22,23,22,23,23,22,24,24,24,24,24,26,24,24,22,25,25,22,22,26,26,24,22,23,25,22,25,23,22,23,24,24,47,47,47,47,47,47,47,47,47,47,47,47,47,47,47,47,47,47,47,47,47,47,47,47,47,47,47,47,47,47,47,47,47,47,47,47,47,47,47,47,47,47,47,47,47,47,47,47,47,47,47,47,47,47,47,47,47,47,47,47,47,47,47,47,790,800,790,790,790,795,795,805,795,795,805,805,810,795,800,810,795,795,805,795,805,795,790,790,790,805,800,790,810,790,790,800,790,795,790,795,795,790,800,800,800,800,800,810,800,800,790,805,805,790,790,810,810,800,790,795,805,790,805,795,790,795,800,800
92.5,22,24,23,23,23,23,23,26,23,23,26,24,26,24,24,25,23,23,25,23,25,23,22,22,22,26,23,22,25,22,22,23,22,23,23,22,24,22,23,25,23,23,23,25,25,25,23,26,24,22,22,25,25,25,22,23,25,23,25,22,22,24,24,24,47,47,47,47,47,47,47,47,47,47,47,47,47,47,47,47,47,47,47,47,47,47,47,47,47,47,47,47,47,47,47,47,47,47,47,47,47,47,47,47,47,47,47,47,47,47,47,47,47,47,47,47,47,47,47,47,47,47,47,47,47,47,47,47,790,800,795,795,795,795,795,810,795,795,810,800,810,800,800,805,795,795,805,795,805,795,790,790,790,810,795,790,805,790,790,795,790,795,795,790,800,790,795,805,795,795,795,805,805,805,795,810,800,790,790,805,805,805,790,795,805,795,805,790,790,800,800,800
93,22,25,23,23,23,24,24,26,24,24,25,23,25,25,23,25,22,22,24,22,26,24,22,22,22,25,23,23,25,23,23,22,23,22,24,22,25,22,23,25,22,22,22,25,25,25,24,26,24,22,22,25,25,25,23,22,25,23,26,22,22,25,23,25,47,47,47,47,47,47,47,47,47,47,47,47,47,47,47,47,47,47,47,47,47,47,47,47,47,47,47,47,47,47,47,47,47,47,47,47,47,47,47,47,47,47,47,47,47,47,47,47,47,47,47,47,47,47,47,47,47,47,47,47,47,47,47,47,790,805,795,795,795,800,800,810,800,800,805,795,805,805,795,805,790,790,800,790,810,800,790,790,790,805,795,795,805,795,795,790,795,790,800,790,805,790,795,805,790,790,790,805,805,805,800,810,800,790,790,805,805,805,795,790,805,795,810,790,790,805,795,805
93.5,23,25,24,24,24,24,25,25,25,25,25,23,25,25,22,24,22,22,24,22,25,24,22,22,22,25,22,23,24,23,24,22,24,22,24,22,25,23,22,26,22,22,22,24,26,26,24,25,23,23,23,24,24,26,24,22,24,24,25,22,22,25,23,25,47,47,47,47,47,47,47,47,47,47,47,47,47,47,47,47,47,47,47,47,47,47,47,47,47,47,47,47,47,47,47,47,47,47,47,47,47,47,47,47,47,47,47,47,47,47,47,47,47,47,47,47,47,47,47,47,47,47,47,47,47,47,47,47,795,805,800,800,800,800,805,805,805,805,805,795,805,805,790,800,790,790,800,790,805,800,790,790,790,805,790,795,800,795,800,790,800,790,800,790,805,795,790,810,790,790,790,800,810,810,800,805,795,795,795,800,800,810,800,790,800,800,805,790,790,805,795,805
94,24,26,24,25,25,25,25,25,25,25,25,22,25,26,22,24,22,22,23,22,25,25,23,23,23,25,22,24,24,24,24,22,24,22,25,23,26,24,22,26,22,22,22,24,25,25,25,25,23,23,23,24,24,26,24,22,23,25,25,23,23,26,22,26,47,47,47,47,47,47,47,47,47,47,47,47,47,47,47,47,47,47,47,47,47,47,47,47,47,47,47,47,47,47,47,47,47,47,47,47,47,47,47,47,47,47,47,47,47,47,47,47,47,47,47,47,47,47,47,47,47,47,47,47,47,47,47,47,800,810,800,805,805,805,805,805,805,805,805,790,805,810,790,800,790,790,795,790,805,805,795,795,795,805,790,800,800,800,800,790,800,790,805,795,810,800,790,810,790,790,790,800,805,805,805,805,795,795,795,800,800,810,800,790,795,805,805,795,795,810,790,810
94.5,24,25,25,25,25,25,26,24,26,26,24,22,24,26,22,23,23,23,23,23,25,26,23,24,24,24,22,24,23,25,25,22,25,23,25,23,26,24,22,25,22,22,22,23,25,25,25,25,22,24,24,23,23,25,25,23,23,25,25,23,24,26,22,26,47,47,47,47,47,47,47,47,47,47,47,47,47,47,47,47,47,47,47,47,47,47,47,47,47,47,47,47,47,47,47,47,47,47,47,47,47,47,47,47,47,47,47,47,47,47,47,47,47,47,47,47,47,47,47,47,47,47,47,47,47,47,47,47,800,805,805,805,805,805,810,800,810,810,800,790,800,810,790,795,795,795,795,795,805,810,795,800,800,800,790,800,795,805,805,790,805,795,805,795,810,800,790,805,790,790,790,795,805,805,805,805,790,800,800,795,795,805,805,795,795,805,805,795,800,810,790,810
95,25,25,26,26,26,26,26,24,26,26,23,22,23,25,22,22,23,23,22,23,24,26,24,24,24,23,23,25,23,25,25,23,25,23,26,24,25,25,23,25,23,23,23,22,25,25,26,24,22,24,25,23,23,25,25,23,22,26,25,24,24,25,22,25,47,47,47,47,47,47,47,47,47,47,47,47,47,47,47,47,47,47,47,47,47,47,47,47,47,47,47,47,47,47,47,47,47,47,47,47,47,47,47,47,47,47,47,47,47,47,47,47,47,47,47,47,47,47,47,47,47,47,47,47,47,47,47,47,805,805,810,810,810,810,810,800,810,810,795,790,795,805,790,790,795,795,790,795,800,810,800,800,800,795,795,805,795,805,805,795,805,795,810,800,805,805,795,805,795,795,795,790,805,805,810,800,790,800,805,795,795,805,805,795,790,810,805,800,800,805,790,805
95.5,25,25,26,26,26,25,25,23,25,25,23,23,23,25,23,22,24,24,22,24,23,25,25,25,25,23,23,26,22,26,26,24,26,24,26,24,25,25,23,24,23,23,24,22,24,24,26,23,22,25,25,22,22,24,26,24,22,26,25,25,25,25,23,25,47,47,47,47,47,47,47,47,47,47,47,47,47,47,47,47,47,47,47,47,47,47,47,47,47,47,47,47,47,47,47,47,47,47,47,47,47,47,47,47,47,47,47,47,47,47,47,47,47,47,47,47,47,47,47,47,47,47,47,47,47,47,47,47,805,805,810,810,810,805,805,795,805,805,795,795,795,805,795,790,800,800,790,800,795,805,805,805,805,795,795,810,790,810,810,800,810,800,810,800,805,805,795,800,795,795,800,790,800,800,810,795,790,805,805,790,790,800,810,800,790,810,805,805,805,805,795,805
96,26,24,25,25,25,25,25,22,25,25,22,23,22,24,24,22,24,24,22,25,23,25,25,25,25,22,24,26,22,26,26,24,26,24,25,25,24,26,24,24,24,24,24,22,23,23,25,23,23,25,26,22,22,24,26,24,22,25,25,25,25,25,23,25,47,47,47,47,47,47,47,47,47,47,47,47,47,47,47,47,47,47,47,47,47,47,47,47,47,47,47,47,47,47,47,47,47,47,47,47,47,47,47,47,47,47,47,47,47,47,47,47,47,47,47,47,47,47,47,47,47,47,47,47,47,47,47,47,810,800,805,805,805,805,805,790,805,805,790,795,790,800,800,790,800,800,790,805,795,805,805,805,805,790,800,810,790,810,810,800,810,800,805,805,800,810,800,800,800,800,800,790,795,795,805,795,795,805,810,790,790,800,810,800,790,805,805,805,805,805,795,805
96.5,26,23,25,25,25,25,24,22,24,24,22,24,22,24,24,22,25,25,23,25,22,25,26,26,26,22,24,25,22,25,25,25,25,25,25,26,24,26,25,23,25,25,25,22,23,23,25,22,23,26,26,22,22,23,25,25,23,25,25,26,26,25,24,25,47,47,47,47,47,47,47,47,47,47,47,47,47,47,47,47,47,47,47,47,47,47,47,47,47,47,47,47,47,47,47,47,47,47,47,47,47,47,47,47,47,47,47,47,47,47,47,47,47,47,47,47,47,47,47,47,47,47,47,47,47,47,47,47,810,795,805,805,805,805,800,790,800,800,790,800,790,800,800,790,805,805,795,805,790,805,810,810,810,790,800,805,790,805,805,805,805,805,805,810,800,810,805,795,805,805,805,790,795,795,805,790,795,810,810,790,790,795,805,805,795,805,805,810,810,805,800,805
97,25,23,25,24,24,24,24,22,24,24,22,24,22,23,25,23,25,25,23,26,22,24,26,26,26,22,25,25,23,25,25,25,25,25,24,26,23,25,25,23,25,25,25,23,22,22,25,22,24,25,25,23,23,23,25,25,23,25,25,26,26,25,25,25,47,47,47,47,47,47,47,47,47,47,47,47,47,47,47,47,47,47,47,47,47,47,47,47,47,47,47,47,47,47,47,47,47,47,47,47,47,47,47,47,47,47,47,47,47,47,47,47,47,47,47,47,47,47,47,47,47,47,47,47,47,47,47,47,805,795,805,800,800,800,800,790,800,800,790,800,790,795,805,795,805,805,795,810,790,800,810,810,810,790,805,805,795,805,805,805,805,805,800,810,795,805,805,795,805,805,805,795,790,790,805,790,800,805,805,795,795,795,805,805,795,805,805,810,810,805,805,805
97.5,25,22,24,24,24,23,23,22,23,23,23,25,23,22,25,24,26,26,24,26,22,23,25,25,25,23,26,25,23,24,24,26,24,26,24,25,22,25,26,22,26,26,26,24,22,22,25,22,25,25,25,23,23,22,25,26,24,25,25,25,25,25,25,25,47,47,47,47,47,47,47,47,47,47,47,47,47,47,47,47,47,47,47,47,47,47,47,47,47,47,47,47,47,47,47,47,47,47,47,47,47,47,47,47,47,47,47,47,47,47,47,47,47,47,47,47,47,47,47,47,47,47,47,47,47,47,47,47,805,790,800,800,800,795,795,790,795,795,795,805,795,790,805,800,810,810,800,810,790,795,805,805,805,795,810,805,795,800,800,810,800,810,800,805,790,805,810,790,810,810,810,800,790,790,805,790,805,805,805,795,795,790,805,810,800,805,805,805,805,805,805,805
98,24,22,23,23,23,23,23,23,22,22,23,25,23,22,26,24,25,25,25,25,23,23,25,25,25,23,26,24,24,24,24,26,24,25,23,25,22,24,26,22,26,26,26,24,22,22,25,23,25,25,25,24,24,22,25,25,24,25,25,25,25,25,26,25,47,47,47,47,47,47,47,47,47,47,47,47,47,47,47,47,47,47,47,47,47,47,47,47,47,47,47,47,47,47,47,47,47,47,47,47,47,47,47,47,47,47,47,47,47,47,47,47,47,47,47,47,47,47,47,47,47,47,47,47,47,47,47,47,800,790,795,795,795,795,795,795,790,790,795,805,795,790,810,800,805,805,805,805,795,795,805,805,805,795,810,800,800,800,800,810,800,805,795,805,790,800,810,790,810,810,810,800,790,790,805,795,805,805,805,800,800,790,805,805,800,805,805,805,805,805,810,805
98.5,24,22,23,23,23,22,22,23,22,22,24,26,24,22,26,25,25,25,25,25,23,22,24,24,24,24,25,23,25,23,23,25,23,25,22,25,22,24,25,22,25,25,25,25,23,23,25,23,26,24,25,25,25,22,25,25,25,25,25,24,24,25,26,25,47,47,47,47,47,47,47,47,47,47,47,47,47,47,47,47,47,47,47,47,47,47,47,47,47,47,47,47,47,47,47,47,47,47,47,47,47,47,47,47,47,47,47,47,47,47,47,47,47,47,47,47,47,47,47,47,47,47,47,47,47,47,47,47,800,790,795,795,795,790,790,795,790,790,800,810,800,790,810,805,805,805,805,805,795,790,800,800,800,800,805,795,805,795,795,805,795,805,790,805,790,800,805,790,805,805,805,805,795,795,805,795,810,800,805,805,805,790,805,805,805,805,805,800,800,805,810,805
99,23,23,22,22,22,22,22,24,22,22,24,25,24,22,25,25,25,25,26,24,24,22,24,24,24,24,25,23,25,23,22,25,22,25,22,25,22,23,25,23,25,25,25,25,23,23,25,24,26,23,25,25,25,23,25,25,25,25,24,24,24,25,25,25,47,47,47,47,47,47,47,47,47,47,47,47,47,47,47,47,47,47,47,47,47,47,47,47,47,47,47,47,47,47,47,47,47,47,47,47,47,47,47,47,47,47,47,47,47,47,47,47,47,47,47,47,47,47,47,47,47,47,47,47,47,47,47,47,795,795,790,790,790,790,790,800,790,790,800,805,800,790,805,805,805,805,810,800,800,790,800,800,800,800,805,795,805,795,790,805,790,805,790,805,790,795,805,795,805,805,805,805,795,795,805,800,810,795,805,805,805,795,805,805,805,805,800,800,800,805,805,805
99.5,22,23,22,22,22,22,22,25,22,22,25,25,25,23,25,26,24,24,26,24,24,22,23,23,23,25,25,22,26,22,22,25,22,24,22,25,23,22,24,23,25,25,24,26,24,24,25,24,25,23,25,26,26,23,25,24,26,25,23,23,23,25,25,25,47,47,47,47,47,47,47,47,47,47,47,47,47,47,47,47,47,47,47,47,47,47,47,47,47,47,47,47,47,47,47,47,47,47,47,47,47,47,47,47,47,47,47,47,47,47,47,47,47,47,47,47,47,47,47,47,47,47,47,47,47,47,47,47,790,795,790,790,790,790,790,805,790,790,805,805,805,795,805,810,800,800,810,800,800,790,795,795,795,805,805,790,810,790,790,805,790,800,790,805,795,790,800,795,805,805,800,810,800,800,805,800,805,795,805,810,810,795,805,800,810,805,795,795,795,805,805,805
100,22,24,22,22,22,23,23,25,23,23,25,25,26,23,24,26,23,23,25,23,25,23,22,22,22,25,25,22,26,22,22,25,22,23,22,25,23,22,24,24,25,25,24,26,24,24,25,25,25,22,25,26,26,24,25,23,25,25,23,23,22,24,24,24,47,47,47,47,47,47,47,47,47,47,47,47,47,47,47,47,47,47,47,47,47,47,47,47,47,47,47,47,47,47,47,47,47,47,47,47,47,47,47,47,47,47,47,47,47,47,47,47,47,47,47,47,47,47,47,47,47,47,47,47,47,47,47,47,790,800,790,790,790,795,795,805,795,795,805,805,810,795,800,810,795,795,805,795,805,795,790,790,790,805,805,790,810,790,790,805,790,795,790,805,795,790,800,800,805,805,800,810,800,800,805,805,805,790,805,810,810,800,805,795,805,805,795,795,790,800,800,800
