t,sensor0_1,sensor0_2,sensor0_3,sensor0_4,sensor0_5,sensor0_6,sensor0_7,sensor0_8,sensor0_9,sensor0_10,sensor0_11,sensor0_12,sensor0_13,sensor0_14,sensor0_15,sensor0_16,sensor0_17,sensor0_18,sensor0_19,sensor0_20,sensor0_21,sensor0_22,sensor0_23,sensor0_24,sensor0_25,sensor0_26,sensor0_27,sensor0_28,sensor0_29,sensor0_30,sensor0_31,sensor0_32,sensor0_33,sensor0_34,sensor0_35,sensor0_36,sensor0_37,sensor0_38,sensor0_39,sensor0_40,sensor0_41,sensor0_42,sensor0_43,sensor0_44,sensor0_45,sensor0_46,sensor0_47,sensor0_48,sensor0_49,sensor0_50,sensor0_51,sensor0_52,sensor0_53,sensor0_54,sensor0_55,sensor0_56,sensor0_57,sensor0_58,sensor0_59,sensor0_60,sensor0_61,sensor0_62,sensor0_63,sensor0_64,sensor1_1,sensor1_2,sensor1_3,sensor1_4,sensor1_5,sensor1_6,sensor1_7,sensor1_8,sensor1_9,sensor1_10,sensor1_11,sensor1_12,sensor1_13,sensor1_14,sensor1_15,sensor1_16,sensor1_17,sensor1_18,sensor1_19,sensor1_20,sensor1_21,sensor1_22,sensor1_23,sensor1_24,sensor1_25,sensor1_26,sensor1_27,sensor1_28,sensor1_29,sensor1_30,sensor1_31,sensor1_32,sensor1_33,sensor1_34,sensor1_35,sensor1_36,sensor1_37,sensor1_38,sensor1_39,sensor1_40,sensor1_41,sensor1_42,sensor1_43,sensor1_44,sensor1_45,sensor1_46,sensor1_47,sensor1_48,sensor1_49,sensor1_50,sensor1_51,sensor1_52,sensor1_53,sensor1_54,sensor1_55,sensor1_56,sensor1_57,sensor1_58,sensor1_59,sensor1_60,sensor1_61,sensor1_62,sensor1_63,sensor1_64,vdd_measured_1,vdd_measured_2,vdd_measured_3,vdd_measured_4,vdd_measured_5,vdd_measured_6,vdd_measured_7,vdd_measured_8,vdd_measured_9,vdd_measured_10,vdd_measured_11,vdd_measured_12,vdd_measured_13,vdd_measured_14,vdd_measured_15,vdd_measured_16,vdd_measured_17,vdd_measured_18,vdd_measured_19,vdd_measured_20,vdd_measured_21,vdd_measured_22,vdd_measured_23,vdd_measured_24,vdd_measured_25,vdd_measured_26,vdd_measured_27,vdd_measured_28,vdd_measured_29,vdd_measured_30,vdd_measured_31,vdd_measured_32,vdd_measured_33,vdd_measured_34,vdd_measured_35,vdd_measured_36,vdd_measured_37,vdd_measured_38,vdd_measured_39,vdd_measured_40,vdd_measured_41,vdd_measured_42,vdd_measured_43,vdd_measured_44,vdd_measured_45,vdd_measured_46,vdd_measured_47,vdd_measured_48,vdd_measured_49,vdd_measured_50,vdd_measured_51,vdd_measured_52,vdd_measured_53,vdd_measured_54,vdd_measured_55,vdd_measured_56,vdd_measured_57,vdd_measured_58,vdd_measured_59,vdd_measured_60,vdd_measured_61,vdd_measured_62,vdd_measured_63,vdd_measured_64
-25,23,24,24,24,24,24,25,24,25,25,24,25,25,25,25,25,25,26,25,25,25,25,25,25,25,24,24,25,25,24,24,24,24,25,23,23,23,23,23,22,23,23,23,22,23,22,23,23,23,23,24,23,23,23,24,24,24,24,24,24,25,25,25,25,47,47,47,47,47,47,47,47,47,47,47,47,47,47,47,47,47,47,47,47,47,47,47,47,47,47,47,47,47,47,47,47,47,47,47,47,47,47,47,47,47,47,47,47,47,47,47,47,47,47,47,47,47,47,47,47,47,47,47,47,47,47,47,47,795,800,800,800,800,800,805,800,805,805,800,805,805,805,805,805,805,810,805,805,805,805,805,805,805,800,800,805,805,800,800,800,800,805,795,795,795,795,795,790,795,795,795,790,795,790,795,795,795,795,800,795,795,795,800,800,800,800,800,800,805,805,805,805
-24.5,23,24,24,24,25,25,25,25,25,25,25,25,25,25,25,25,25,25,25,25,25,25,25,25,24,24,24,24,24,24,24,24,24,24,23,23,23,23,22,22,23,23,23,23,23,23,23,23,23,23,24,24,24,24,24,24,24,24,24,25,25,25,25,25,47,47,47,47,47,47,47,47,47,47,47,47,47,47,47,47,47,47,47,47,47,47,47,47,47,47,47,47,47,47,47,47,47,47,47,47,47,47,47,47,47,47,47,47,47,47,47,47,47,47,47,47,47,47,47,47,47,47,47,47,47,47,47,47,795,800,800,800,805,805,805,805,805,805,805,805,805,805,805,805,805,805,805,805,805,805,805,805,800,800,800,800,800,800,800,800,800,800,795,795,795,795,790,790,795,795,795,795,795,795,795,795,795,795,800,800,800,800,800,800,800,800,800,805,805,805,805,805
-24,24,24,24,25,25,25,25,25,25,26,25,25,25,25,25,25,25,24,25,25,24,25,24,25,24,24,24,24,23,24,23,23,24,23,23,23,23,22,23,23,23,23,23,23,23,23,23,23,23,23,24,25,24,24,24,24,25,24,25,25,25,25,25,25,47,47,47,47,47,47,47,47,47,47,47,47,47,47,47,47,47,47,47,47,47,47,47,47,47,47,47,47,47,47,47,47,47,47,47,47,47,47,47,47,47,47,47,47,47,47,47,47,47,47,47,47,47,47,47,47,47,47,47,47,47,47,47,47,800,800,800,805,805,805,805,805,805,810,805,805,805,805,805,805,805,800,805,805,800,805,800,805,800,800,800,800,795,800,795,795,800,795,795,795,795,790,795,795,795,795,795,795,795,795,795,795,795,795,800,805,800,800,800,800,805,800,805,805,805,805,805,805
-23.5,25,25,25,25,25,25,25,25,25,25,25,25,25,25,25,24,25,24,25,25,24,25,24,24,24,24,23,23,23,23,23,23,23,22,23,22,23,23,23,23,23,23,23,23,23,23,24,24,23,24,25,25,25,25,25,25,25,25,25,26,25,25,25,25,47,47,47,47,47,47,47,47,47,47,47,47,47,47,47,47,47,47,47,47,47,47,47,47,47,47,47,47,47,47,47,47,47,47,47,47,47,47,47,47,47,47,47,47,47,47,47,47,47,47,47,47,47,47,47,47,47,47,47,47,47,47,47,47,805,805,805,805,805,805,805,805,805,805,805,805,805,805,805,800,805,800,805,805,800,805,800,800,800,800,795,795,795,795,795,795,795,790,795,790,795,795,795,795,795,795,795,795,795,795,800,800,795,800,805,805,805,805,805,805,805,805,805,810,805,805,805,805
-23,25,25,26,25,25,25,25,25,25,25,25,24,25,25,25,24,25,24,24,24,23,23,24,23,24,23,23,22,23,23,23,23,22,23,23,23,23,23,24,23,24,23,23,24,23,24,24,24,25,25,25,25,25,25,26,25,25,25,26,25,25,25,25,24,47,47,47,47,47,47,47,47,47,47,47,47,47,47,47,47,47,47,47,47,47,47,47,47,47,47,47,47,47,47,47,47,47,47,47,47,47,47,47,47,47,47,47,47,47,47,47,47,47,47,47,47,47,47,47,47,47,47,47,47,47,47,47,47,805,805,810,805,805,805,805,805,805,805,805,800,805,805,805,800,805,800,800,800,795,795,800,795,800,795,795,790,795,795,795,795,790,795,795,795,795,795,800,795,800,795,795,800,795,800,800,800,805,805,805,805,805,805,810,805,805,805,810,805,805,805,805,800
-22.5,26,25,25,25,25,25,25,25,25,25,25,24,25,24,24,24,24,23,24,23,23,23,23,23,23,23,23,22,23,23,23,23,22,23,23,23,24,23,24,24,24,24,24,24,24,24,25,25,25,25,25,26,25,25,26,25,25,25,25,25,25,25,25,24,47,47,47,47,47,47,47,47,47,47,47,47,47,47,47,47,47,47,47,47,47,47,47,47,47,47,47,47,47,47,47,47,47,47,47,47,47,47,47,47,47,47,47,47,47,47,47,47,47,47,47,47,47,47,47,47,47,47,47,47,47,47,47,47,810,805,805,805,805,805,805,805,805,805,805,800,805,800,800,800,800,795,800,795,795,795,795,795,795,795,795,790,795,795,795,795,790,795,795,795,800,795,800,800,800,800,800,800,800,800,805,805,805,805,805,810,805,805,810,805,805,805,805,805,805,805,805,800
-22,26,25,25,25,25,25,25,25,25,24,24,24,24,24,24,23,23,23,23,23,23,23,23,22,23,23,23,23,23,23,23,23,23,23,23,24,24,24,24,24,24,24,25,24,25,25,25,25,25,25,25,25,25,25,25,25,24,25,25,25,24,24,24,24,47,47,47,47,47,47,47,47,47,47,47,47,47,47,47,47,47,47,47,47,47,47,47,47,47,47,47,47,47,47,47,47,47,47,47,47,47,47,47,47,47,47,47,47,47,47,47,47,47,47,47,47,47,47,47,47,47,47,47,47,47,47,47,47,810,805,805,805,805,805,805,805,805,800,800,800,800,800,800,795,795,795,795,795,795,795,795,790,795,795,795,795,795,795,795,795,795,795,795,800,800,800,800,800,800,800,805,800,805,805,805,805,805,805,805,805,805,805,805,805,800,805,805,805,800,800,800,800
-21.5,25,25,25,24,24,24,25,24,24,24,24,24,23,24,23,23,23,23,23,23,22,22,23,23,23,23,23,23,23,23,23,23,23,23,23,24,24,25,25,25,25,25,25,25,25,25,25,25,26,25,25,25,25,25,24,25,24,24,25,25,24,24,24,24,47,47,47,47,47,47,47,47,47,47,47,47,47,47,47,47,47,47,47,47,47,47,47,47,47,47,47,47,47,47,47,47,47,47,47,47,47,47,47,47,47,47,47,47,47,47,47,47,47,47,47,47,47,47,47,47,47,47,47,47,47,47,47,47,805,805,805,800,800,800,805,800,800,800,800,800,795,800,795,795,795,795,795,795,790,790,795,795,795,795,795,795,795,795,795,795,795,795,795,800,800,805,805,805,805,805,805,805,805,805,805,805,810,805,805,805,805,805,800,805,800,800,805,805,800,800,800,800
-21,25,24,24,24,24,24,24,24,23,23,23,23,23,23,23,22,23,23,23,22,23,23,23,23,23,23,24,24,23,23,24,24,24,23,24,24,25,25,25,25,25,25,25,25,25,25,25,25,25,25,25,24,24,24,25,24,24,24,24,24,23,23,23,23,47,47,47,47,47,47,47,47,47,47,47,47,47,47,47,47,47,47,47,47,47,47,47,47,47,47,47,47,47,47,47,47,47,47,47,47,47,47,47,47,47,47,47,47,47,47,47,47,47,47,47,47,47,47,47,47,47,47,47,47,47,47,47,47,805,800,800,800,800,800,800,800,795,795,795,795,795,795,795,790,795,795,795,790,795,795,795,795,795,795,800,800,795,795,800,800,800,795,800,800,805,805,805,805,805,805,805,805,805,805,805,805,805,805,805,800,800,800,805,800,800,800,800,800,795,795,795,795
-20.5,24,24,23,24,24,23,23,23,22,23,23,23,22,23,23,23,23,23,23,23,23,23,23,23,24,23,24,24,24,24,24,24,24,24,25,25,25,25,25,25,25,25,25,25,25,25,25,25,25,25,24,24,24,24,24,24,24,24,23,23,23,23,23,22,47,47,47,47,47,47,47,47,47,47,47,47,47,47,47,47,47,47,47,47,47,47,47,47,47,47,47,47,47,47,47,47,47,47,47,47,47,47,47,47,47,47,47,47,47,47,47,47,47,47,47,47,47,47,47,47,47,47,47,47,47,47,47,47,800,800,795,800,800,795,795,795,790,795,795,795,790,795,795,795,795,795,795,795,795,795,795,795,800,795,800,800,800,800,800,800,800,800,805,805,805,805,805,805,805,805,805,805,805,805,805,805,805,805,800,800,800,800,800,800,800,800,795,795,795,795,795,790
-20,24,24,23,23,23,23,23,23,23,23,22,23,23,23,23,23,23,23,23,23,24,23,24,23,24,24,24,25,25,25,25,24,25,25,25,25,25,25,25,25,25,25,25,25,25,25,25,25,25,25,24,24,24,24,24,24,23,23,23,23,22,22,23,23,47,47,47,47,47,47,47,47,47,47,47,47,47,47,47,47,47,47,47,47,47,47,47,47,47,47,47,47,47,47,47,47,47,47,47,47,47,47,47,47,47,47,47,47,47,47,47,47,47,47,47,47,47,47,47,47,47,47,47,47,47,47,47,47,800,800,795,795,795,795,795,795,795,795,790,795,795,795,795,795,795,795,795,795,800,795,800,795,800,800,800,805,805,805,805,800,805,805,805,805,805,805,805,805,805,805,805,805,805,805,805,805,805,805,800,800,800,800,800,800,795,795,795,795,790,790,795,795
-19.5,23,23,23,23,23,22,23,23,23,23,22,23,23,23,23,23,23,24,23,24,24,24,24,24,24,24,25,25,25,25,25,25,25,25,25,25,25,25,25,25,24,25,25,25,25,25,25,24,25,24,23,23,23,23,23,23,23,23,23,22,22,23,23,23,47,47,47,47,47,47,47,47,47,47,47,47,47,47,47,47,47,47,47,47,47,47,47,47,47,47,47,47,47,47,47,47,47,47,47,47,47,47,47,47,47,47,47,47,47,47,47,47,47,47,47,47,47,47,47,47,47,47,47,47,47,47,47,47,795,795,795,795,795,790,795,795,795,795,790,795,795,795,795,795,795,800,795,800,800,800,800,800,800,800,805,805,805,805,805,805,805,805,805,805,805,805,805,805,800,805,805,805,805,805,805,800,805,800,795,795,795,795,795,795,795,795,795,790,790,795,795,795
-19,23,23,23,23,23,23,23,23,23,23,23,23,23,23,24,24,23,23,24,24,25,24,24,24,25,25,25,25,26,25,26,25,25,25,25,25,25,25,24,24,25,25,25,25,24,24,24,24,24,24,23,22,23,22,23,23,23,22,23,23,23,23,23,24,47,47,47,47,47,47,47,47,47,47,47,47,47,47,47,47,47,47,47,47,47,47,47,47,47,47,47,47,47,47,47,47,47,47,47,47,47,47,47,47,47,47,47,47,47,47,47,47,47,47,47,47,47,47,47,47,47,47,47,47,47,47,47,47,795,795,795,795,795,795,795,795,795,795,795,795,795,795,800,800,795,795,800,800,805,800,800,800,805,805,805,805,810,805,810,805,805,805,805,805,805,805,800,800,805,805,805,805,800,800,800,800,800,800,795,790,795,790,795,795,795,790,795,795,795,795,795,800
-18.5,23,22,23,23,23,23,23,23,23,23,23,23,23,24,24,24,24,24,24,25,25,25,25,25,25,25,25,26,26,25,25,25,25,25,25,25,25,24,24,24,24,25,24,24,24,24,24,23,23,23,23,22,22,22,23,23,23,23,23,23,23,23,23,24,47,47,47,47,47,47,47,47,47,47,47,47,47,47,47,47,47,47,47,47,47,47,47,47,47,47,47,47,47,47,47,47,47,47,47,47,47,47,47,47,47,47,47,47,47,47,47,47,47,47,47,47,47,47,47,47,47,47,47,47,47,47,47,47,795,790,795,795,795,795,795,795,795,795,795,795,795,800,800,800,800,800,800,805,805,805,805,805,805,805,805,810,810,805,805,805,805,805,805,805,805,800,800,800,800,805,800,800,800,800,800,795,795,795,795,790,790,790,795,795,795,795,795,795,795,795,795,800
-18,23,23,23,23,23,24,23,24,23,24,24,24,24,24,24,24,25,25,25,25,25,25,25,25,25,25,25,25,25,25,25,25,25,25,25,24,24,24,24,23,24,24,24,23,23,23,22,23,23,22,22,23,23,23,23,23,23,23,23,24,23,24,23,23,47,47,47,47,47,47,47,47,47,47,47,47,47,47,47,47,47,47,47,47,47,47,47,47,47,47,47,47,47,47,47,47,47,47,47,47,47,47,47,47,47,47,47,47,47,47,47,47,47,47,47,47,47,47,47,47,47,47,47,47,47,47,47,47,795,795,795,795,795,800,795,800,795,800,800,800,800,800,800,800,805,805,805,805,805,805,805,805,805,805,805,805,805,805,805,805,805,805,805,800,800,800,800,795,800,800,800,795,795,795,790,795,795,790,790,795,795,795,795,795,795,795,795,800,795,800,795,795
-17.5,23,23,23,24,23,24,23,24,24,24,24,25,24,25,25,25,26,25,25,25,26,25,25,25,25,25,25,24,25,24,25,24,25,25,24,24,24,23,23,23,23,23,23,23,23,22,22,23,23,23,23,23,23,23,23,24,23,23,23,24,23,24,24,24,47,47,47,47,47,47,47,47,47,47,47,47,47,47,47,47,47,47,47,47,47,47,47,47,47,47,47,47,47,47,47,47,47,47,47,47,47,47,47,47,47,47,47,47,47,47,47,47,47,47,47,47,47,47,47,47,47,47,47,47,47,47,47,47,795,795,795,800,795,800,795,800,800,800,800,805,800,805,805,805,810,805,805,805,810,805,805,805,805,805,805,800,805,800,805,800,805,805,800,800,800,795,795,795,795,795,795,795,795,790,790,795,795,795,795,795,795,795,795,800,795,795,795,800,795,800,800,800
-17,23,23,24,24,24,24,24,24,25,25,24,25,25,25,25,25,26,25,26,25,25,25,25,25,25,25,25,24,25,25,24,25,24,24,24,23,23,23,23,22,23,23,23,23,23,23,23,23,23,23,23,24,23,23,24,23,23,24,24,24,24,24,25,25,47,47,47,47,47,47,47,47,47,47,47,47,47,47,47,47,47,47,47,47,47,47,47,47,47,47,47,47,47,47,47,47,47,47,47,47,47,47,47,47,47,47,47,47,47,47,47,47,47,47,47,47,47,47,47,47,47,47,47,47,47,47,47,47,795,795,800,800,800,800,800,800,805,805,800,805,805,805,805,805,810,805,810,805,805,805,805,805,805,805,805,800,805,805,800,805,800,800,800,795,795,795,795,790,795,795,795,795,795,795,795,795,795,795,795,800,795,795,800,795,795,800,800,800,800,800,805,805
-16.5,23,24,25,25,25,24,25,25,25,25,25,26,26,25,26,25,25,25,25,25,24,24,25,24,25,24,24,24,24,24,24,24,23,24,23,23,23,23,22,22,23,23,23,23,23,23,23,23,23,23,23,24,24,23,24,24,24,24,25,25,25,25,25,25,47,47,47,47,47,47,47,47,47,47,47,47,47,47,47,47,47,47,47,47,47,47,47,47,47,47,47,47,47,47,47,47,47,47,47,47,47,47,47,47,47,47,47,47,47,47,47,47,47,47,47,47,47,47,47,47,47,47,47,47,47,47,47,47,795,800,805,805,805,800,805,805,805,805,805,810,810,805,810,805,805,805,805,805,800,800,805,800,805,800,800,800,800,800,800,800,795,800,795,795,795,795,790,790,795,795,795,795,795,795,795,795,795,795,795,800,800,795,800,800,800,800,805,805,805,805,805,805
-16,24,24,25,25,25,25,26,25,25,25,25,25,25,25,25,25,25,25,25,25,25,24,24,24,25,24,24,24,24,24,23,23,23,24,23,23,23,23,23,23,23,23,23,23,23,23,23,23,23,23,23,24,24,24,25,25,25,25,25,25,25,25,25,25,47,47,47,47,47,47,47,47,47,47,47,47,47,47,47,47,47,47,47,47,47,47,47,47,47,47,47,47,47,47,47,47,47,47,47,47,47,47,47,47,47,47,47,47,47,47,47,47,47,47,47,47,47,47,47,47,47,47,47,47,47,47,47,47,800,800,805,805,805,805,810,805,805,805,805,805,805,805,805,805,805,805,805,805,805,800,800,800,805,800,800,800,800,800,795,795,795,800,795,795,795,795,795,795,795,795,795,795,795,795,795,795,795,795,795,800,800,800,805,805,805,805,805,805,805,805,805,805
-15.5,25,25,25,25,25,25,26,25,25,25,25,25,25,25,25,24,24,25,25,24,24,24,24,24,24,24,23,23,23,23,23,23,23,23,22,23,23,23,23,23,23,23,23,23,24,24,24,24,24,24,24,25,24,25,25,25,25,25,25,25,25,25,25,25,47,47,47,47,47,47,47,47,47,47,47,47,47,47,47,47,47,47,47,47,47,47,47,47,47,47,47,47,47,47,47,47,47,47,47,47,47,47,47,47,47,47,47,47,47,47,47,47,47,47,47,47,47,47,47,47,47,47,47,47,47,47,47,47,805,805,805,805,805,805,810,805,805,805,805,805,805,805,805,800,800,805,805,800,800,800,800,800,800,800,795,795,795,795,795,795,795,795,790,795,795,795,795,795,795,795,795,795,800,800,800,800,800,800,800,805,800,805,805,805,805,805,805,805,805,805,805,805
-15,25,25,25,25,25,25,25,25,25,25,25,25,25,24,25,24,24,24,24,24,24,23,23,24,23,23,23,23,22,23,22,22,22,23,23,23,23,24,24,24,24,23,24,24,24,24,24,24,24,25,25,25,25,25,25,25,26,25,25,25,25,24,25,24,47,47,47,47,47,47,47,47,47,47,47,47,47,47,47,47,47,47,47,47,47,47,47,47,47,47,47,47,47,47,47,47,47,47,47,47,47,47,47,47,47,47,47,47,47,47,47,47,47,47,47,47,47,47,47,47,47,47,47,47,47,47,47,47,805,805,805,805,805,805,805,805,805,805,805,805,805,800,805,800,800,800,800,800,800,795,795,800,795,795,795,795,790,795,790,790,790,795,795,795,795,800,800,800,800,795,800,800,800,800,800,800,800,805,805,805,805,805,805,805,810,805,805,805,805,800,805,800
-14.5,26,25,25,25,25,25,25,25,24,25,25,24,25,24,24,24,23,24,23,23,23,23,23,23,23,23,22,23,22,23,23,22,23,23,23,23,23,24,24,24,24,24,25,24,24,24,25,25,24,25,25,26,25,25,25,25,25,25,25,25,25,24,25,24,47,47,47,47,47,47,47,47,47,47,47,47,47,47,47,47,47,47,47,47,47,47,47,47,47,47,47,47,47,47,47,47,47,47,47,47,47,47,47,47,47,47,47,47,47,47,47,47,47,47,47,47,47,47,47,47,47,47,47,47,47,47,47,47,810,805,805,805,805,805,805,805,800,805,805,800,805,800,800,800,795,800,795,795,795,795,795,795,795,795,790,795,790,795,795,790,795,795,795,795,795,800,800,800,800,800,805,800,800,800,805,805,800,805,805,810,805,805,805,805,805,805,805,805,805,800,805,800
-14,25,25,25,25,24,24,24,25,24,25,24,25,24,24,24,23,23,23,23,23,23,23,22,23,22,23,23,23,23,23,23,23,23,23,23,24,24,24,25,24,24,24,25,25,25,24,25,25,25,25,25,25,25,25,25,25,25,25,25,25,25,25,24,25,47,47,47,47,47,47,47,47,47,47,47,47,47,47,47,47,47,47,47,47,47,47,47,47,47,47,47,47,47,47,47,47,47,47,47,47,47,47,47,47,47,47,47,47,47,47,47,47,47,47,47,47,47,47,47,47,47,47,47,47,47,47,47,47,805,805,805,805,800,800,800,805,800,805,800,805,800,800,800,795,795,795,795,795,795,795,790,795,790,795,795,795,795,795,795,795,795,795,795,800,800,800,805,800,800,800,805,805,805,800,805,805,805,805,805,805,805,805,805,805,805,805,805,805,805,805,800,805
-13.5,25,25,25,24,24,24,24,24,24,24,23,24,23,23,23,23,23,23,23,23,22,22,22,23,23,23,23,23,23,23,23,23,24,24,23,24,25,24,25,25,25,25,25,25,25,25,25,26,26,25,25,25,25,25,25,24,25,25,25,25,24,25,25,25,47,47,47,47,47,47,47,47,47,47,47,47,47,47,47,47,47,47,47,47,47,47,47,47,47,47,47,47,47,47,47,47,47,47,47,47,47,47,47,47,47,47,47,47,47,47,47,47,47,47,47,47,47,47,47,47,47,47,47,47,47,47,47,47,805,805,805,800,800,800,800,800,800,800,795,800,795,795,795,795,795,795,795,795,790,790,790,795,795,795,795,795,795,795,795,795,800,800,795,800,805,800,805,805,805,805,805,805,805,805,805,810,810,805,805,805,805,805,805,800,805,805,805,805,800,805,805,805
-13,25,25,24,24,24,24,23,24,23,23,23,23,23,23,23,22,23,22,22,22,23,23,23,23,23,23,24,23,24,24,23,23,24,24,24,24,25,25,25,26,25,25,25,25,26,25,25,25,25,25,25,25,24,24,24,24,24,24,24,25,25,26,25,25,47,47,47,47,47,47,47,47,47,47,47,47,47,47,47,47,47,47,47,47,47,47,47,47,47,47,47,47,47,47,47,47,47,47,47,47,47,47,47,47,47,47,47,47,47,47,47,47,47,47,47,47,47,47,47,47,47,47,47,47,47,47,47,47,805,805,800,800,800,800,795,800,795,795,795,795,795,795,795,790,795,790,790,790,795,795,795,795,795,795,800,795,800,800,795,795,800,800,800,800,805,805,805,810,805,805,805,805,810,805,805,805,805,805,805,805,800,800,800,800,800,800,800,805,805,810,805,805
-12.5,25,24,24,23,24,23,23,23,23,23,23,22,23,22,23,23,23,23,23,23,23,23,24,23,24,24,24,24,24,24,24,24,24,24,25,25,25,25,25,26,25,25,25,25,25,25,25,25,25,24,25,24,24,24,24,24,24,25,25,25,25,26,26,25,47,47,47,47,47,47,47,47,47,47,47,47,47,47,47,47,47,47,47,47,47,47,47,47,47,47,47,47,47,47,47,47,47,47,47,47,47,47,47,47,47,47,47,47,47,47,47,47,47,47,47,47,47,47,47,47,47,47,47,47,47,47,47,47,805,800,800,795,800,795,795,795,795,795,795,790,795,790,795,795,795,795,795,795,795,795,800,795,800,800,800,800,800,800,800,800,800,800,805,805,805,805,805,810,805,805,805,805,805,805,805,805,805,800,805,800,800,800,800,800,800,805,805,805,805,810,810,805
-12,24,24,23,23,23,22,23,23,22,22,22,23,22,22,23,23,23,23,23,24,24,23,23,23,24,23,24,24,24,24,25,25,24,25,25,25,26,25,25,25,25,25,25,25,25,25,25,24,24,25,24,25,25,25,25,25,25,25,26,25,26,26,26,25,47,47,47,47,47,47,47,47,47,47,47,47,47,47,47,47,47,47,47,47,47,47,47,47,47,47,47,47,47,47,47,47,47,47,47,47,47,47,47,47,47,47,47,47,47,47,47,47,47,47,47,47,47,47,47,47,47,47,47,47,47,47,47,47,800,800,795,795,795,790,795,795,790,790,790,795,790,790,795,795,795,795,795,800,800,795,795,795,800,795,800,800,800,800,805,805,800,805,805,805,810,805,805,805,805,805,805,805,805,805,805,800,800,805,800,805,805,805,805,805,805,805,810,805,810,810,810,805
-11.5,23,23,22,23,23,22,23,23,22,23,22,23,23,23,23,23,24,24,24,24,24,24,24,24,24,24,25,25,24,25,25,25,25,25,26,25,25,25,25,25,25,24,24,25,25,25,25,24,24,25,25,25,25,25,25,26,26,25,26,26,26,25,25,25,47,47,47,47,47,47,47,47,47,47,47,47,47,47,47,47,47,47,47,47,47,47,47,47,47,47,47,47,47,47,47,47,47,47,47,47,47,47,47,47,47,47,47,47,47,47,47,47,47,47,47,47,47,47,47,47,47,47,47,47,47,47,47,47,795,795,790,795,795,790,795,795,790,795,790,795,795,795,795,795,800,800,800,800,800,800,800,800,800,800,805,805,800,805,805,805,805,805,810,805,805,805,805,805,805,800,800,805,805,805,805,800,800,805,805,805,805,805,805,810,810,805,810,810,810,805,805,805
-11,23,23,22,23,23,22,23,23,23,23,23,23,23,23,23,24,24,23,24,24,24,24,25,25,25,25,25,25,25,25,25,26,25,25,25,25,25,24,25,24,24,25,25,25,24,25,25,25,25,25,25,25,26,25,25,25,26,26,25,25,25,25,25,25,47,47,47,47,47,47,47,47,47,47,47,47,47,47,47,47,47,47,47,47,47,47,47,47,47,47,47,47,47,47,47,47,47,47,47,47,47,47,47,47,47,47,47,47,47,47,47,47,47,47,47,47,47,47,47,47,47,47,47,47,47,47,47,47,795,795,790,795,795,790,795,795,795,795,795,795,795,795,795,800,800,795,800,800,800,800,805,805,805,805,805,805,805,805,805,810,805,805,805,805,805,800,805,800,800,805,805,805,800,805,805,805,805,805,805,805,810,805,805,805,810,810,805,805,805,805,805,805
-10.5,22,23,23,23,23,23,23,24,24,23,23,23,23,23,24,25,24,24,24,25,24,25,25,25,25,25,25,25,25,25,25,25,25,25,25,25,24,24,25,24,25,25,25,25,25,25,25,25,25,25,25,26,26,26,25,25,25,25,25,25,25,25,25,25,47,47,47,47,47,47,47,47,47,47,47,47,47,47,47,47,47,47,47,47,47,47,47,47,47,47,47,47,47,47,47,47,47,47,47,47,47,47,47,47,47,47,47,47,47,47,47,47,47,47,47,47,47,47,47,47,47,47,47,47,47,47,47,47,790,795,795,795,795,795,795,800,800,795,795,795,795,795,800,805,800,800,800,805,800,805,805,805,805,805,805,805,805,805,805,805,805,805,805,805,800,800,805,800,805,805,805,805,805,805,805,805,805,805,805,810,810,810,805,805,805,805,805,805,805,805,805,805
-10,23,23,23,23,23,24,23,24,23,23,24,23,23,24,24,25,25,25,25,25,25,25,25,25,25,25,25,25,25,25,25,25,25,25,24,24,24,25,25,25,25,26,25,25,25,25,25,25,25,26,25,25,25,25,25,25,25,25,25,25,24,24,24,24,47,47,47,47,47,47,47,47,47,47,47,47,47,47,47,47,47,47,47,47,47,47,47,47,47,47,47,47,47,47,47,47,47,47,47,47,47,47,47,47,47,47,47,47,47,47,47,47,47,47,47,47,47,47,47,47,47,47,47,47,47,47,47,47,795,795,795,795,795,800,795,800,795,795,800,795,795,800,800,805,805,805,805,805,805,805,805,805,805,805,805,805,805,805,805,805,805,805,800,800,800,805,805,805,805,810,805,805,805,805,805,805,805,810,805,805,805,805,805,805,805,805,805,805,800,800,800,800
-9.5,23,23,23,23,23,24,24,24,24,24,24,24,24,24,25,25,25,25,25,25,26,25,25,25,25,25,25,25,25,25,24,25,25,25,24,24,25,25,25,25,25,26,26,25,25,26,25,25,25,25,25,25,25,25,25,25,25,25,25,24,24,24,24,24,47,47,47,47,47,47,47,47,47,47,47,47,47,47,47,47,47,47,47,47,47,47,47,47,47,47,47,47,47,47,47,47,47,47,47,47,47,47,47,47,47,47,47,47,47,47,47,47,47,47,47,47,47,47,47,47,47,47,47,47,47,47,47,47,795,795,795,795,795,800,800,800,800,800,800,800,800,800,805,805,805,805,805,805,810,805,805,805,805,805,805,805,805,805,800,805,805,805,800,800,805,805,805,805,805,810,810,805,805,810,805,805,805,805,805,805,805,805,805,805,805,805,805,800,800,800,800,800
-9,23,24,24,24,24,24,24,25,25,25,25,25,25,25,25,26,26,26,25,25,25,25,25,25,25,25,25,25,25,24,25,25,25,24,25,25,25,25,26,25,25,25,25,25,26,26,25,25,25,25,25,25,24,25,24,25,25,25,24,24,24,23,23,23,47,47,47,47,47,47,47,47,47,47,47,47,47,47,47,47,47,47,47,47,47,47,47,47,47,47,47,47,47,47,47,47,47,47,47,47,47,47,47,47,47,47,47,47,47,47,47,47,47,47,47,47,47,47,47,47,47,47,47,47,47,47,47,47,795,800,800,800,800,800,800,805,805,805,805,805,805,805,805,810,810,810,805,805,805,805,805,805,805,805,805,805,805,800,805,805,805,800,805,805,805,805,810,805,805,805,805,805,810,810,805,805,805,805,805,805,800,805,800,805,805,805,800,800,800,795,795,795
-8.5,23,24,24,24,24,25,25,25,25,25,25,25,25,25,25,25,25,25,25,25,25,24,25,24,24,25,24,25,25,24,25,25,25,25,26,25,26,25,26,25,25,25,25,25,25,25,25,25,25,25,25,25,24,25,24,24,24,24,23,23,23,23,23,23,47,47,47,47,47,47,47,47,47,47,47,47,47,47,47,47,47,47,47,47,47,47,47,47,47,47,47,47,47,47,47,47,47,47,47,47,47,47,47,47,47,47,47,47,47,47,47,47,47,47,47,47,47,47,47,47,47,47,47,47,47,47,47,47,795,800,800,800,800,805,805,805,805,805,805,805,805,805,805,805,805,805,805,805,805,800,805,800,800,805,800,805,805,800,805,805,805,805,810,805,810,805,810,805,805,805,805,805,805,805,805,805,805,805,805,805,800,805,800,800,800,800,795,795,795,795,795,795
-8,24,24,25,25,25,25,25,25,26,25,26,25,25,25,25,25,25,24,24,25,24,24,24,24,25,24,25,24,25,25,25,25,25,25,26,26,25,25,25,25,25,25,25,25,25,25,25,25,24,25,25,24,24,24,23,24,24,23,23,23,22,22,23,23,47,47,47,47,47,47,47,47,47,47,47,47,47,47,47,47,47,47,47,47,47,47,47,47,47,47,47,47,47,47,47,47,47,47,47,47,47,47,47,47,47,47,47,47,47,47,47,47,47,47,47,47,47,47,47,47,47,47,47,47,47,47,47,47,800,800,805,805,805,805,805,805,810,805,810,805,805,805,805,805,805,800,800,805,800,800,800,800,805,800,805,800,805,805,805,805,805,805,810,810,805,805,805,805,805,805,805,805,805,805,805,805,800,805,805,800,800,800,795,800,800,795,795,795,790,790,795,795
-7.5,25,25,25,25,26,25,25,25,25,25,25,25,25,25,25,25,25,24,24,24,24,24,25,25,25,25,25,25,26,25,25,26,25,25,26,26,25,25,25,25,25,25,25,25,25,25,25,25,24,24,24,23,23,23,23,23,23,23,23,22,22,22,23,23,47,47,47,47,47,47,47,47,47,47,47,47,47,47,47,47,47,47,47,47,47,47,47,47,47,47,47,47,47,47,47,47,47,47,47,47,47,47,47,47,47,47,47,47,47,47,47,47,47,47,47,47,47,47,47,47,47,47,47,47,47,47,47,47,805,805,805,805,810,805,805,805,805,805,805,805,805,805,805,805,805,800,800,800,800,800,805,805,805,805,805,805,810,805,805,810,805,805,810,810,805,805,805,805,805,805,805,805,805,805,805,805,800,800,800,795,795,795,795,795,795,795,795,790,790,790,795,795
-7,25,25,25,25,25,25,25,25,25,25,25,25,25,25,25,25,24,24,25,25,25,25,25,25,25,25,25,25,26,26,26,26,26,25,25,25,25,25,24,25,25,25,24,25,24,25,24,24,24,24,23,23,23,22,23,22,23,23,23,22,23,23,23,23,47,47,47,47,47,47,47,47,47,47,47,47,47,47,47,47,47,47,47,47,47,47,47,47,47,47,47,47,47,47,47,47,47,47,47,47,47,47,47,47,47,47,47,47,47,47,47,47,47,47,47,47,47,47,47,47,47,47,47,47,47,47,47,47,805,805,805,805,805,805,805,805,805,805,805,805,805,805,805,805,800,800,805,805,805,805,805,805,805,805,805,805,810,810,810,810,810,805,805,805,805,805,800,805,805,805,800,805,800,805,800,800,800,800,795,795,795,790,795,790,795,795,795,790,795,795,795,795
-6.5,25,26,25,25,25,25,25,25,25,25,25,25,24,25,24,25,25,25,25,25,25,25,25,25,26,26,26,25,25,26,26,25,26,25,25,25,25,24,24,24,24,24,24,24,24,24,24,23,23,23,23,23,22,22,23,22,23,23,23,23,23,23,23,24,47,47,47,47,47,47,47,47,47,47,47,47,47,47,47,47,47,47,47,47,47,47,47,47,47,47,47,47,47,47,47,47,47,47,47,47,47,47,47,47,47,47,47,47,47,47,47,47,47,47,47,47,47,47,47,47,47,47,47,47,47,47,47,47,805,810,805,805,805,805,805,805,805,805,805,805,800,805,800,805,805,805,805,805,805,805,805,805,810,810,810,805,805,810,810,805,810,805,805,805,805,800,800,800,800,800,800,800,800,800,800,795,795,795,795,795,790,790,795,790,795,795,795,795,795,795,795,800
-6,25,25,25,24,25,24,24,24,24,24,24,25,24,25,25,25,25,25,25,25,26,25,26,26,25,26,25,25,25,25,25,25,25,25,25,25,24,24,24,23,24,23,23,23,23,23,23,22,23,23,23,23,23,23,23,23,23,23,23,23,23,24,24,24,47,47,47,47,47,47,47,47,47,47,47,47,47,47,47,47,47,47,47,47,47,47,47,47,47,47,47,47,47,47,47,47,47,47,47,47,47,47,47,47,47,47,47,47,47,47,47,47,47,47,47,47,47,47,47,47,47,47,47,47,47,47,47,47,805,805,805,800,805,800,800,800,800,800,800,805,800,805,805,805,805,805,805,805,810,805,810,810,805,810,805,805,805,805,805,805,805,805,805,805,800,800,800,795,800,795,795,795,795,795,795,790,795,795,795,795,795,795,795,795,795,795,795,795,795,800,800,800
-5.5,25,25,25,24,24,24,24,24,24,24,25,25,25,25,25,25,26,25,26,26,26,25,25,25,25,25,25,25,24,25,25,25,25,25,25,24,23,23,23,23,23,23,23,23,23,23,22,22,22,23,23,23,23,23,23,23,23,23,23,23,24,24,24,25,47,47,47,47,47,47,47,47,47,47,47,47,47,47,47,47,47,47,47,47,47,47,47,47,47,47,47,47,47,47,47,47,47,47,47,47,47,47,47,47,47,47,47,47,47,47,47,47,47,47,47,47,47,47,47,47,47,47,47,47,47,47,47,47,805,805,805,800,800,800,800,800,800,800,805,805,805,805,805,805,810,805,810,810,810,805,805,805,805,805,805,805,800,805,805,805,805,805,805,800,795,795,795,795,795,795,795,795,795,795,790,790,790,795,795,795,795,795,795,795,795,795,795,795,800,800,800,805
-5,25,24,24,24,25,25,25,25,25,25,25,25,25,25,25,26,26,26,26,26,25,25,25,25,25,25,25,25,25,24,25,24,25,25,24,23,23,23,23,23,23,22,23,22,22,23,23,22,23,23,23,23,24,23,24,23,23,23,24,24,24,24,25,25,47,47,47,47,47,47,47,47,47,47,47,47,47,47,47,47,47,47,47,47,47,47,47,47,47,47,47,47,47,47,47,47,47,47,47,47,47,47,47,47,47,47,47,47,47,47,47,47,47,47,47,47,47,47,47,47,47,47,47,47,47,47,47,47,805,800,800,800,805,805,805,805,805,805,805,805,805,805,805,810,810,810,810,810,805,805,805,805,805,805,805,805,805,800,805,800,805,805,800,795,795,795,795,795,795,790,795,790,790,795,795,790,795,795,795,795,800,795,800,795,795,795,800,800,800,800,805,805
-4.5,25,24,25,25,25,25,25,25,25,25,26,25,26,26,25,26,25,25,25,25,25,25,25,25,24,24,24,24,24,24,24,23,24,24,24,23,23,23,23,23,23,22,23,23,23,23,23,23,23,23,24,23,24,23,24,24,24,24,24,25,25,25,25,25,47,47,47,47,47,47,47,47,47,47,47,47,47,47,47,47,47,47,47,47,47,47,47,47,47,47,47,47,47,47,47,47,47,47,47,47,47,47,47,47,47,47,47,47,47,47,47,47,47,47,47,47,47,47,47,47,47,47,47,47,47,47,47,47,805,800,805,805,805,805,805,805,805,805,810,805,810,810,805,810,805,805,805,805,805,805,805,805,800,800,800,800,800,800,800,795,800,800,800,795,795,795,795,795,795,790,795,795,795,795,795,795,795,795,800,795,800,795,800,800,800,800,800,805,805,805,805,805
-4,25,25,25,25,25,25,25,26,26,26,26,26,25,26,25,25,25,25,25,25,24,25,25,25,24,25,24,23,23,24,24,23,23,23,23,23,23,23,23,23,23,23,23,23,23,23,23,24,23,24,24,24,24,24,24,25,24,25,25,25,25,25,25,25,47,47,47,47,47,47,47,47,47,47,47,47,47,47,47,47,47,47,47,47,47,47,47,47,47,47,47,47,47,47,47,47,47,47,47,47,47,47,47,47,47,47,47,47,47,47,47,47,47,47,47,47,47,47,47,47,47,47,47,47,47,47,47,47,805,805,805,805,805,805,805,810,810,810,810,810,805,810,805,805,805,805,805,805,800,805,805,805,800,805,800,795,795,800,800,795,795,795,795,795,795,795,795,795,795,795,795,795,795,795,795,800,795,800,800,800,800,800,800,805,800,805,805,805,805,805,805,805
-3.5,25,25,25,26,26,26,25,25,26,25,25,25,25,25,25,24,25,25,25,25,24,24,24,24,24,24,23,23,23,23,23,23,23,23,22,23,23,23,23,23,23,23,23,23,24,23,23,24,24,24,24,25,24,25,25,25,25,25,25,26,26,25,25,25,47,47,47,47,47,47,47,47,47,47,47,47,47,47,47,47,47,47,47,47,47,47,47,47,47,47,47,47,47,47,47,47,47,47,47,47,47,47,47,47,47,47,47,47,47,47,47,47,47,47,47,47,47,47,47,47,47,47,47,47,47,47,47,47,805,805,805,810,810,810,805,805,810,805,805,805,805,805,805,800,805,805,805,805,800,800,800,800,800,800,795,795,795,795,795,795,795,795,790,795,795,795,795,795,795,795,795,795,800,795,795,800,800,800,800,805,800,805,805,805,805,805,805,810,810,805,805,805
-3,25,26,25,25,25,25,25,25,25,25,24,25,25,25,25,25,25,24,24,24,24,24,23,23,23,24,23,23,23,23,22,23,23,22,22,23,24,24,23,23,23,23,24,24,24,24,24,24,24,25,26,25,25,25,25,25,25,25,25,25,25,25,25,24,47,47,47,47,47,47,47,47,47,47,47,47,47,47,47,47,47,47,47,47,47,47,47,47,47,47,47,47,47,47,47,47,47,47,47,47,47,47,47,47,47,47,47,47,47,47,47,47,47,47,47,47,47,47,47,47,47,47,47,47,47,47,47,47,805,810,805,805,805,805,805,805,805,805,800,805,805,805,805,805,805,800,800,800,800,800,795,795,795,800,795,795,795,795,790,795,795,790,790,795,800,800,795,795,795,795,800,800,800,800,800,800,800,805,810,805,805,805,805,805,805,805,805,805,805,805,805,800
-2.5,26,26,25,25,25,25,25,24,25,25,24,25,25,24,24,24,24,24,23,24,23,23,23,23,23,23,22,23,23,23,22,23,23,23,23,23,24,24,24,24,24,24,24,24,24,25,25,25,25,25,26,26,26,25,25,25,25,25,25,25,25,25,25,24,47,47,47,47,47,47,47,47,47,47,47,47,47,47,47,47,47,47,47,47,47,47,47,47,47,47,47,47,47,47,47,47,47,47,47,47,47,47,47,47,47,47,47,47,47,47,47,47,47,47,47,47,47,47,47,47,47,47,47,47,47,47,47,47,810,810,805,805,805,805,805,800,805,805,800,805,805,800,800,800,800,800,795,800,795,795,795,795,795,795,790,795,795,795,790,795,795,795,795,795,800,800,800,800,800,800,800,800,800,805,805,805,805,805,810,810,810,805,805,805,805,805,805,805,805,805,805,800
-2,25,25,25,25,25,25,24,25,24,24,24,24,24,24,24,23,23,23,23,23,23,23,22,22,23,22,23,23,23,23,23,23,23,23,23,23,24,24,24,25,25,24,25,25,25,24,25,25,25,25,25,25,25,25,25,25,25,25,24,25,24,24,24,24,47,47,47,47,47,47,47,47,47,47,47,47,47,47,47,47,47,47,47,47,47,47,47,47,47,47,47,47,47,47,47,47,47,47,47,47,47,47,47,47,47,47,47,47,47,47,47,47,47,47,47,47,47,47,47,47,47,47,47,47,47,47,47,47,805,805,805,805,805,805,800,805,800,800,800,800,800,800,800,795,795,795,795,795,795,795,790,790,795,790,795,795,795,795,795,795,795,795,795,795,800,800,800,805,805,800,805,805,805,800,805,805,805,805,805,805,805,805,805,805,805,805,800,805,800,800,800,800
-1.5,25,25,25,25,25,25,24,24,24,24,24,24,23,23,23,23,23,23,23,23,22,23,23,23,23,23,23,23,23,23,24,24,23,23,23,23,24,24,25,25,25,25,25,26,25,25,25,25,25,25,25,25,25,25,25,25,25,25,24,24,24,24,24,24,47,47,47,47,47,47,47,47,47,47,47,47,47,47,47,47,47,47,47,47,47,47,47,47,47,47,47,47,47,47,47,47,47,47,47,47,47,47,47,47,47,47,47,47,47,47,47,47,47,47,47,47,47,47,47,47,47,47,47,47,47,47,47,47,805,805,805,805,805,805,800,800,800,800,800,800,795,795,795,795,795,795,795,795,790,795,795,795,795,795,795,795,795,795,800,800,795,795,795,795,800,800,805,805,805,805,805,810,805,805,805,805,805,805,805,805,805,805,805,805,805,805,800,800,800,800,800,800
-1,25,25,24,24,24,24,24,23,23,23,23,23,23,23,23,22,23,23,23,23,23,23,23,23,23,23,23,24,24,23,24,24,24,23,24,24,25,25,25,25,25,25,25,25,25,25,25,25,25,25,24,25,24,25,24,25,24,24,24,24,23,23,23,23,47,47,47,47,47,47,47,47,47,47,47,47,47,47,47,47,47,47,47,47,47,47,47,47,47,47,47,47,47,47,47,47,47,47,47,47,47,47,47,47,47,47,47,47,47,47,47,47,47,47,47,47,47,47,47,47,47,47,47,47,47,47,47,47,805,805,800,800,800,800,800,795,795,795,795,795,795,795,795,790,795,795,795,795,795,795,795,795,795,795,795,800,800,795,800,800,800,795,800,800,805,805,805,805,805,805,805,805,805,805,805,805,805,805,800,805,800,805,800,805,800,800,800,800,795,795,795,795
-0.5,25,24,24,23,24,23,23,23,23,23,23,23,23,22,22,23,23,23,23,23,23,23,23,23,24,23,24,24,24,24,24,24,24,24,24,25,25,25,25,25,25,25,25,25,25,25,25,25,25,24,24,25,24,25,24,24,24,24,24,23,23,23,23,23,47,47,47,47,47,47,47,47,47,47,47,47,47,47,47,47,47,47,47,47,47,47,47,47,47,47,47,47,47,47,47,47,47,47,47,47,47,47,47,47,47,47,47,47,47,47,47,47,47,47,47,47,47,47,47,47,47,47,47,47,47,47,47,47,805,800,800,795,800,795,795,795,795,795,795,795,795,790,790,795,795,795,795,795,795,795,795,795,800,795,800,800,800,800,800,800,800,800,800,805,805,805,805,805,805,805,805,805,805,805,805,805,805,800,800,805,800,805,800,800,800,800,800,795,795,795,795,795
0,21,19,17,17,18,18,18,18,18,19,19,19,19,20,20,21,21,21,21,22,22,22,23,23,23,23,24,24,23,23,24,24,24,24,24,24,25,25,25,25,25,25,25,25,26,25,25,25,25,25,25,25,25,25,24,25,24,24,24,23,23,23,23,23,47,47,47,47,47,47,47,47,47,47,47,47,47,47,47,47,47,47,47,47,47,47,47,47,47,47,47,47,47,47,47,47,47,47,47,47,47,47,47,47,47,47,47,47,47,47,47,47,47,47,47,47,47,47,47,47,47,47,47,47,47,47,47,47,785,775,765,765,770,770,770,770,770,775,775,775,775,780,780,785,785,785,785,790,790,790,795,795,795,795,800,800,795,795,800,800,800,800,800,800,805,805,805,805,805,805,805,805,810,805,805,805,805,805,805,805,805,805,800,805,800,800,800,795,795,795,795,795
0.5,16,15,16,16,16,17,18,18,18,18,18,18,19,19,20,20,20,21,20,21,21,21,21,21,21,22,22,22,22,22,23,22,22,22,23,23,23,23,23,23,23,23,23,23,23,23,23,22,23,22,23,22,22,23,22,22,22,22,22,21,21,21,21,20,47,47,47,47,47,47,47,47,47,47,47,47,47,47,47,47,47,47,47,47,47,47,47,47,47,47,47,47,47,47,47,47,47,47,47,47,47,47,47,47,47,47,47,47,47,47,47,47,47,47,47,47,47,47,47,47,47,47,47,47,47,47,47,47,760,755,760,760,760,765,770,770,770,770,770,770,775,775,780,780,780,785,780,785,785,785,785,785,785,790,790,790,790,790,795,790,790,790,795,795,795,795,795,795,795,795,795,795,795,795,795,790,795,790,795,790,790,795,790,790,790,790,790,785,785,785,785,780
1,11,11,13,13,13,14,15,15,16,15,16,15,17,16,17,17,17,17,17,17,17,17,18,17,18,18,18,18,18,18,18,18,18,18,18,19,18,18,18,18,18,18,18,18,18,18,18,18,18,18,18,17,17,17,17,17,17,17,17,17,17,17,17,16,47,47,47,47,47,47,47,47,47,47,47,47,47,47,47,47,47,47,47,47,47,47,47,47,47,47,47,47,47,47,47,47,47,47,47,47,47,47,47,47,47,47,47,47,47,47,47,47,47,47,47,47,47,47,47,47,47,47,47,47,47,47,47,47,735,735,745,745,745,750,755,755,760,755,760,755,765,760,765,765,765,765,765,765,765,765,770,765,770,770,770,770,770,770,770,770,770,770,770,775,770,770,770,770,770,770,770,770,770,770,770,770,770,770,770,765,765,765,765,765,765,765,765,765,765,765,765,760
1.5,9,10,12,12,13,14,14,15,15,15,15,15,15,15,15,16,15,16,16,16,16,16,16,16,16,16,16,16,16,16,15,16,15,16,16,16,15,15,15,15,15,15,15,15,15,15,15,15,16,16,14,14,14,14,14,14,14,14,14,15,14,14,15,14,47,47,47,47,47,47,47,47,47,47,47,47,47,47,47,47,47,47,47,47,47,47,47,47,47,47,47,47,47,47,47,47,47,47,47,47,47,47,47,47,47,47,47,47,47,47,47,47,47,47,47,47,47,47,47,47,47,47,47,47,47,47,47,47,725,730,740,740,745,750,750,755,755,755,755,755,755,755,755,760,755,760,760,760,760,760,760,760,760,760,760,760,760,760,755,760,755,760,760,760,755,755,755,755,755,755,755,755,755,755,755,755,760,760,750,750,750,750,750,750,750,750,750,755,750,750,755,750
2,11,12,14,14,14,15,16,15,15,16,16,16,16,16,16,17,16,17,17,16,16,16,16,17,16,16,16,16,16,16,16,16,16,16,16,16,15,15,15,15,15,15,15,16,15,15,15,16,15,15,14,14,14,14,14,15,15,15,15,15,14,14,15,14,47,47,47,47,47,47,47,47,47,47,47,47,47,47,47,47,47,47,47,47,47,47,47,47,47,47,47,47,47,47,47,47,47,47,47,47,47,47,47,47,47,47,47,47,47,47,47,47,47,47,47,47,47,47,47,47,47,47,47,47,47,47,47,47,735,740,750,750,750,755,760,755,755,760,760,760,760,760,760,765,760,765,765,760,760,760,760,765,760,760,760,760,760,760,760,760,760,760,760,760,755,755,755,755,755,755,755,760,755,755,755,760,755,755,750,750,750,750,750,755,755,755,755,755,750,750,755,750
2.5,13,14,15,15,15,15,16,15,15,16,16,15,15,15,16,16,16,16,16,16,15,16,15,16,15,16,15,16,15,16,16,16,16,16,16,15,14,15,15,15,15,15,15,16,15,15,15,15,14,14,14,14,15,15,14,15,15,15,15,15,14,14,14,14,47,47,47,47,47,47,47,47,47,47,47,47,47,47,47,47,47,47,47,47,47,47,47,47,47,47,47,47,47,47,47,47,47,47,47,47,47,47,47,47,47,47,47,47,47,47,47,47,47,47,47,47,47,47,47,47,47,47,47,47,47,47,47,47,745,750,755,755,755,755,760,755,755,760,760,755,755,755,760,760,760,760,760,760,755,760,755,760,755,760,755,760,755,760,760,760,760,760,760,755,750,755,755,755,755,755,755,760,755,755,755,755,750,750,750,750,755,755,750,755,755,755,755,755,750,750,750,750
3,15,15,15,15,15,15,15,14,15,15,15,14,15,15,15,15,15,15,15,15,15,15,15,14,15,15,15,15,15,15,15,16,15,15,15,14,14,15,14,14,14,14,14,15,14,14,14,14,14,14,14,13,14,14,14,14,14,14,14,14,14,14,14,15,47,47,47,47,47,47,47,47,47,47,47,47,47,47,47,47,47,47,47,47,47,47,47,47,47,47,47,47,47,47,47,47,47,47,47,47,47,47,47,47,47,47,47,47,47,47,47,47,47,47,47,47,47,47,47,47,47,47,47,47,47,47,47,47,755,755,755,755,755,755,755,750,755,755,755,750,755,755,755,755,755,755,755,755,755,755,755,750,755,755,755,755,755,755,755,760,755,755,755,750,750,755,750,750,750,750,750,755,750,750,750,750,750,750,750,745,750,750,750,750,750,750,750,750,750,750,750,755
3.5,16,16,15,16,16,16,15,15,16,15,15,15,15,15,15,16,15,16,16,15,16,16,15,15,16,15,15,15,15,15,16,16,15,16,16,15,15,15,14,15,14,15,15,15,15,15,15,15,15,15,14,14,14,14,14,14,14,14,15,14,15,15,15,16,47,47,47,47,47,47,47,47,47,47,47,47,47,47,47,47,47,47,47,47,47,47,47,47,47,47,47,47,47,47,47,47,47,47,47,47,47,47,47,47,47,47,47,47,47,47,47,47,47,47,47,47,47,47,47,47,47,47,47,47,47,47,47,47,760,760,755,760,760,760,755,755,760,755,755,755,755,755,755,760,755,760,760,755,760,760,755,755,760,755,755,755,755,755,760,760,755,760,760,755,755,755,750,755,750,755,755,755,755,755,755,755,755,755,750,750,750,750,750,750,750,750,755,750,755,755,755,760
4,17,16,17,17,17,17,16,16,16,16,16,16,17,16,16,17,17,17,17,16,17,17,16,16,16,16,17,17,17,16,17,17,17,17,17,17,16,15,16,16,16,16,16,16,16,16,16,17,16,16,15,15,15,15,16,16,16,16,16,16,16,16,16,16,47,47,47,47,47,47,47,47,47,47,47,47,47,47,47,47,47,47,47,47,47,47,47,47,47,47,47,47,47,47,47,47,47,47,47,47,47,47,47,47,47,47,47,47,47,47,47,47,47,47,47,47,47,47,47,47,47,47,47,47,47,47,47,47,765,760,765,765,765,765,760,760,760,760,760,760,765,760,760,765,765,765,765,760,765,765,760,760,760,760,765,765,765,760,765,765,765,765,765,765,760,755,760,760,760,760,760,760,760,760,760,765,760,760,755,755,755,755,760,760,760,760,760,760,760,760,760,760
4.5,18,17,17,18,17,17,17,17,16,17,16,16,18,17,17,17,17,17,17,17,17,17,17,16,17,17,17,18,17,17,17,17,17,17,17,17,17,17,17,17,17,17,17,17,17,17,16,16,17,16,16,16,17,17,17,17,17,17,17,17,17,17,16,17,47,47,47,47,47,47,47,47,47,47,47,47,47,47,47,47,47,47,47,47,47,47,47,47,47,47,47,47,47,47,47,47,47,47,47,47,47,47,47,47,47,47,47,47,47,47,47,47,47,47,47,47,47,47,47,47,47,47,47,47,47,47,47,47,770,765,765,770,765,765,765,765,760,765,760,760,770,765,765,765,765,765,765,765,765,765,765,760,765,765,765,770,765,765,765,765,765,765,765,765,765,765,765,765,765,765,765,765,765,765,760,760,765,760,760,760,765,765,765,765,765,765,765,765,765,765,760,765
5,18,18,17,17,17,17,17,17,17,17,17,17,18,17,17,17,17,17,17,18,17,17,16,17,17,17,18,17,17,17,17,17,17,17,17,17,17,18,17,17,17,17,16,17,17,17,17,16,17,17,17,16,17,17,17,17,16,16,17,17,17,17,16,17,47,47,47,47,47,47,47,47,47,47,47,47,47,47,47,47,47,47,47,47,47,47,47,47,47,47,47,47,47,47,47,47,47,47,47,47,47,47,47,47,47,47,47,47,47,47,47,47,47,47,47,47,47,47,47,47,47,47,47,47,47,47,47,47,770,770,765,765,765,765,765,765,765,765,765,765,770,765,765,765,765,765,765,770,765,765,760,765,765,765,770,765,765,765,765,765,765,765,765,765,765,770,765,765,765,765,760,765,765,765,765,760,765,765,765,760,765,765,765,765,760,760,765,765,765,765,760,765
5.5,18,18,17,17,17,18,18,18,18,17,18,17,17,18,18,17,18,18,18,18,18,17,17,17,17,17,18,18,18,17,18,18,17,18,18,18,17,18,18,18,18,18,17,17,18,17,18,17,18,18,18,17,17,17,17,17,17,17,17,18,18,17,17,18,47,47,47,47,47,47,47,47,47,47,47,47,47,47,47,47,47,47,47,47,47,47,47,47,47,47,47,47,47,47,47,47,47,47,47,47,47,47,47,47,47,47,47,47,47,47,47,47,47,47,47,47,47,47,47,47,47,47,47,47,47,47,47,47,770,770,765,765,765,770,770,770,770,765,770,765,765,770,770,765,770,770,770,770,770,765,765,765,765,765,770,770,770,765,770,770,765,770,770,770,765,770,770,770,770,770,765,765,770,765,770,765,770,770,770,765,765,765,765,765,765,765,765,770,770,765,765,770
6,18,18,18,18,18,19,18,18,17,18,17,18,17,18,18,18,18,18,18,18,18,18,18,18,17,18,18,18,18,18,18,18,18,18,18,18,18,18,18,18,18,18,18,18,18,18,18,18,18,18,17,18,18,18,18,18,18,18,18,18,18,17,18,18,47,47,47,47,47,47,47,47,47,47,47,47,47,47,47,47,47,47,47,47,47,47,47,47,47,47,47,47,47,47,47,47,47,47,47,47,47,47,47,47,47,47,47,47,47,47,47,47,47,47,47,47,47,47,47,47,47,47,47,47,47,47,47,47,770,770,770,770,770,775,770,770,765,770,765,770,765,770,770,770,770,770,770,770,770,770,770,770,765,770,770,770,770,770,770,770,770,770,770,770,770,770,770,770,770,770,770,770,770,770,770,770,770,770,765,770,770,770,770,770,770,770,770,770,770,765,770,770
6.5,18,18,17,18,18,18,18,18,17,18,17,17,18,17,18,18,17,18,18,18,18,17,18,18,18,18,18,18,18,18,18,17,18,18,17,18,18,18,18,18,18,18,18,18,18,18,18,17,18,18,17,18,19,18,18,18,18,18,18,17,18,17,18,18,47,47,47,47,47,47,47,47,47,47,47,47,47,47,47,47,47,47,47,47,47,47,47,47,47,47,47,47,47,47,47,47,47,47,47,47,47,47,47,47,47,47,47,47,47,47,47,47,47,47,47,47,47,47,47,47,47,47,47,47,47,47,47,47,770,770,765,770,770,770,770,770,765,770,765,765,770,765,770,770,765,770,770,770,770,765,770,770,770,770,770,770,770,770,770,765,770,770,765,770,770,770,770,770,770,770,770,770,770,770,770,765,770,770,765,770,775,770,770,770,770,770,770,765,770,765,770,770
7,18,18,17,17,17,17,18,18,17,18,18,17,18,18,19,18,18,18,18,19,18,17,17,18,17,17,19,18,18,17,18,17,18,18,18,18,18,18,18,18,18,17,17,17,18,18,18,18,18,18,18,18,18,18,17,18,18,17,18,16,19,18,17,18,47,47,47,47,47,47,47,47,47,47,47,47,47,47,47,47,47,47,47,47,47,47,47,47,47,47,47,47,47,47,47,47,47,47,47,47,47,47,47,47,47,47,47,47,47,47,47,47,47,47,47,47,47,47,47,47,47,47,47,47,47,47,47,47,770,770,765,765,765,765,770,770,765,770,770,765,770,770,775,770,770,770,770,775,770,765,765,770,765,765,775,770,770,765,770,765,770,770,770,770,770,770,770,770,770,765,765,765,770,770,770,770,770,770,770,770,770,770,765,770,770,765,770,760,775,770,765,770
7.5,18,18,17,18,18,18,18,18,18,18,18,17,17,18,18,18,18,18,18,18,18,18,18,18,18,18,18,18,18,18,18,18,19,18,18,18,18,18,17,17,18,18,17,17,18,18,18,19,18,18,17,18,18,18,17,18,18,18,18,17,18,18,17,17,47,47,47,47,47,47,47,47,47,47,47,47,47,47,47,47,47,47,47,47,47,47,47,47,47,47,47,47,47,47,47,47,47,47,47,47,47,47,47,47,47,47,47,47,47,47,47,47,47,47,47,47,47,47,47,47,47,47,47,47,47,47,47,47,770,770,765,770,770,770,770,770,770,770,770,765,765,770,770,770,770,770,770,770,770,770,770,770,770,770,770,770,770,770,770,770,775,770,770,770,770,770,765,765,770,770,765,765,770,770,770,775,770,770,765,770,770,770,765,770,770,770,770,765,770,770,765,765
8,18,18,18,18,18,18,18,18,17,17,18,17,17,18,17,18,18,17,18,18,17,18,18,17,17,18,17,18,18,19,18,18,18,18,18,18,18,18,17,18,18,18,18,18,18,18,17,17,18,18,18,18,18,18,18,18,17,18,18,17,17,17,17,17,47,47,47,47,47,47,47,47,47,47,47,47,47,47,47,47,47,47,47,47,47,47,47,47,47,47,47,47,47,47,47,47,47,47,47,47,47,47,47,47,47,47,47,47,47,47,47,47,47,47,47,47,47,47,47,47,47,47,47,47,47,47,47,47,770,770,770,770,770,770,770,770,765,765,770,765,765,770,765,770,770,765,770,770,765,770,770,765,765,770,765,770,770,775,770,770,770,770,770,770,770,770,765,770,770,770,770,770,770,770,765,765,770,770,770,770,770,770,770,770,765,770,770,765,765,765,765,765
8.5,18,18,18,18,18,17,18,18,17,17,18,17,18,17,18,18,18,17,18,18,17,17,17,18,17,17,18,18,18,18,19,18,18,18,18,18,18,18,18,18,18,18,18,17,17,17,17,18,18,19,18,18,18,18,18,17,18,18,17,18,18,17,17,17,47,47,47,47,47,47,47,47,47,47,47,47,47,47,47,47,47,47,47,47,47,47,47,47,47,47,47,47,47,47,47,47,47,47,47,47,47,47,47,47,47,47,47,47,47,47,47,47,47,47,47,47,47,47,47,47,47,47,47,47,47,47,47,47,770,770,770,770,770,765,770,770,765,765,770,765,770,765,770,770,770,765,770,770,765,765,765,770,765,765,770,770,770,770,775,770,770,770,770,770,770,770,770,770,770,770,770,765,765,765,765,770,770,775,770,770,770,770,770,765,770,770,765,770,770,765,765,765
9,18,17,18,18,18,18,18,17,18,18,18,16,18,18,18,18,18,18,18,18,18,18,17,18,17,17,18,18,18,18,18,18,19,19,18,18,18,18,18,17,18,17,19,17,18,18,18,18,18,18,18,17,17,17,17,17,18,18,17,17,18,17,16,18,47,47,47,47,47,47,47,47,47,47,47,47,47,47,47,47,47,47,47,47,47,47,47,47,47,47,47,47,47,47,47,47,47,47,47,47,47,47,47,47,47,47,47,47,47,47,47,47,47,47,47,47,47,47,47,47,47,47,47,47,47,47,47,47,770,765,770,770,770,770,770,765,770,770,770,760,770,770,770,770,770,770,770,770,770,770,765,770,765,765,770,770,770,770,770,770,775,775,770,770,770,770,770,765,770,765,775,765,770,770,770,770,770,770,770,765,765,765,765,765,770,770,765,765,770,765,760,770
9.5,18,17,18,18,18,18,17,17,18,18,17,17,17,17,18,18,18,17,17,17,18,18,18,18,18,17,17,18,17,18,17,17,18,18,18,18,18,17,18,18,18,18,18,18,17,18,18,18,18,17,18,16,17,17,17,18,17,18,17,17,17,18,17,17,47,47,47,47,47,47,47,47,47,47,47,47,47,47,47,47,47,47,47,47,47,47,47,47,47,47,47,47,47,47,47,47,47,47,47,47,47,47,47,47,47,47,47,47,47,47,47,47,47,47,47,47,47,47,47,47,47,47,47,47,47,47,47,47,770,765,770,770,770,770,765,765,770,770,765,765,765,765,770,770,770,765,765,765,770,770,770,770,770,765,765,770,765,770,765,765,770,770,770,770,770,765,770,770,770,770,770,770,765,770,770,770,770,765,770,760,765,765,765,770,765,770,765,765,765,770,765,765
10,18,17,18,17,17,18,17,17,17,17,17,17,17,17,18,18,18,18,18,18,18,18,17,18,17,17,18,18,17,18,18,18,18,18,18,18,17,17,18,18,17,18,17,18,17,17,18,18,18,18,17,17,17,17,17,18,17,17,18,18,17,18,17,16,47,47,47,47,47,47,47,47,47,47,47,47,47,47,47,47,47,47,47,47,47,47,47,47,47,47,47,47,47,47,47,47,47,47,47,47,47,47,47,47,47,47,47,47,47,47,47,47,47,47,47,47,47,47,47,47,47,47,47,47,47,47,47,47,770,765,770,765,765,770,765,765,765,765,765,765,765,765,770,770,770,770,770,770,770,770,765,770,765,765,770,770,765,770,770,770,770,770,770,770,765,765,770,770,765,770,765,770,765,765,770,770,770,770,765,765,765,765,765,770,765,765,770,770,765,770,765,760
10.5,18,17,18,17,18,18,17,18,18,18,18,17,17,17,18,18,18,18,18,18,18,18,17,17,17,17,18,19,18,18,18,18,18,18,19,18,18,18,17,17,18,18,17,18,18,18,19,18,18,18,18,18,17,18,17,18,17,18,18,18,18,17,17,17,47,47,47,47,47,47,47,47,47,47,47,47,47,47,47,47,47,47,47,47,47,47,47,47,47,47,47,47,47,47,47,47,47,47,47,47,47,47,47,47,47,47,47,47,47,47,47,47,47,47,47,47,47,47,47,47,47,47,47,47,47,47,47,47,770,765,770,765,770,770,765,770,770,770,770,765,765,765,770,770,770,770,770,770,770,770,765,765,765,765,770,775,770,770,770,770,770,770,775,770,770,770,765,765,770,770,765,770,770,770,775,770,770,770,770,770,765,770,765,770,765,770,770,770,770,765,765,765
11,18,17,18,18,18,18,17,17,18,17,18,17,18,17,18,18,18,17,18,18,18,18,18,17,17,17,18,19,18,18,18,18,18,18,18,18,18,17,18,18,18,18,18,18,18,17,18,18,18,17,18,17,18,18,18,18,17,19,18,18,17,18,17,18,47,47,47,47,47,47,47,47,47,47,47,47,47,47,47,47,47,47,47,47,47,47,47,47,47,47,47,47,47,47,47,47,47,47,47,47,47,47,47,47,47,47,47,47,47,47,47,47,47,47,47,47,47,47,47,47,47,47,47,47,47,47,47,47,770,765,770,770,770,770,765,765,770,765,770,765,770,765,770,770,770,765,770,770,770,770,770,765,765,765,770,775,770,770,770,770,770,770,770,770,770,765,770,770,770,770,770,770,770,765,770,770,770,765,770,765,770,770,770,770,765,775,770,770,765,770,765,770
11.5,18,17,17,17,17,18,18,17,18,17,18,17,17,17,18,18,17,18,18,18,17,18,18,18,17,17,18,18,18,18,18,18,18,18,18,18,18,17,18,18,18,18,17,18,18,17,17,18,18,17,17,17,18,17,18,18,17,18,17,18,17,18,17,17,47,47,47,47,47,47,47,47,47,47,47,47,47,47,47,47,47,47,47,47,47,47,47,47,47,47,47,47,47,47,47,47,47,47,47,47,47,47,47,47,47,47,47,47,47,47,47,47,47,47,47,47,47,47,47,47,47,47,47,47,47,47,47,47,770,765,765,765,765,770,770,765,770,765,770,765,765,765,770,770,765,770,770,770,765,770,770,770,765,765,770,770,770,770,770,770,770,770,770,770,770,765,770,770,770,770,765,770,770,765,765,770,770,765,765,765,770,765,770,770,765,770,765,770,765,770,765,765
12,17,18,18,18,18,18,18,18,18,18,18,17,17,17,18,18,18,18,19,18,19,18,18,18,17,17,19,19,18,18,18,19,18,19,18,19,18,18,18,18,19,18,18,17,18,18,18,18,19,18,17,18,17,18,18,18,18,17,18,18,17,17,17,18,47,47,47,47,47,47,47,47,47,47,47,47,47,47,47,47,47,47,47,47,47,47,47,47,47,47,47,47,47,47,47,47,47,47,47,47,47,47,47,47,47,47,47,47,47,47,47,47,47,47,47,47,47,47,47,47,47,47,47,47,47,47,47,47,765,770,770,770,770,770,770,770,770,770,770,765,765,765,770,770,770,770,775,770,775,770,770,770,765,765,775,775,770,770,770,775,770,775,770,775,770,770,770,770,775,770,770,765,770,770,770,770,775,770,765,770,765,770,770,770,770,765,770,770,765,765,765,770
12.5,17,17,18,18,18,18,17,17,18,18,18,18,18,18,18,18,18,18,19,18,19,18,18,18,17,18,18,18,18,19,18,18,18,19,18,18,19,18,17,18,18,19,18,18,18,18,18,18,18,18,18,18,18,18,18,18,18,18,18,18,17,17,17,18,47,47,47,47,47,47,47,47,47,47,47,47,47,47,47,47,47,47,47,47,47,47,47,47,47,47,47,47,47,47,47,47,47,47,47,47,47,47,47,47,47,47,47,47,47,47,47,47,47,47,47,47,47,47,47,47,47,47,47,47,47,47,47,47,765,765,770,770,770,770,765,765,770,770,770,770,770,770,770,770,770,770,775,770,775,770,770,770,765,770,770,770,770,775,770,770,770,775,770,770,775,770,765,770,770,775,770,770,770,770,770,770,770,770,770,770,770,770,770,770,770,770,770,770,765,765,765,770
13,18,18,18,18,18,18,17,18,18,18,18,18,18,18,19,18,18,19,18,19,18,18,18,18,18,18,19,18,18,19,18,18,19,18,18,18,18,18,18,18,18,18,18,18,18,17,18,18,18,18,17,18,18,18,18,18,17,18,18,18,17,18,18,18,47,47,47,47,47,47,47,47,47,47,47,47,47,47,47,47,47,47,47,47,47,47,47,47,47,47,47,47,47,47,47,47,47,47,47,47,47,47,47,47,47,47,47,47,47,47,47,47,47,47,47,47,47,47,47,47,47,47,47,47,47,47,47,47,770,770,770,770,770,770,765,770,770,770,770,770,770,770,775,770,770,775,770,775,770,770,770,770,770,770,775,770,770,775,770,770,775,770,770,770,770,770,770,770,770,770,770,770,770,765,770,770,770,770,765,770,770,770,770,770,765,770,770,770,765,770,770,770
13.5,18,18,18,18,18,19,18,18,18,18,18,17,18,18,18,18,19,19,19,19,19,19,18,18,18,18,19,18,18,18,19,19,19,18,20,18,18,18,18,18,18,18,18,18,19,18,18,18,18,19,17,18,18,18,17,18,18,17,18,19,18,17,17,18,47,47,47,47,47,47,47,47,47,47,47,47,47,47,47,47,47,47,47,47,47,47,47,47,47,47,47,47,47,47,47,47,47,47,47,47,47,47,47,47,47,47,47,47,47,47,47,47,47,47,47,47,47,47,47,47,47,47,47,47,47,47,47,47,770,770,770,770,770,775,770,770,770,770,770,765,770,770,770,770,775,775,775,775,775,775,770,770,770,770,775,770,770,770,775,775,775,770,780,770,770,770,770,770,770,770,770,770,775,770,770,770,770,775,765,770,770,770,765,770,770,765,770,775,770,765,765,770
14,18,18,19,19,19,18,18,18,18,18,17,18,18,19,18,19,19,18,19,18,19,19,19,18,18,18,18,19,19,19,19,19,19,19,19,18,19,18,17,18,18,18,19,19,18,18,18,19,19,18,19,18,18,18,18,18,18,18,19,19,18,18,18,18,47,47,47,47,47,47,47,47,47,47,47,47,47,47,47,47,47,47,47,47,47,47,47,47,47,47,47,47,47,47,47,47,47,47,47,47,47,47,47,47,47,47,47,47,47,47,47,47,47,47,47,47,47,47,47,47,47,47,47,47,47,47,47,47,770,770,775,775,775,770,770,770,770,770,765,770,770,775,770,775,775,770,775,770,775,775,775,770,770,770,770,775,775,775,775,775,775,775,775,770,775,770,765,770,770,770,775,775,770,770,770,775,775,770,775,770,770,770,770,770,770,770,775,775,770,770,770,770
14.5,19,19,19,18,18,18,18,18,18,17,18,18,19,18,18,18,18,18,19,19,18,18,18,18,18,18,18,19,19,19,18,19,18,19,19,18,20,18,18,18,18,18,19,20,18,18,18,19,19,18,18,18,18,18,19,18,18,18,18,19,18,18,18,17,47,47,47,47,47,47,47,47,47,47,47,47,47,47,47,47,47,47,47,47,47,47,47,47,47,47,47,47,47,47,47,47,47,47,47,47,47,47,47,47,47,47,47,47,47,47,47,47,47,47,47,47,47,47,47,47,47,47,47,47,47,47,47,47,775,775,775,770,770,770,770,770,770,765,770,770,775,770,770,770,770,770,775,775,770,770,770,770,770,770,770,775,775,775,770,775,770,775,775,770,780,770,770,770,770,770,775,780,770,770,770,775,775,770,770,770,770,770,775,770,770,770,770,775,770,770,770,765
15,18,19,19,18,18,19,18,19,18,18,18,18,18,18,19,19,19,19,19,19,19,19,18,18,18,17,19,19,18,18,19,18,19,18,18,19,19,18,18,18,19,18,18,19,18,19,18,18,18,19,18,19,19,18,18,18,18,18,18,19,18,17,18,18,47,47,47,47,47,47,47,47,47,47,47,47,47,47,47,47,47,47,47,47,47,47,47,47,47,47,47,47,47,47,47,47,47,47,47,47,47,47,47,47,47,47,47,47,47,47,47,47,47,47,47,47,47,47,47,47,47,47,47,47,47,47,47,47,770,775,775,770,770,775,770,775,770,770,770,770,770,770,775,775,775,775,775,775,775,775,770,770,770,765,775,775,770,770,775,770,775,770,770,775,775,770,770,770,775,770,770,775,770,775,770,770,770,775,770,775,775,770,770,770,770,770,770,775,770,765,770,770
15.5,18,19,20,19,19,19,18,19,18,19,18,18,19,18,18,19,19,18,19,18,19,19,18,19,18,18,19,18,18,19,19,18,19,19,19,18,19,18,18,18,19,18,19,18,18,18,18,18,18,19,19,19,19,19,18,19,19,18,19,19,18,18,18,18,47,47,47,47,47,47,47,47,47,47,47,47,47,47,47,47,47,47,47,47,47,47,47,47,47,47,47,47,47,47,47,47,47,47,47,47,47,47,47,47,47,47,47,47,47,47,47,47,47,47,47,47,47,47,47,47,47,47,47,47,47,47,47,47,770,775,780,775,775,775,770,775,770,775,770,770,775,770,770,775,775,770,775,770,775,775,770,775,770,770,775,770,770,775,775,770,775,775,775,770,775,770,770,770,775,770,775,770,770,770,770,770,770,775,775,775,775,775,770,775,775,770,775,775,770,770,770,770
16,19,19,20,19,19,18,19,18,18,19,19,18,19,18,19,19,18,18,19,18,19,19,17,19,18,18,19,18,19,20,19,18,18,18,19,18,19,18,18,19,19,19,19,19,18,18,18,19,19,18,18,18,19,18,19,18,18,19,18,18,18,19,18,18,47,47,47,47,47,47,47,47,47,47,47,47,47,47,47,47,47,47,47,47,47,47,47,47,47,47,47,47,47,47,47,47,47,47,47,47,47,47,47,47,47,47,47,47,47,47,47,47,47,47,47,47,47,47,47,47,47,47,47,47,47,47,47,47,775,775,780,775,775,770,775,770,770,775,775,770,775,770,775,775,770,770,775,770,775,775,765,775,770,770,775,770,775,780,775,770,770,770,775,770,775,770,770,775,775,775,775,775,770,770,770,775,775,770,770,770,775,770,775,770,770,775,770,770,770,775,770,770
16.5,18,19,19,19,19,18,19,19,19,19,19,18,18,18,20,19,18,19,18,19,19,18,17,18,17,18,19,19,19,20,19,19,18,18,19,19,19,18,19,18,18,20,19,19,18,18,19,19,19,19,18,19,19,18,19,19,19,19,18,19,18,18,18,19,47,47,47,47,47,47,47,47,47,47,47,47,47,47,47,47,47,47,47,47,47,47,47,47,47,47,47,47,47,47,47,47,47,47,47,47,47,47,47,47,47,47,47,47,47,47,47,47,47,47,47,47,47,47,47,47,47,47,47,47,47,47,47,47,770,775,775,775,775,770,775,775,775,775,775,770,770,770,780,775,770,775,770,775,775,770,765,770,765,770,775,775,775,780,775,775,770,770,775,775,775,770,775,770,770,780,775,775,770,770,775,775,775,775,770,775,775,770,775,775,775,775,770,775,770,770,770,775
17,19,18,19,20,19,19,18,19,19,19,18,18,18,19,19,19,19,19,19,18,19,19,19,18,18,18,19,19,18,20,19,18,18,19,19,18,18,18,18,18,19,20,18,19,18,18,18,18,18,19,18,19,19,19,18,19,18,18,19,20,18,19,18,19,47,47,47,47,47,47,47,47,47,47,47,47,47,47,47,47,47,47,47,47,47,47,47,47,47,47,47,47,47,47,47,47,47,47,47,47,47,47,47,47,47,47,47,47,47,47,47,47,47,47,47,47,47,47,47,47,47,47,47,47,47,47,47,47,775,770,775,780,775,775,770,775,775,775,770,770,770,775,775,775,775,775,775,770,775,775,775,770,770,770,775,775,770,780,775,770,770,775,775,770,770,770,770,770,775,780,770,775,770,770,770,770,770,775,770,775,775,775,770,775,770,770,775,780,770,775,770,775
17.5,19,18,19,20,19,19,19,18,18,18,18,18,19,19,18,19,19,19,19,18,19,19,19,18,19,18,18,19,19,19,18,18,18,19,20,19,18,19,18,19,19,19,19,19,18,18,18,18,18,18,18,19,19,19,19,18,18,19,19,19,18,19,18,19,47,47,47,47,47,47,47,47,47,47,47,47,47,47,47,47,47,47,47,47,47,47,47,47,47,47,47,47,47,47,47,47,47,47,47,47,47,47,47,47,47,47,47,47,47,47,47,47,47,47,47,47,47,47,47,47,47,47,47,47,47,47,47,47,775,770,775,780,775,775,775,770,770,770,770,770,775,775,770,775,775,775,775,770,775,775,775,770,775,770,770,775,775,775,770,770,770,775,780,775,770,775,770,775,775,775,775,775,770,770,770,770,770,770,770,775,775,775,775,770,770,775,775,775,770,775,770,775
18,19,19,19,18,19,18,19,19,19,18,19,19,18,18,19,18,19,19,19,19,19,19,19,18,19,18,19,19,19,19,19,19,18,20,19,20,19,18,19,19,19,20,19,19,19,19,19,19,19,18,18,18,18,19,19,19,19,19,19,19,18,18,18,19,47,47,47,47,47,47,47,47,47,47,47,47,47,47,47,47,47,47,47,47,47,47,47,47,47,47,47,47,47,47,47,47,47,47,47,47,47,47,47,47,47,47,47,47,47,47,47,47,47,47,47,47,47,47,47,47,47,47,47,47,47,47,47,47,775,775,775,770,775,770,775,775,775,770,775,775,770,770,775,770,775,775,775,775,775,775,775,770,775,770,775,775,775,775,775,775,770,780,775,780,775,770,775,775,775,780,775,775,775,775,775,775,775,770,770,770,770,775,775,775,775,775,775,775,770,770,770,775
18.5,19,19,19,18,19,19,18,18,18,19,18,18,18,19,20,19,19,18,19,19,19,19,19,18,19,18,20,19,18,20,19,19,18,20,19,19,19,18,19,19,19,20,18,19,19,19,19,19,19,18,18,18,19,19,19,20,18,18,19,19,19,18,18,19,47,47,47,47,47,47,47,47,47,47,47,47,47,47,47,47,47,47,47,47,47,47,47,47,47,47,47,47,47,47,47,47,47,47,47,47,47,47,47,47,47,47,47,47,47,47,47,47,47,47,47,47,47,47,47,47,47,47,47,47,47,47,47,47,775,775,775,770,775,775,770,770,770,775,770,770,770,775,780,775,775,770,775,775,775,775,775,770,775,770,780,775,770,780,775,775,770,780,775,775,775,770,775,775,775,780,770,775,775,775,775,775,775,770,770,770,775,775,775,780,770,770,775,775,775,770,770,775
19,19,19,19,19,19,19,18,19,18,20,19,18,19,19,20,19,19,19,19,18,19,19,19,19,19,19,20,19,18,19,19,18,18,20,19,18,19,19,19,18,19,19,19,19,19,19,18,19,19,18,19,19,19,19,19,20,18,19,19,19,19,19,19,19,47,47,47,47,47,47,47,47,47,47,47,47,47,47,47,47,47,47,47,47,47,47,47,47,47,47,47,47,47,47,47,47,47,47,47,47,47,47,47,47,47,47,47,47,47,47,47,47,47,47,47,47,47,47,47,47,47,47,47,47,47,47,47,47,775,775,775,775,775,775,770,775,770,780,775,770,775,775,780,775,775,775,775,770,775,775,775,775,775,775,780,775,770,775,775,770,770,780,775,770,775,775,775,770,775,775,775,775,775,775,770,775,775,770,775,775,775,775,775,780,770,775,775,775,775,775,775,775
19.5,18,19,19,19,19,18,19,19,19,19,19,19,20,19,20,19,19,19,19,19,19,18,18,18,19,19,20,18,19,19,18,18,18,20,19,19,19,19,19,19,19,19,19,19,19,19,19,19,19,18,19,19,19,19,19,19,19,19,19,19,19,19,19,19,47,47,47,47,47,47,47,47,47,47,47,47,47,47,47,47,47,47,47,47,47,47,47,47,47,47,47,47,47,47,47,47,47,47,47,47,47,47,47,47,47,47,47,47,47,47,47,47,47,47,47,47,47,47,47,47,47,47,47,47,47,47,47,47,770,775,775,775,775,770,775,775,775,775,775,775,780,775,780,775,775,775,775,775,775,770,770,770,775,775,780,770,775,775,770,770,770,780,775,775,775,775,775,775,775,775,775,775,775,775,775,775,775,770,775,775,775,775,775,775,775,775,775,775,775,775,775,775
20,18,19,19,19,19,19,19,19,19,19,19,19,19,18,19,19,19,19,19,19,19,19,18,18,19,19,19,19,19,19,19,19,18,20,19,20,19,18,19,19,19,20,18,19,19,19,19,20,18,19,18,19,19,19,18,20,19,19,19,18,19,19,19,19,47,47,47,47,47,47,47,47,47,47,47,47,47,47,47,47,47,47,47,47,47,47,47,47,47,47,47,47,47,47,47,47,47,47,47,47,47,47,47,47,47,47,47,47,47,47,47,47,47,47,47,47,47,47,47,47,47,47,47,47,47,47,47,47,770,775,775,775,775,775,775,775,775,775,775,775,775,770,775,775,775,775,775,775,775,775,770,770,775,775,775,775,775,775,775,775,770,780,775,780,775,770,775,775,775,780,770,775,775,775,775,780,770,775,770,775,775,775,770,780,775,775,775,770,775,775,775,775
20.5,19,19,19,19,19,19,19,18,19,19,18,19,19,19,20,19,19,19,19,19,19,19,19,18,19,19,19,19,19,19,20,18,19,20,19,20,18,19,19,19,19,20,18,19,19,19,19,19,18,18,18,19,19,19,19,20,18,18,19,19,18,19,19,19,47,47,47,47,47,47,47,47,47,47,47,47,47,47,47,47,47,47,47,47,47,47,47,47,47,47,47,47,47,47,47,47,47,47,47,47,47,47,47,47,47,47,47,47,47,47,47,47,47,47,47,47,47,47,47,47,47,47,47,47,47,47,47,47,775,775,775,775,775,775,775,770,775,775,770,775,775,775,780,775,775,775,775,775,775,775,775,770,775,775,775,775,775,775,780,770,775,780,775,780,770,775,775,775,775,780,770,775,775,775,775,775,770,770,770,775,775,775,775,780,770,770,775,775,770,775,775,775
21,20,19,19,19,19,19,19,18,18,19,19,19,19,19,20,19,19,18,19,19,18,20,19,19,20,19,20,20,19,19,20,19,19,19,19,19,19,20,19,19,19,20,19,19,19,19,19,19,19,19,19,19,19,19,19,20,18,19,19,19,18,19,19,19,47,47,47,47,47,47,47,47,47,47,47,47,47,47,47,47,47,47,47,47,47,47,47,47,47,47,47,47,47,47,47,47,47,47,47,47,47,47,47,47,47,47,47,47,47,47,47,47,47,47,47,47,47,47,47,47,47,47,47,47,47,47,47,47,780,775,775,775,775,775,775,770,770,775,775,775,775,775,780,775,775,770,775,775,770,780,775,775,780,775,780,780,775,775,780,775,775,775,775,775,775,780,775,775,775,780,775,775,775,775,775,775,775,775,775,775,775,775,775,780,770,775,775,775,770,775,775,775
21.5,19,19,19,18,18,19,20,19,19,19,19,19,19,19,20,19,19,19,19,19,18,19,19,18,20,18,19,19,19,19,19,19,19,19,19,19,19,20,19,19,19,19,19,19,19,19,19,20,19,20,18,19,19,19,18,19,19,19,19,19,18,19,18,19,47,47,47,47,47,47,47,47,47,47,47,47,47,47,47,47,47,47,47,47,47,47,47,47,47,47,47,47,47,47,47,47,47,47,47,47,47,47,47,47,47,47,47,47,47,47,47,47,47,47,47,47,47,47,47,47,47,47,47,47,47,47,47,47,775,775,775,770,770,775,780,775,775,775,775,775,775,775,780,775,775,775,775,775,770,775,775,770,780,770,775,775,775,775,775,775,775,775,775,775,775,780,775,775,775,775,775,775,775,775,775,780,775,780,770,775,775,775,770,775,775,775,775,775,770,775,770,775
22,19,18,19,19,19,19,20,19,18,18,19,19,18,18,20,19,19,18,19,19,19,19,19,19,19,19,19,19,19,19,20,18,20,20,19,20,19,19,19,19,19,19,19,19,19,19,20,19,19,20,19,19,19,19,19,19,18,20,20,19,18,18,19,19,47,47,47,47,47,47,47,47,47,47,47,47,47,47,47,47,47,47,47,47,47,47,47,47,47,47,47,47,47,47,47,47,47,47,47,47,47,47,47,47,47,47,47,47,47,47,47,47,47,47,47,47,47,47,47,47,47,47,47,47,47,47,47,47,775,770,775,775,775,775,780,775,770,770,775,775,770,770,780,775,775,770,775,775,775,775,775,775,775,775,775,775,775,775,780,770,780,780,775,780,775,775,775,775,775,775,775,775,775,775,780,775,775,780,775,775,775,775,775,775,770,780,780,775,770,770,775,775
22.5,19,19,19,19,19,19,19,19,18,19,18,19,18,19,20,19,20,19,19,19,19,19,19,19,19,19,19,19,19,19,21,18,20,20,19,20,19,19,19,19,20,19,19,19,19,19,20,19,19,19,19,19,19,19,20,19,19,19,20,19,18,18,19,19,47,47,47,47,47,47,47,47,47,47,47,47,47,47,47,47,47,47,47,47,47,47,47,47,47,47,47,47,47,47,47,47,47,47,47,47,47,47,47,47,47,47,47,47,47,47,47,47,47,47,47,47,47,47,47,47,47,47,47,47,47,47,47,47,775,775,775,775,775,775,775,775,770,775,770,775,770,775,780,775,780,775,775,775,775,775,775,775,775,775,775,775,775,775,785,770,780,780,775,780,775,775,775,775,780,775,775,775,775,775,780,775,775,775,775,775,775,775,780,775,775,775,780,775,770,770,775,775
23,19,20,19,19,19,19,19,19,19,18,20,19,19,19,20,19,19,19,19,19,19,19,19,19,19,19,19,20,19,19,20,18,19,20,19,19,19,20,19,20,20,19,19,19,19,19,19,19,19,19,19,19,20,20,20,19,19,19,19,19,19,19,19,19,47,47,47,47,47,47,47,47,47,47,47,47,47,47,47,47,47,47,47,47,47,47,47,47,47,47,47,47,47,47,47,47,47,47,47,47,47,47,47,47,47,47,47,47,47,47,47,47,47,47,47,47,47,47,47,47,47,47,47,47,47,47,47,47,775,780,775,775,775,775,775,775,775,770,780,775,775,775,780,775,775,775,775,775,775,775,775,775,775,775,775,780,775,775,780,770,775,780,775,775,775,780,775,780,780,775,775,775,775,775,775,775,775,775,775,775,780,780,780,775,775,775,775,775,775,775,775,775
23.5,19,19,19,19,19,19,19,19,19,18,20,19,19,18,20,18,19,19,19,20,19,19,18,19,19,19,19,20,19,19,20,18,19,21,19,19,19,20,19,19,20,19,19,19,19,19,19,19,19,20,19,19,20,20,19,19,18,20,19,19,19,19,18,19,47,47,47,47,47,47,47,47,47,47,47,47,47,47,47,47,47,47,47,47,47,47,47,47,47,47,47,47,47,47,47,47,47,47,47,47,47,47,47,47,47,47,47,47,47,47,47,47,47,47,47,47,47,47,47,47,47,47,47,47,47,47,47,47,775,775,775,775,775,775,775,775,775,770,780,775,775,770,780,770,775,775,775,780,775,775,770,775,775,775,775,780,775,775,780,770,775,785,775,775,775,780,775,775,780,775,775,775,775,775,775,775,775,780,775,775,780,780,775,775,770,780,775,775,775,775,770,775
24,19,19,19,19,19,20,19,19,19,19,19,19,19,19,19,19,19,19,19,20,19,19,19,20,19,19,19,19,19,20,20,19,20,21,20,19,19,19,19,19,20,20,19,19,19,19,19,19,19,19,19,19,19,19,19,19,19,20,19,19,19,19,19,19,47,47,47,47,47,47,47,47,47,47,47,47,47,47,47,47,47,47,47,47,47,47,47,47,47,47,47,47,47,47,47,47,47,47,47,47,47,47,47,47,47,47,47,47,47,47,47,47,47,47,47,47,47,47,47,47,47,47,47,47,47,47,47,47,775,775,775,775,775,780,775,775,775,775,775,775,775,775,775,775,775,775,775,780,775,775,775,780,775,775,775,775,775,780,780,775,780,785,780,775,775,775,775,775,780,780,775,775,775,775,775,775,775,775,775,775,775,775,775,775,775,780,775,775,775,775,775,775
24.5,19,19,19,19,19,20,18,19,19,19,19,19,19,19,20,19,19,19,19,20,19,19,19,20,19,19,19,19,19,21,20,20,20,21,20,19,19,19,19,20,20,20,19,19,19,19,19,20,19,19,19,19,19,19,20,19,20,19,19,19,19,19,19,19,47,47,47,47,47,47,47,47,47,47,47,47,47,47,47,47,47,47,47,47,47,47,47,47,47,47,47,47,47,47,47,47,47,47,47,47,47,47,47,47,47,47,47,47,47,47,47,47,47,47,47,47,47,47,47,47,47,47,47,47,47,47,47,47,775,775,775,775,775,780,770,775,775,775,775,775,775,775,780,775,775,775,775,780,775,775,775,780,775,775,775,775,775,785,780,780,780,785,780,775,775,775,775,780,780,780,775,775,775,775,775,780,775,775,775,775,775,775,780,775,780,775,775,775,775,775,775,775
25,20,20,19,19,19,19,19,19,19,19,19,19,19,19,20,19,19,19,20,20,19,19,19,20,19,19,20,19,19,20,19,20,20,21,20,19,19,20,18,19,20,20,19,20,19,19,19,19,19,19,19,19,19,20,20,19,19,19,19,19,19,19,18,18,47,47,47,47,47,47,47,47,47,47,47,47,47,47,47,47,47,47,47,47,47,47,47,47,47,47,47,47,47,47,47,47,47,47,47,47,47,47,47,47,47,47,47,47,47,47,47,47,47,47,47,47,47,47,47,47,47,47,47,47,47,47,47,47,780,780,775,775,775,775,775,775,775,775,775,775,775,775,780,775,775,775,780,780,775,775,775,780,775,775,780,775,775,780,775,780,780,785,780,775,775,780,770,775,780,780,775,780,775,775,775,775,775,775,775,775,775,780,780,775,775,775,775,775,775,775,770,770
25.5,20,20,19,19,19,19,20,19,19,19,19,19,19,19,20,19,19,19,20,19,19,19,19,19,19,19,20,19,19,20,19,20,19,21,20,19,20,20,18,19,20,20,19,20,19,19,19,20,19,20,19,19,20,20,20,19,19,18,19,19,19,19,19,19,47,47,47,47,47,47,47,47,47,47,47,47,47,47,47,47,47,47,47,47,47,47,47,47,47,47,47,47,47,47,47,47,47,47,47,47,47,47,47,47,47,47,47,47,47,47,47,47,47,47,47,47,47,47,47,47,47,47,47,47,47,47,47,47,780,780,775,775,775,775,780,775,775,775,775,775,775,775,780,775,775,775,780,775,775,775,775,775,775,775,780,775,775,780,775,780,775,785,780,775,780,780,770,775,780,780,775,780,775,775,775,780,775,780,775,775,780,780,780,775,775,770,775,775,775,775,775,775
26,19,19,19,19,19,19,20,19,20,19,19,19,19,19,21,19,19,19,20,20,19,19,19,19,19,19,19,20,19,21,20,19,19,22,20,19,20,19,19,19,20,20,19,20,19,19,19,20,19,21,19,19,19,20,19,20,19,18,19,19,19,19,20,19,47,47,47,47,47,47,47,47,47,47,47,47,47,47,47,47,47,47,47,47,47,47,47,47,47,47,47,47,47,47,47,47,47,47,47,47,47,47,47,47,47,47,47,47,47,47,47,47,47,47,47,47,47,47,47,47,47,47,47,47,47,47,47,47,775,775,775,775,775,775,780,775,780,775,775,775,775,775,785,775,775,775,780,780,775,775,775,775,775,775,775,780,775,785,780,775,775,790,780,775,780,775,775,775,780,780,775,780,775,775,775,780,775,785,775,775,775,780,775,780,775,770,775,775,775,775,780,775
26.5,19,19,20,19,19,19,20,19,19,19,19,19,19,20,21,19,19,19,20,20,19,19,19,19,20,19,20,20,19,21,20,19,19,22,20,19,19,19,19,19,20,20,18,20,20,20,19,20,19,21,19,19,20,20,19,20,20,18,19,19,19,19,19,19,47,47,47,47,47,47,47,47,47,47,47,47,47,47,47,47,47,47,47,47,47,47,47,47,47,47,47,47,47,47,47,47,47,47,47,47,47,47,47,47,47,47,47,47,47,47,47,47,47,47,47,47,47,47,47,47,47,47,47,47,47,47,47,47,775,775,780,775,775,775,780,775,775,775,775,775,775,780,785,775,775,775,780,780,775,775,775,775,780,775,780,780,775,785,780,775,775,790,780,775,775,775,775,775,780,780,770,780,780,780,775,780,775,785,775,775,780,780,775,780,780,770,775,775,775,775,775,775
27,19,19,19,19,18,19,20,19,19,19,19,19,19,20,21,19,19,19,20,19,19,19,18,19,20,19,20,20,20,21,20,19,20,22,20,20,19,19,19,19,21,21,19,20,20,20,20,20,19,20,18,19,20,20,19,20,20,19,20,19,19,19,19,19,47,47,47,47,47,47,47,47,47,47,47,47,47,47,47,47,47,47,47,47,47,47,47,47,47,47,47,47,47,47,47,47,47,47,47,47,47,47,47,47,47,47,47,47,47,47,47,47,47,47,47,47,47,47,47,47,47,47,47,47,47,47,47,47,775,775,775,775,770,775,780,775,775,775,775,775,775,780,785,775,775,775,780,775,775,775,770,775,780,775,780,780,780,785,780,775,780,790,780,780,775,775,775,775,785,785,775,780,780,780,780,780,775,780,770,775,780,780,775,780,780,775,780,775,775,775,775,775
27.5,19,19,20,19,19,19,20,19,19,19,19,19,19,20,21,19,19,19,21,20,19,19,18,19,20,20,20,20,20,21,20,19,20,22,20,20,18,19,19,19,21,21,19,20,20,20,20,21,19,20,19,19,20,20,19,21,19,19,20,19,20,19,19,20,47,47,47,47,47,47,47,47,47,47,47,47,47,47,47,47,47,47,47,47,47,47,47,47,47,47,47,47,47,47,47,47,47,47,47,47,47,47,47,47,47,47,47,47,47,47,47,47,47,47,47,47,47,47,47,47,47,47,47,47,47,47,47,47,775,775,780,775,775,775,780,775,775,775,775,775,775,780,785,775,775,775,785,780,775,775,770,775,780,780,780,780,780,785,780,775,780,790,780,780,770,775,775,775,785,785,775,780,780,780,780,785,775,780,775,775,780,780,775,785,775,775,780,775,780,775,775,780
28,18,19,20,19,19,19,20,19,20,19,19,19,19,19,21,19,19,19,21,20,19,19,18,19,20,19,21,20,20,21,20,19,19,22,21,20,19,19,19,20,21,21,19,21,20,20,20,21,19,19,19,19,20,21,19,21,19,19,20,19,20,19,19,20,47,47,47,47,47,47,47,47,47,47,47,47,47,47,47,47,47,47,47,47,47,47,47,47,47,47,47,47,47,47,47,47,47,47,47,47,47,47,47,47,47,47,47,47,47,47,47,47,47,47,47,47,47,47,47,47,47,47,47,47,47,47,47,47,770,775,780,775,775,775,780,775,780,775,775,775,775,775,785,775,775,775,785,780,775,775,770,775,780,775,785,780,780,785,780,775,775,790,785,780,775,775,775,780,785,785,775,785,780,780,780,785,775,775,775,775,780,785,775,785,775,775,780,775,780,775,775,780
28.5,19,19,20,20,20,20,20,19,20,19,20,19,20,19,22,19,19,19,21,20,19,19,19,19,21,19,21,21,20,22,21,19,19,22,21,20,19,19,19,20,21,22,19,21,20,20,20,21,20,19,19,19,21,21,19,21,19,20,21,19,20,19,18,20,47,47,47,47,47,47,47,47,47,47,47,47,47,47,47,47,47,47,47,47,47,47,47,47,47,47,47,47,47,47,47,47,47,47,47,47,47,47,47,47,47,47,47,47,47,47,47,47,47,47,47,47,47,47,47,47,47,47,47,47,47,47,47,47,775,775,780,780,780,780,780,775,780,775,780,775,780,775,790,775,775,775,785,780,775,775,775,775,785,775,785,785,780,790,785,775,775,790,785,780,775,775,775,780,785,790,775,785,780,780,780,785,780,775,775,775,785,785,775,785,775,780,785,775,780,775,770,780
29,19,19,20,20,20,20,20,19,20,19,20,19,20,19,21,20,20,19,21,20,20,20,19,19,21,19,21,21,20,22,21,20,19,22,21,21,19,19,19,20,21,22,19,21,20,21,20,21,20,20,19,19,21,21,19,21,19,19,21,20,20,19,20,20,47,47,47,47,47,47,47,47,47,47,47,47,47,47,47,47,47,47,47,47,47,47,47,47,47,47,47,47,47,47,47,47,47,47,47,47,47,47,47,47,47,47,47,47,47,47,47,47,47,47,47,47,47,47,47,47,47,47,47,47,47,47,47,47,775,775,780,780,780,780,780,775,780,775,780,775,780,775,785,780,780,775,785,780,780,780,775,775,785,775,785,785,780,790,785,780,775,790,785,785,775,775,775,780,785,790,775,785,780,785,780,785,780,780,775,775,785,785,775,785,775,775,785,780,780,775,780,780
29.5,20,20,21,20,20,20,21,19,20,19,20,19,20,19,21,20,20,19,21,20,20,20,19,19,21,19,21,21,21,22,21,20,19,22,21,21,19,19,20,20,21,22,20,21,21,21,20,21,20,20,19,19,21,21,20,21,19,20,21,20,19,19,20,20,47,47,47,47,47,47,47,47,47,47,47,47,47,47,47,47,47,47,47,47,47,47,47,47,47,47,47,47,47,47,47,47,47,47,47,47,47,47,47,47,47,47,47,47,47,47,47,47,47,47,47,47,47,47,47,47,47,47,47,47,47,47,47,47,780,780,785,780,780,780,785,775,780,775,780,775,780,775,785,780,780,775,785,780,780,780,775,775,785,775,785,785,785,790,785,780,775,790,785,785,775,775,780,780,785,790,780,785,785,785,780,785,780,780,775,775,785,785,780,785,775,780,785,780,775,775,780,780
30,19,20,21,20,20,20,21,19,20,19,20,20,20,19,22,20,20,19,22,21,20,20,19,20,21,19,22,21,20,22,22,20,20,22,22,21,20,19,20,21,21,22,20,21,21,21,21,21,20,20,20,20,21,21,19,21,19,20,21,20,19,19,20,20,47,47,47,47,47,47,47,47,47,47,47,47,47,47,47,47,47,47,47,47,47,47,47,47,47,47,47,47,47,47,47,47,47,47,47,47,47,47,47,47,47,47,47,47,47,47,47,47,47,47,47,47,47,47,47,47,47,47,47,47,47,47,47,47,775,780,785,780,780,780,785,775,780,775,780,780,780,775,790,780,780,775,790,785,780,780,775,780,785,775,790,785,780,790,790,780,780,790,790,785,780,775,780,785,785,790,780,785,785,785,785,785,780,780,780,780,785,785,775,785,775,780,785,780,775,775,780,780
30.5,20,20,21,20,21,20,21,20,20,19,21,20,20,19,22,20,20,19,22,21,21,21,19,20,21,19,22,22,21,22,22,20,20,22,22,21,20,19,20,21,21,22,20,22,21,21,21,22,20,21,20,20,21,22,20,21,19,20,21,20,19,20,20,21,47,47,47,47,47,47,47,47,47,47,47,47,47,47,47,47,47,47,47,47,47,47,47,47,47,47,47,47,47,47,47,47,47,47,47,47,47,47,47,47,47,47,47,47,47,47,47,47,47,47,47,47,47,47,47,47,47,47,47,47,47,47,47,47,780,780,785,780,785,780,785,780,780,775,785,780,780,775,790,780,780,775,790,785,785,785,775,780,785,775,790,790,785,790,790,780,780,790,790,785,780,775,780,785,785,790,780,790,785,785,785,790,780,785,780,780,785,790,780,785,775,780,785,780,775,780,780,785
31,20,20,21,20,20,20,22,20,20,20,20,20,21,19,22,20,21,20,22,21,20,21,20,20,21,19,21,22,21,22,22,20,20,23,22,21,20,19,20,21,21,22,21,21,21,21,21,21,20,21,20,20,22,22,20,22,20,21,21,20,19,20,19,21,47,47,47,47,47,47,47,47,47,47,47,47,47,47,47,47,47,47,47,47,47,47,47,47,47,47,47,47,47,47,47,47,47,47,47,47,47,47,47,47,47,47,47,47,47,47,47,47,47,47,47,47,47,47,47,47,47,47,47,47,47,47,47,47,780,780,785,780,780,780,790,780,780,780,780,780,785,775,790,780,785,780,790,785,780,785,780,780,785,775,785,790,785,790,790,780,780,795,790,785,780,775,780,785,785,790,785,785,785,785,785,785,780,785,780,780,790,790,780,790,780,785,785,780,775,780,775,785
31.5,21,21,21,21,20,21,22,20,21,20,21,20,21,19,23,21,21,20,22,21,21,21,20,20,22,19,22,22,21,22,22,20,20,23,22,21,20,20,21,21,21,23,21,21,21,21,21,22,21,21,20,20,22,22,21,22,20,21,22,21,19,21,19,21,47,47,47,47,47,47,47,47,47,47,47,47,47,47,47,47,47,47,47,47,47,47,47,47,47,47,47,47,47,47,47,47,47,47,47,47,47,47,47,47,47,47,47,47,47,47,47,47,47,47,47,47,47,47,47,47,47,47,47,47,47,47,47,47,785,785,785,785,780,785,790,780,785,780,785,780,785,775,795,785,785,780,790,785,785,785,780,780,790,775,790,790,785,790,790,780,780,795,790,785,780,780,785,785,785,795,785,785,785,785,785,790,785,785,780,780,790,790,785,790,780,785,790,785,775,785,775,785
32,20,20,21,21,21,21,22,20,21,20,21,20,21,20,22,21,21,20,22,22,21,21,20,20,22,19,22,21,21,22,22,21,21,23,22,21,20,20,21,21,22,22,21,22,21,21,22,22,21,21,20,21,22,22,21,22,20,21,21,20,20,21,19,21,47,47,47,47,47,47,47,47,47,47,47,47,47,47,47,47,47,47,47,47,47,47,47,47,47,47,47,47,47,47,47,47,47,47,47,47,47,47,47,47,47,47,47,47,47,47,47,47,47,47,47,47,47,47,47,47,47,47,47,47,47,47,47,47,780,780,785,785,785,785,790,780,785,780,785,780,785,780,790,785,785,780,790,790,785,785,780,780,790,775,790,785,785,790,790,785,785,795,790,785,780,780,785,785,790,790,785,790,785,785,790,790,785,785,780,785,790,790,785,790,780,785,785,780,780,785,775,785
32.5,21,21,22,21,21,21,22,20,21,21,21,20,21,20,22,21,21,20,22,22,21,21,21,21,22,20,22,22,21,22,22,21,21,23,22,22,21,20,21,22,22,22,21,22,22,22,22,22,21,21,21,21,22,22,21,22,20,21,21,21,20,21,19,21,47,47,47,47,47,47,47,47,47,47,47,47,47,47,47,47,47,47,47,47,47,47,47,47,47,47,47,47,47,47,47,47,47,47,47,47,47,47,47,47,47,47,47,47,47,47,47,47,47,47,47,47,47,47,47,47,47,47,47,47,47,47,47,47,785,785,790,785,785,785,790,780,785,785,785,780,785,780,790,785,785,780,790,790,785,785,785,785,790,780,790,790,785,790,790,785,785,795,790,790,785,780,785,790,790,790,785,790,790,790,790,790,785,785,785,785,790,790,785,790,780,785,785,785,780,785,775,785
33,21,21,22,21,21,21,22,21,21,21,21,21,21,20,22,21,21,21,22,22,21,21,20,21,22,20,22,22,22,23,22,21,21,23,22,22,21,20,21,22,22,22,21,22,21,22,22,22,21,22,21,21,22,22,21,22,21,21,22,22,21,21,19,21,47,47,47,47,47,47,47,47,47,47,47,47,47,47,47,47,47,47,47,47,47,47,47,47,47,47,47,47,47,47,47,47,47,47,47,47,47,47,47,47,47,47,47,47,47,47,47,47,47,47,47,47,47,47,47,47,47,47,47,47,47,47,47,47,785,785,790,785,785,785,790,785,785,785,785,785,785,780,790,785,785,785,790,790,785,785,780,785,790,780,790,790,790,795,790,785,785,795,790,790,785,780,785,790,790,790,785,790,785,790,790,790,785,790,785,785,790,790,785,790,785,785,790,790,785,785,775,785
33.5,22,21,22,22,21,22,22,21,21,21,21,21,22,20,22,21,21,21,22,22,21,21,21,21,22,20,22,23,22,23,22,21,21,22,22,22,21,20,21,22,22,22,21,22,22,22,22,22,21,22,21,21,22,22,21,22,21,21,22,22,21,21,19,22,47,47,47,47,47,47,47,47,47,47,47,47,47,47,47,47,47,47,47,47,47,47,47,47,47,47,47,47,47,47,47,47,47,47,47,47,47,47,47,47,47,47,47,47,47,47,47,47,47,47,47,47,47,47,47,47,47,47,47,47,47,47,47,47,790,785,790,790,785,790,790,785,785,785,785,785,790,780,790,785,785,785,790,790,785,785,785,785,790,780,790,795,790,795,790,785,785,790,790,790,785,780,785,790,790,790,785,790,790,790,790,790,785,790,785,785,790,790,785,790,785,785,790,790,785,785,775,790
34,21,21,22,21,22,21,22,21,21,21,22,21,22,20,22,21,21,21,22,22,22,22,21,21,22,20,22,22,22,23,22,21,21,23,22,22,21,20,21,22,22,22,21,23,22,22,22,23,21,22,21,21,22,22,21,22,21,21,22,22,21,21,19,22,47,47,47,47,47,47,47,47,47,47,47,47,47,47,47,47,47,47,47,47,47,47,47,47,47,47,47,47,47,47,47,47,47,47,47,47,47,47,47,47,47,47,47,47,47,47,47,47,47,47,47,47,47,47,47,47,47,47,47,47,47,47,47,47,785,785,790,785,790,785,790,785,785,785,790,785,790,780,790,785,785,785,790,790,790,790,785,785,790,780,790,790,790,795,790,785,785,795,790,790,785,780,785,790,790,790,785,795,790,790,790,795,785,790,785,785,790,790,785,790,785,785,790,790,785,785,775,790
34.5,21,21,22,22,22,22,22,21,22,21,22,21,22,21,22,21,22,21,22,22,22,22,21,21,22,21,22,23,22,23,22,22,21,23,22,22,21,21,21,22,22,22,21,23,22,22,22,23,22,22,21,21,22,22,21,22,21,21,22,22,21,21,20,22,47,47,47,47,47,47,47,47,47,47,47,47,47,47,47,47,47,47,47,47,47,47,47,47,47,47,47,47,47,47,47,47,47,47,47,47,47,47,47,47,47,47,47,47,47,47,47,47,47,47,47,47,47,47,47,47,47,47,47,47,47,47,47,47,785,785,790,790,790,790,790,785,790,785,790,785,790,785,790,785,790,785,790,790,790,790,785,785,790,785,790,795,790,795,790,790,785,795,790,790,785,785,785,790,790,790,785,795,790,790,790,795,790,790,785,785,790,790,785,790,785,785,790,790,785,785,780,790
35,22,22,22,22,22,22,23,21,22,21,22,22,22,21,21,21,22,21,22,22,22,22,21,22,22,21,23,23,22,23,22,22,22,22,22,22,21,21,22,22,23,22,22,23,22,22,22,23,22,22,22,22,22,22,21,23,21,22,22,22,21,21,20,22,47,47,47,47,47,47,47,47,47,47,47,47,47,47,47,47,47,47,47,47,47,47,47,47,47,47,47,47,47,47,47,47,47,47,47,47,47,47,47,47,47,47,47,47,47,47,47,47,47,47,47,47,47,47,47,47,47,47,47,47,47,47,47,47,790,790,790,790,790,790,795,785,790,785,790,790,790,785,785,785,790,785,790,790,790,790,785,790,790,785,795,795,790,795,790,790,790,790,790,790,785,785,790,790,795,790,790,795,790,790,790,795,790,790,790,790,790,790,785,795,785,790,790,790,785,785,780,790
35.5,22,22,22,22,22,22,23,21,22,22,22,22,22,21,22,22,22,21,22,22,22,22,22,22,22,21,23,23,22,23,22,22,22,22,22,22,22,21,22,22,23,22,22,23,22,23,23,23,22,22,22,22,22,22,21,23,21,22,22,22,21,22,20,22,47,47,47,47,47,47,47,47,47,47,47,47,47,47,47,47,47,47,47,47,47,47,47,47,47,47,47,47,47,47,47,47,47,47,47,47,47,47,47,47,47,47,47,47,47,47,47,47,47,47,47,47,47,47,47,47,47,47,47,47,47,47,47,47,790,790,790,790,790,790,795,785,790,790,790,790,790,785,790,790,790,785,790,790,790,790,790,790,790,785,795,795,790,795,790,790,790,790,790,790,790,785,790,790,795,790,790,795,790,795,795,795,790,790,790,790,790,790,785,795,785,790,790,790,785,790,780,790
36,22,22,23,22,22,22,23,22,22,22,22,22,22,21,22,22,22,21,22,22,22,23,22,22,22,21,23,23,22,23,22,22,22,23,22,23,21,21,22,22,23,22,22,23,23,22,22,23,22,22,22,22,22,22,22,23,21,22,23,22,22,22,20,22,47,47,47,47,47,47,47,47,47,47,47,47,47,47,47,47,47,47,47,47,47,47,47,47,47,47,47,47,47,47,47,47,47,47,47,47,47,47,47,47,47,47,47,47,47,47,47,47,47,47,47,47,47,47,47,47,47,47,47,47,47,47,47,47,790,790,795,790,790,790,795,790,790,790,790,790,790,785,790,790,790,785,790,790,790,795,790,790,790,785,795,795,790,795,790,790,790,795,790,795,785,785,790,790,795,790,790,795,795,790,790,795,790,790,790,790,790,790,790,795,785,790,795,790,790,790,780,790
36.5,22,22,23,22,22,22,23,22,22,22,22,22,22,21,22,22,22,22,22,22,22,23,22,22,22,21,24,23,22,23,22,22,22,23,22,23,22,21,22,22,23,23,22,23,23,23,22,23,22,23,22,22,22,22,22,23,22,22,23,22,22,22,21,22,47,47,47,47,47,47,47,47,47,47,47,47,47,47,47,47,47,47,47,47,47,47,47,47,47,47,47,47,47,47,47,47,47,47,47,47,47,47,47,47,47,47,47,47,47,47,47,47,47,47,47,47,47,47,47,47,47,47,47,47,47,47,47,47,790,790,795,790,790,790,795,790,790,790,790,790,790,785,790,790,790,790,790,790,790,795,790,790,790,785,800,795,790,795,790,790,790,795,790,795,790,785,790,790,795,795,790,795,795,795,790,795,790,795,790,790,790,790,790,795,790,790,795,790,790,790,785,790
37,22,22,23,22,22,22,23,22,22,22,23,22,22,21,23,22,22,22,22,22,23,23,22,22,22,21,23,22,23,23,22,22,22,23,22,22,22,22,22,23,24,23,22,22,23,23,23,23,22,22,22,22,22,22,22,23,21,22,23,22,22,22,21,22,47,47,47,47,47,47,47,47,47,47,47,47,47,47,47,47,47,47,47,47,47,47,47,47,47,47,47,47,47,47,47,47,47,47,47,47,47,47,47,47,47,47,47,47,47,47,47,47,47,47,47,47,47,47,47,47,47,47,47,47,47,47,47,47,790,790,795,790,790,790,795,790,790,790,795,790,790,785,795,790,790,790,790,790,795,795,790,790,790,785,795,790,795,795,790,790,790,795,790,790,790,790,790,795,800,795,790,790,795,795,795,795,790,790,790,790,790,790,790,795,785,790,795,790,790,790,785,790
37.5,22,22,23,22,22,22,23,22,23,23,23,22,22,22,23,23,22,22,22,22,23,23,22,22,22,21,23,22,23,23,22,22,23,23,22,22,22,22,22,23,24,23,22,22,23,23,23,23,22,22,22,22,22,22,22,23,22,22,23,22,22,23,21,22,47,47,47,47,47,47,47,47,47,47,47,47,47,47,47,47,47,47,47,47,47,47,47,47,47,47,47,47,47,47,47,47,47,47,47,47,47,47,47,47,47,47,47,47,47,47,47,47,47,47,47,47,47,47,47,47,47,47,47,47,47,47,47,47,790,790,795,790,790,790,795,790,795,795,795,790,790,790,795,795,790,790,790,790,795,795,790,790,790,785,795,790,795,795,790,790,795,795,790,790,790,790,790,795,800,795,790,790,795,795,795,795,790,790,790,790,790,790,790,795,790,790,795,790,790,795,785,790
38,22,22,23,22,23,22,23,23,23,22,23,22,23,22,23,22,22,22,23,22,23,22,22,22,22,22,24,22,23,22,22,22,22,23,22,22,22,22,22,23,23,23,22,22,23,23,23,23,22,22,22,22,22,22,22,23,22,23,23,22,22,22,21,22,47,47,47,47,47,47,47,47,47,47,47,47,47,47,47,47,47,47,47,47,47,47,47,47,47,47,47,47,47,47,47,47,47,47,47,47,47,47,47,47,47,47,47,47,47,47,47,47,47,47,47,47,47,47,47,47,47,47,47,47,47,47,47,47,790,790,795,790,795,790,795,795,795,790,795,790,795,790,795,790,790,790,795,790,795,790,790,790,790,790,800,790,795,790,790,790,790,795,790,790,790,790,790,795,795,795,790,790,795,795,795,795,790,790,790,790,790,790,790,795,790,795,795,790,790,790,785,790
38.5,22,22,23,23,23,22,23,23,23,22,23,22,23,22,23,23,22,22,23,22,23,22,22,22,22,22,23,22,23,22,22,22,22,23,22,22,22,22,22,23,23,23,23,22,23,23,22,23,22,22,22,22,22,22,22,23,22,23,23,22,22,23,21,22,47,47,47,47,47,47,47,47,47,47,47,47,47,47,47,47,47,47,47,47,47,47,47,47,47,47,47,47,47,47,47,47,47,47,47,47,47,47,47,47,47,47,47,47,47,47,47,47,47,47,47,47,47,47,47,47,47,47,47,47,47,47,47,47,790,790,795,795,795,790,795,795,795,790,795,790,795,790,795,795,790,790,795,790,795,790,790,790,790,790,795,790,795,790,790,790,790,795,790,790,790,790,790,795,795,795,795,790,795,795,790,795,790,790,790,790,790,790,790,795,790,795,795,790,790,795,785,790
39,22,23,22,23,23,22,23,23,23,22,23,22,23,22,22,23,21,22,23,22,23,22,23,23,22,22,23,22,23,22,22,21,22,23,22,22,23,22,22,23,23,22,22,22,23,24,23,23,22,22,23,22,22,22,22,23,22,23,24,22,22,22,21,22,47,47,47,47,47,47,47,47,47,47,47,47,47,47,47,47,47,47,47,47,47,47,47,47,47,47,47,47,47,47,47,47,47,47,47,47,47,47,47,47,47,47,47,47,47,47,47,47,47,47,47,47,47,47,47,47,47,47,47,47,47,47,47,47,790,795,790,795,795,790,795,795,795,790,795,790,795,790,790,795,785,790,795,790,795,790,795,795,790,790,795,790,795,790,790,785,790,795,790,790,795,790,790,795,795,790,790,790,795,800,795,795,790,790,795,790,790,790,790,795,790,795,800,790,790,790,785,790
39.5,22,23,22,23,23,22,23,23,23,22,22,22,23,22,22,23,21,23,23,22,23,22,23,23,22,22,23,21,23,22,22,21,22,23,22,22,23,22,22,23,23,22,23,22,23,24,22,23,22,22,23,22,22,22,22,23,22,23,24,22,22,22,21,22,47,47,47,47,47,47,47,47,47,47,47,47,47,47,47,47,47,47,47,47,47,47,47,47,47,47,47,47,47,47,47,47,47,47,47,47,47,47,47,47,47,47,47,47,47,47,47,47,47,47,47,47,47,47,47,47,47,47,47,47,47,47,47,47,790,795,790,795,795,790,795,795,795,790,790,790,795,790,790,795,785,795,795,790,795,790,795,795,790,790,795,785,795,790,790,785,790,795,790,790,795,790,790,795,795,790,795,790,795,800,790,795,790,790,795,790,790,790,790,795,790,795,800,790,790,790,785,790
40,22,23,22,23,24,22,23,23,22,22,23,22,23,23,22,23,22,23,23,22,23,22,23,22,21,22,22,22,23,22,22,22,23,23,22,21,23,22,22,24,23,22,23,23,23,23,22,22,22,22,23,21,21,22,22,23,22,23,23,22,22,22,22,22,47,47,47,47,47,47,47,47,47,47,47,47,47,47,47,47,47,47,47,47,47,47,47,47,47,47,47,47,47,47,47,47,47,47,47,47,47,47,47,47,47,47,47,47,47,47,47,47,47,47,47,47,47,47,47,47,47,47,47,47,47,47,47,47,790,795,790,795,800,790,795,795,790,790,795,790,795,795,790,795,790,795,795,790,795,790,795,790,785,790,790,790,795,790,790,790,795,795,790,785,795,790,790,800,795,790,795,795,795,795,790,790,790,790,795,785,785,790,790,795,790,795,795,790,790,790,790,790
40.5,22,23,22,23,24,22,23,23,22,22,22,22,23,23,22,23,22,23,23,23,23,22,23,23,21,22,22,22,23,22,22,22,23,23,22,21,23,22,22,24,22,22,23,23,23,23,22,22,22,22,23,21,21,22,22,23,22,23,23,22,22,21,22,22,47,47,47,47,47,47,47,47,47,47,47,47,47,47,47,47,47,47,47,47,47,47,47,47,47,47,47,47,47,47,47,47,47,47,47,47,47,47,47,47,47,47,47,47,47,47,47,47,47,47,47,47,47,47,47,47,47,47,47,47,47,47,47,47,790,795,790,795,800,790,795,795,790,790,790,790,795,795,790,795,790,795,795,795,795,790,795,795,785,790,790,790,795,790,790,790,795,795,790,785,795,790,790,800,790,790,795,795,795,795,790,790,790,790,795,785,785,790,790,795,790,795,795,790,790,785,790,790
41,22,22,23,24,23,22,23,23,22,22,22,22,23,23,22,22,22,23,23,23,22,22,23,23,22,22,22,22,23,22,22,22,23,23,22,22,23,23,22,23,22,22,23,23,23,23,21,22,22,23,23,22,22,22,22,23,22,22,23,22,22,22,22,22,47,47,47,47,47,47,47,47,47,47,47,47,47,47,47,47,47,47,47,47,47,47,47,47,47,47,47,47,47,47,47,47,47,47,47,47,47,47,47,47,47,47,47,47,47,47,47,47,47,47,47,47,47,47,47,47,47,47,47,47,47,47,47,47,790,790,795,800,795,790,795,795,790,790,790,790,795,795,790,790,790,795,795,795,790,790,795,795,790,790,790,790,795,790,790,790,795,795,790,790,795,795,790,795,790,790,795,795,795,795,785,790,790,795,795,790,790,790,790,795,790,790,795,790,790,790,790,790
41.5,22,22,23,24,23,23,23,23,22,22,22,22,23,23,21,22,22,23,23,23,22,23,23,23,22,22,22,22,22,23,22,22,23,23,22,22,23,23,22,23,22,22,23,23,23,22,21,22,22,23,22,22,22,22,22,23,22,22,23,22,22,22,22,22,47,47,47,47,47,47,47,47,47,47,47,47,47,47,47,47,47,47,47,47,47,47,47,47,47,47,47,47,47,47,47,47,47,47,47,47,47,47,47,47,47,47,47,47,47,47,47,47,47,47,47,47,47,47,47,47,47,47,47,47,47,47,47,47,790,790,795,800,795,795,795,795,790,790,790,790,795,795,785,790,790,795,795,795,790,795,795,795,790,790,790,790,790,795,790,790,795,795,790,790,795,795,790,795,790,790,795,795,795,790,785,790,790,795,790,790,790,790,790,795,790,790,795,790,790,790,790,790
42,22,22,22,23,23,22,23,23,21,22,23,22,23,23,21,22,22,23,23,23,22,23,22,23,22,22,22,22,23,23,22,22,23,23,23,22,23,23,22,22,22,21,23,23,23,23,22,22,22,23,22,22,22,22,22,23,22,22,22,22,22,22,22,23,47,47,47,47,47,47,47,47,47,47,47,47,47,47,47,47,47,47,47,47,47,47,47,47,47,47,47,47,47,47,47,47,47,47,47,47,47,47,47,47,47,47,47,47,47,47,47,47,47,47,47,47,47,47,47,47,47,47,47,47,47,47,47,47,790,790,790,795,795,790,795,795,785,790,795,790,795,795,785,790,790,795,795,795,790,795,790,795,790,790,790,790,795,795,790,790,795,795,795,790,795,795,790,790,790,785,795,795,795,795,790,790,790,795,790,790,790,790,790,795,790,790,790,790,790,790,790,795
42.5,22,22,22,23,23,23,23,22,21,22,23,22,23,23,22,22,22,23,23,23,22,23,22,23,22,21,22,22,22,23,23,23,23,23,23,22,23,23,22,22,22,21,23,23,22,22,22,22,23,23,22,22,22,22,22,23,22,22,22,22,22,22,22,23,47,47,47,47,47,47,47,47,47,47,47,47,47,47,47,47,47,47,47,47,47,47,47,47,47,47,47,47,47,47,47,47,47,47,47,47,47,47,47,47,47,47,47,47,47,47,47,47,47,47,47,47,47,47,47,47,47,47,47,47,47,47,47,47,790,790,790,795,795,795,795,790,785,790,795,790,795,795,790,790,790,795,795,795,790,795,790,795,790,785,790,790,790,795,795,795,795,795,795,790,795,795,790,790,790,785,795,795,790,790,790,790,795,795,790,790,790,790,790,795,790,790,790,790,790,790,790,795
43,22,22,22,23,23,23,23,22,22,21,23,22,23,23,22,22,21,24,23,23,22,23,23,23,22,21,22,22,22,23,22,23,23,23,23,22,23,22,22,22,22,22,23,23,22,22,22,21,23,23,22,22,23,23,23,23,22,22,22,22,22,22,23,23,47,47,47,47,47,47,47,47,47,47,47,47,47,47,47,47,47,47,47,47,47,47,47,47,47,47,47,47,47,47,47,47,47,47,47,47,47,47,47,47,47,47,47,47,47,47,47,47,47,47,47,47,47,47,47,47,47,47,47,47,47,47,47,47,790,790,790,795,795,795,795,790,790,785,795,790,795,795,790,790,785,800,795,795,790,795,795,795,790,785,790,790,790,795,790,795,795,795,795,790,795,790,790,790,790,790,795,795,790,790,790,785,795,795,790,790,795,795,795,795,790,790,790,790,790,790,795,795
43.5,22,22,22,23,23,23,23,22,22,21,23,23,23,24,22,22,21,24,23,22,22,23,23,23,22,21,23,22,22,23,22,23,23,23,23,22,23,22,22,22,22,22,22,23,22,22,22,21,23,23,22,22,23,23,23,23,22,22,22,22,22,22,22,23,47,47,47,47,47,47,47,47,47,47,47,47,47,47,47,47,47,47,47,47,47,47,47,47,47,47,47,47,47,47,47,47,47,47,47,47,47,47,47,47,47,47,47,47,47,47,47,47,47,47,47,47,47,47,47,47,47,47,47,47,47,47,47,47,790,790,790,795,795,795,795,790,790,785,795,795,795,800,790,790,785,800,795,790,790,795,795,795,790,785,795,790,790,795,790,795,795,795,795,790,795,790,790,790,790,790,790,795,790,790,790,785,795,795,790,790,795,795,795,795,790,790,790,790,790,790,790,795
44,22,22,22,23,23,22,23,21,22,22,22,23,23,23,22,21,22,23,23,22,22,23,23,23,22,22,23,23,22,22,23,23,23,23,23,22,23,23,22,22,21,22,22,23,22,22,22,21,23,22,21,22,23,23,23,22,22,22,22,22,22,22,22,23,47,47,47,47,47,47,47,47,47,47,47,47,47,47,47,47,47,47,47,47,47,47,47,47,47,47,47,47,47,47,47,47,47,47,47,47,47,47,47,47,47,47,47,47,47,47,47,47,47,47,47,47,47,47,47,47,47,47,47,47,47,47,47,47,790,790,790,795,795,790,795,785,790,790,790,795,795,795,790,785,790,795,795,790,790,795,795,795,790,790,795,795,790,790,795,795,795,795,795,790,795,795,790,790,785,790,790,795,790,790,790,785,795,790,785,790,795,795,795,790,790,790,790,790,790,790,790,795
44.5,22,22,22,23,23,22,23,21,22,22,22,23,23,23,22,22,22,23,22,22,22,23,23,23,22,22,23,22,21,22,23,23,22,23,22,22,23,22,22,22,22,22,22,22,22,21,22,21,23,22,21,22,23,23,23,22,22,22,21,22,22,22,22,23,47,47,47,47,47,47,47,47,47,47,47,47,47,47,47,47,47,47,47,47,47,47,47,47,47,47,47,47,47,47,47,47,47,47,47,47,47,47,47,47,47,47,47,47,47,47,47,47,47,47,47,47,47,47,47,47,47,47,47,47,47,47,47,47,790,790,790,795,795,790,795,785,790,790,790,795,795,795,790,790,790,795,790,790,790,795,795,795,790,790,795,790,785,790,795,795,790,795,790,790,795,790,790,790,790,790,790,790,790,785,790,785,795,790,785,790,795,795,795,790,790,790,785,790,790,790,790,795
45,22,22,22,23,23,22,23,21,22,22,22,23,23,23,22,22,22,22,22,22,22,23,23,23,22,22,23,23,22,22,23,22,22,22,23,22,23,22,22,23,22,22,22,22,21,22,22,22,23,22,22,22,22,23,23,22,22,22,21,22,22,22,22,23,47,47,47,47,47,47,47,47,47,47,47,47,47,47,47,47,47,47,47,47,47,47,47,47,47,47,47,47,47,47,47,47,47,47,47,47,47,47,47,47,47,47,47,47,47,47,47,47,47,47,47,47,47,47,47,47,47,47,47,47,47,47,47,47,790,790,790,795,795,790,795,785,790,790,790,795,795,795,790,790,790,790,790,790,790,795,795,795,790,790,795,795,790,790,795,790,790,790,795,790,795,790,790,795,790,790,790,790,785,790,790,790,795,790,790,790,790,795,795,790,790,790,785,790,790,790,790,795
45.5,22,22,21,23,23,22,23,21,22,22,22,23,23,23,22,22,22,22,22,22,22,23,23,23,22,23,23,23,22,22,22,22,22,22,23,22,23,22,22,23,22,22,22,22,21,22,22,22,23,22,22,22,22,23,23,22,21,22,21,22,22,22,22,23,47,47,47,47,47,47,47,47,47,47,47,47,47,47,47,47,47,47,47,47,47,47,47,47,47,47,47,47,47,47,47,47,47,47,47,47,47,47,47,47,47,47,47,47,47,47,47,47,47,47,47,47,47,47,47,47,47,47,47,47,47,47,47,47,790,790,785,795,795,790,795,785,790,790,790,795,795,795,790,790,790,790,790,790,790,795,795,795,790,795,795,795,790,790,790,790,790,790,795,790,795,790,790,795,790,790,790,790,785,790,790,790,795,790,790,790,790,795,795,790,785,790,785,790,790,790,790,795
46,22,22,21,23,23,22,23,21,23,22,22,22,23,23,21,22,22,23,22,22,22,23,23,23,22,23,24,22,21,21,22,22,22,22,23,22,24,22,22,23,22,22,22,22,22,21,22,22,23,21,22,22,22,22,22,22,22,22,21,23,22,22,22,23,47,47,47,47,47,47,47,47,47,47,47,47,47,47,47,47,47,47,47,47,47,47,47,47,47,47,47,47,47,47,47,47,47,47,47,47,47,47,47,47,47,47,47,47,47,47,47,47,47,47,47,47,47,47,47,47,47,47,47,47,47,47,47,47,790,790,785,795,795,790,795,785,795,790,790,790,795,795,785,790,790,795,790,790,790,795,795,795,790,795,800,790,785,785,790,790,790,790,795,790,800,790,790,795,790,790,790,790,790,785,790,790,795,785,790,790,790,790,790,790,790,790,785,795,790,790,790,795
46.5,22,22,22,23,23,21,23,22,23,22,22,22,23,23,21,22,23,22,22,22,23,23,23,23,22,23,24,22,22,22,22,22,22,22,23,22,24,22,22,23,22,22,22,22,22,21,22,22,23,21,22,22,22,22,22,22,22,22,22,23,22,22,22,23,47,47,47,47,47,47,47,47,47,47,47,47,47,47,47,47,47,47,47,47,47,47,47,47,47,47,47,47,47,47,47,47,47,47,47,47,47,47,47,47,47,47,47,47,47,47,47,47,47,47,47,47,47,47,47,47,47,47,47,47,47,47,47,47,790,790,790,795,795,785,795,790,795,790,790,790,795,795,785,790,795,790,790,790,795,795,795,795,790,795,800,790,790,790,790,790,790,790,795,790,800,790,790,795,790,790,790,790,790,785,790,790,795,785,790,790,790,790,790,790,790,790,790,795,790,790,790,795
47,23,22,22,23,23,21,23,22,23,22,22,22,23,22,22,23,23,22,23,21,23,22,22,23,22,23,23,22,22,21,22,23,22,22,22,22,23,21,22,23,22,22,22,22,22,22,22,21,23,21,22,22,22,22,21,22,22,22,22,23,22,22,22,23,47,47,47,47,47,47,47,47,47,47,47,47,47,47,47,47,47,47,47,47,47,47,47,47,47,47,47,47,47,47,47,47,47,47,47,47,47,47,47,47,47,47,47,47,47,47,47,47,47,47,47,47,47,47,47,47,47,47,47,47,47,47,47,47,795,790,790,795,795,785,795,790,795,790,790,790,795,790,790,795,795,790,795,785,795,790,790,795,790,795,795,790,790,785,790,795,790,790,790,790,795,785,790,795,790,790,790,790,790,790,790,785,795,785,790,790,790,790,785,790,790,790,790,795,790,790,790,795
47.5,23,23,22,23,23,22,23,22,22,23,22,22,23,22,22,23,23,22,23,21,23,22,22,23,22,23,23,22,22,22,23,23,23,22,23,22,23,22,21,23,23,22,23,22,22,22,22,21,23,21,23,23,22,22,21,23,22,22,22,23,22,23,22,23,47,47,47,47,47,47,47,47,47,47,47,47,47,47,47,47,47,47,47,47,47,47,47,47,47,47,47,47,47,47,47,47,47,47,47,47,47,47,47,47,47,47,47,47,47,47,47,47,47,47,47,47,47,47,47,47,47,47,47,47,47,47,47,47,795,795,790,795,795,790,795,790,790,795,790,790,795,790,790,795,795,790,795,785,795,790,790,795,790,795,795,790,790,790,795,795,795,790,795,790,795,790,785,795,795,790,795,790,790,790,790,785,795,785,795,795,790,790,785,795,790,790,790,795,790,795,790,795
48,23,23,22,23,23,22,23,22,22,23,22,23,23,22,22,23,23,22,22,22,23,22,23,23,23,22,23,22,22,22,22,22,23,23,23,22,23,22,22,23,23,22,23,23,22,22,22,21,22,22,23,23,22,22,22,23,23,22,22,23,22,23,22,23,47,47,47,47,47,47,47,47,47,47,47,47,47,47,47,47,47,47,47,47,47,47,47,47,47,47,47,47,47,47,47,47,47,47,47,47,47,47,47,47,47,47,47,47,47,47,47,47,47,47,47,47,47,47,47,47,47,47,47,47,47,47,47,47,795,795,790,795,795,790,795,790,790,795,790,795,795,790,790,795,795,790,790,790,795,790,795,795,795,790,795,790,790,790,790,790,795,795,795,790,795,790,790,795,795,790,795,795,790,790,790,785,790,790,795,795,790,790,790,795,795,790,790,795,790,795,790,795
48.5,23,23,22,23,23,22,23,22,22,23,22,23,23,22,22,22,23,22,22,22,22,22,23,23,23,22,23,22,22,22,22,22,23,23,23,23,23,22,22,23,23,22,23,23,22,22,22,21,22,22,23,23,22,22,22,23,23,22,23,23,22,23,22,23,47,47,47,47,47,47,47,47,47,47,47,47,47,47,47,47,47,47,47,47,47,47,47,47,47,47,47,47,47,47,47,47,47,47,47,47,47,47,47,47,47,47,47,47,47,47,47,47,47,47,47,47,47,47,47,47,47,47,47,47,47,47,47,47,795,795,790,795,795,790,795,790,790,795,790,795,795,790,790,790,795,790,790,790,790,790,795,795,795,790,795,790,790,790,790,790,795,795,795,795,795,790,790,795,795,790,795,795,790,790,790,785,790,790,795,795,790,790,790,795,795,790,795,795,790,795,790,795
49,23,23,22,23,23,22,23,21,22,23,22,23,23,22,22,22,23,21,22,21,22,22,23,23,23,22,23,23,22,22,22,22,23,23,23,23,23,22,22,23,23,22,23,23,22,22,22,22,22,22,23,23,22,22,22,22,23,22,23,23,22,23,21,23,47,47,47,47,47,47,47,47,47,47,47,47,47,47,47,47,47,47,47,47,47,47,47,47,47,47,47,47,47,47,47,47,47,47,47,47,47,47,47,47,47,47,47,47,47,47,47,47,47,47,47,47,47,47,47,47,47,47,47,47,47,47,47,47,795,795,790,795,795,790,795,785,790,795,790,795,795,790,790,790,795,785,790,785,790,790,795,795,795,790,795,795,790,790,790,790,795,795,795,795,795,790,790,795,795,790,795,795,790,790,790,790,790,790,795,795,790,790,790,790,795,790,795,795,790,795,785,795
49.5,23,23,21,23,23,22,23,22,22,23,22,23,23,22,23,22,23,21,22,21,22,22,22,23,22,22,23,22,22,22,22,22,23,23,23,23,23,22,22,23,23,22,23,23,22,22,22,22,22,22,23,22,22,22,22,22,23,22,23,23,23,23,21,23,47,47,47,47,47,47,47,47,47,47,47,47,47,47,47,47,47,47,47,47,47,47,47,47,47,47,47,47,47,47,47,47,47,47,47,47,47,47,47,47,47,47,47,47,47,47,47,47,47,47,47,47,47,47,47,47,47,47,47,47,47,47,47,47,795,795,785,795,795,790,795,790,790,795,790,795,795,790,795,790,795,785,790,785,790,790,790,795,790,790,795,790,790,790,790,790,795,795,795,795,795,790,790,795,795,790,795,795,790,790,790,790,790,790,795,790,790,790,790,790,795,790,795,795,795,795,785,795
50,23,23,22,23,23,21,23,22,22,23,22,23,22,22,23,22,23,21,22,22,22,22,23,23,22,22,23,22,22,22,22,22,24,23,23,23,23,22,22,23,24,23,23,23,22,22,22,22,22,23,23,22,22,22,22,22,23,22,23,23,23,23,22,23,47,47,47,47,47,47,47,47,47,47,47,47,47,47,47,47,47,47,47,47,47,47,47,47,47,47,47,47,47,47,47,47,47,47,47,47,47,47,47,47,47,47,47,47,47,47,47,47,47,47,47,47,47,47,47,47,47,47,47,47,47,47,47,47,795,795,790,795,795,785,795,790,790,795,790,795,790,790,795,790,795,785,790,790,790,790,795,795,790,790,795,790,790,790,790,790,800,795,795,795,795,790,790,795,800,795,795,795,790,790,790,790,790,795,795,790,790,790,790,790,795,790,795,795,795,795,790,795
50.5,23,23,22,23,23,21,23,22,22,23,22,23,22,23,23,22,23,22,21,22,21,22,22,23,22,22,23,22,22,22,22,22,23,23,23,23,23,22,22,22,24,23,23,23,22,22,22,23,23,23,23,22,22,22,22,22,23,22,23,23,23,22,22,22,47,47,47,47,47,47,47,47,47,47,47,47,47,47,47,47,47,47,47,47,47,47,47,47,47,47,47,47,47,47,47,47,47,47,47,47,47,47,47,47,47,47,47,47,47,47,47,47,47,47,47,47,47,47,47,47,47,47,47,47,47,47,47,47,795,795,790,795,795,785,795,790,790,795,790,795,790,795,795,790,795,790,785,790,785,790,790,795,790,790,795,790,790,790,790,790,795,795,795,795,795,790,790,790,800,795,795,795,790,790,790,795,795,795,795,790,790,790,790,790,795,790,795,795,795,790,790,790
51,23,23,22,23,22,21,23,22,23,22,22,23,23,23,23,21,23,22,21,22,21,23,22,23,23,23,23,22,22,22,22,22,23,23,23,22,23,22,22,22,23,22,23,23,22,22,22,23,23,23,24,22,22,22,22,23,23,21,24,23,23,22,22,23,47,47,47,47,47,47,47,47,47,47,47,47,47,47,47,47,47,47,47,47,47,47,47,47,47,47,47,47,47,47,47,47,47,47,47,47,47,47,47,47,47,47,47,47,47,47,47,47,47,47,47,47,47,47,47,47,47,47,47,47,47,47,47,47,795,795,790,795,790,785,795,790,795,790,790,795,795,795,795,785,795,790,785,790,785,795,790,795,795,795,795,790,790,790,790,790,795,795,795,790,795,790,790,790,795,790,795,795,790,790,790,795,795,795,800,790,790,790,790,795,795,785,800,795,795,790,790,795
51.5,23,23,22,23,22,21,23,22,23,23,22,23,23,23,23,21,23,22,21,22,21,23,23,23,23,23,23,22,22,22,22,22,23,23,22,22,23,22,22,22,23,22,23,23,22,22,22,23,23,23,23,22,22,22,22,23,23,21,24,23,23,22,22,23,47,47,47,47,47,47,47,47,47,47,47,47,47,47,47,47,47,47,47,47,47,47,47,47,47,47,47,47,47,47,47,47,47,47,47,47,47,47,47,47,47,47,47,47,47,47,47,47,47,47,47,47,47,47,47,47,47,47,47,47,47,47,47,47,795,795,790,795,790,785,795,790,795,795,790,795,795,795,795,785,795,790,785,790,785,795,795,795,795,795,795,790,790,790,790,790,795,795,790,790,795,790,790,790,795,790,795,795,790,790,790,795,795,795,795,790,790,790,790,795,795,785,800,795,795,790,790,795
52,23,23,23,23,22,22,23,22,23,22,22,23,23,23,23,21,23,22,22,22,22,23,22,22,23,23,23,23,22,22,21,22,23,23,22,23,23,22,21,22,23,22,23,23,22,22,22,22,23,23,23,23,21,22,23,23,23,22,23,23,23,22,22,23,47,47,47,47,47,47,47,47,47,47,47,47,47,47,47,47,47,47,47,47,47,47,47,47,47,47,47,47,47,47,47,47,47,47,47,47,47,47,47,47,47,47,47,47,47,47,47,47,47,47,47,47,47,47,47,47,47,47,47,47,47,47,47,47,795,795,795,795,790,790,795,790,795,790,790,795,795,795,795,785,795,790,790,790,790,795,790,790,795,795,795,795,790,790,785,790,795,795,790,795,795,790,785,790,795,790,795,795,790,790,790,790,795,795,795,795,785,790,795,795,795,790,795,795,795,790,790,795
52.5,23,23,23,23,22,22,23,22,22,23,22,23,23,23,23,22,23,22,22,23,22,23,23,22,23,23,23,23,22,22,21,22,22,23,22,23,23,22,21,22,23,22,23,23,23,22,23,22,23,22,23,23,21,22,23,23,23,22,23,23,23,22,22,23,47,47,47,47,47,47,47,47,47,47,47,47,47,47,47,47,47,47,47,47,47,47,47,47,47,47,47,47,47,47,47,47,47,47,47,47,47,47,47,47,47,47,47,47,47,47,47,47,47,47,47,47,47,47,47,47,47,47,47,47,47,47,47,47,795,795,795,795,790,790,795,790,790,795,790,795,795,795,795,790,795,790,790,795,790,795,795,790,795,795,795,795,790,790,785,790,790,795,790,795,795,790,785,790,795,790,795,795,795,790,795,790,795,790,795,795,785,790,795,795,795,790,795,795,795,790,790,795
53,23,22,23,22,22,22,23,22,22,22,22,22,23,23,23,21,22,22,22,23,22,22,23,23,23,23,22,23,22,23,22,22,22,23,22,23,22,22,22,22,23,22,23,23,23,23,23,22,23,22,23,23,22,22,22,23,23,22,23,23,23,21,22,23,47,47,47,47,47,47,47,47,47,47,47,47,47,47,47,47,47,47,47,47,47,47,47,47,47,47,47,47,47,47,47,47,47,47,47,47,47,47,47,47,47,47,47,47,47,47,47,47,47,47,47,47,47,47,47,47,47,47,47,47,47,47,47,47,795,790,795,790,790,790,795,790,790,790,790,790,795,795,795,785,790,790,790,795,790,790,795,795,795,795,790,795,790,795,790,790,790,795,790,795,790,790,790,790,795,790,795,795,795,795,795,790,795,790,795,795,790,790,790,795,795,790,795,795,795,785,790,795
53.5,22,22,23,22,22,22,22,22,22,23,22,22,23,23,23,22,22,22,22,23,22,22,23,22,23,23,22,24,22,23,22,22,22,23,22,23,22,22,22,23,23,23,23,23,23,23,23,22,23,22,23,23,22,22,22,23,23,22,23,23,23,22,22,23,47,47,47,47,47,47,47,47,47,47,47,47,47,47,47,47,47,47,47,47,47,47,47,47,47,47,47,47,47,47,47,47,47,47,47,47,47,47,47,47,47,47,47,47,47,47,47,47,47,47,47,47,47,47,47,47,47,47,47,47,47,47,47,47,790,790,795,790,790,790,790,790,790,795,790,790,795,795,795,790,790,790,790,795,790,790,795,790,795,795,790,800,790,795,790,790,790,795,790,795,790,790,790,795,795,795,795,795,795,795,795,790,795,790,795,795,790,790,790,795,795,790,795,795,795,790,790,795
54,22,22,23,21,22,22,22,22,22,23,23,23,23,23,23,22,22,21,22,22,22,22,22,22,23,22,22,23,23,22,22,22,22,23,22,23,22,22,22,23,23,23,23,23,23,23,23,22,23,22,23,24,22,22,22,24,23,22,23,23,23,22,22,23,47,47,47,47,47,47,47,47,47,47,47,47,47,47,47,47,47,47,47,47,47,47,47,47,47,47,47,47,47,47,47,47,47,47,47,47,47,47,47,47,47,47,47,47,47,47,47,47,47,47,47,47,47,47,47,47,47,47,47,47,47,47,47,47,790,790,795,785,790,790,790,790,790,795,795,795,795,795,795,790,790,785,790,790,790,790,790,790,795,790,790,795,795,790,790,790,790,795,790,795,790,790,790,795,795,795,795,795,795,795,795,790,795,790,795,800,790,790,790,800,795,790,795,795,795,790,790,795
54.5,22,22,23,21,21,21,22,22,22,23,23,23,23,23,23,22,22,21,23,22,22,22,22,22,23,22,22,23,23,22,22,22,22,23,22,23,22,22,22,23,23,23,23,23,23,23,23,23,23,22,23,24,22,22,22,23,23,23,23,23,23,22,22,23,47,47,47,47,47,47,47,47,47,47,47,47,47,47,47,47,47,47,47,47,47,47,47,47,47,47,47,47,47,47,47,47,47,47,47,47,47,47,47,47,47,47,47,47,47,47,47,47,47,47,47,47,47,47,47,47,47,47,47,47,47,47,47,47,790,790,795,785,785,785,790,790,790,795,795,795,795,795,795,790,790,785,795,790,790,790,790,790,795,790,790,795,795,790,790,790,790,795,790,795,790,790,790,795,795,795,795,795,795,795,795,795,795,790,795,800,790,790,790,795,795,795,795,795,795,790,790,795
55,22,22,22,22,21,21,22,22,22,23,23,23,22,22,22,23,23,22,23,22,23,21,22,22,23,23,22,23,23,23,22,22,23,22,23,23,22,22,23,23,23,23,23,22,22,23,23,23,23,23,23,23,23,23,23,23,23,23,23,22,23,22,22,23,47,47,47,47,47,47,47,47,47,47,47,47,47,47,47,47,47,47,47,47,47,47,47,47,47,47,47,47,47,47,47,47,47,47,47,47,47,47,47,47,47,47,47,47,47,47,47,47,47,47,47,47,47,47,47,47,47,47,47,47,47,47,47,47,790,790,790,790,785,785,790,790,790,795,795,795,790,790,790,795,795,790,795,790,795,785,790,790,795,795,790,795,795,795,790,790,795,790,795,795,790,790,795,795,795,795,795,790,790,795,795,795,795,795,795,795,795,795,795,795,795,795,795,790,795,790,790,795
55.5,23,23,22,22,21,21,22,22,23,23,22,23,22,22,22,23,23,22,23,22,23,21,22,22,23,23,22,23,23,23,22,22,23,22,23,23,22,22,23,23,23,24,23,22,22,22,23,23,23,22,23,23,23,23,23,22,23,23,23,22,23,22,22,23,47,47,47,47,47,47,47,47,47,47,47,47,47,47,47,47,47,47,47,47,47,47,47,47,47,47,47,47,47,47,47,47,47,47,47,47,47,47,47,47,47,47,47,47,47,47,47,47,47,47,47,47,47,47,47,47,47,47,47,47,47,47,47,47,795,795,790,790,785,785,790,790,795,795,790,795,790,790,790,795,795,790,795,790,795,785,790,790,795,795,790,795,795,795,790,790,795,790,795,795,790,790,795,795,795,800,795,790,790,790,795,795,795,790,795,795,795,795,795,790,795,795,795,790,795,790,790,795
56,22,22,22,22,22,22,22,23,23,23,22,23,22,22,22,23,23,23,23,22,23,22,21,22,23,23,23,23,22,22,22,21,22,22,23,23,23,22,22,23,22,23,23,23,22,22,23,23,23,22,22,23,23,22,22,22,23,23,23,22,23,22,21,22,47,47,47,47,47,47,47,47,47,47,47,47,47,47,47,47,47,47,47,47,47,47,47,47,47,47,47,47,47,47,47,47,47,47,47,47,47,47,47,47,47,47,47,47,47,47,47,47,47,47,47,47,47,47,47,47,47,47,47,47,47,47,47,47,790,790,790,790,790,790,790,795,795,795,790,795,790,790,790,795,795,795,795,790,795,790,785,790,795,795,795,795,790,790,790,785,790,790,795,795,795,790,790,795,790,795,795,795,790,790,795,795,795,790,790,795,795,790,790,790,795,795,795,790,795,790,785,790
56.5,23,23,22,22,22,22,23,23,23,23,22,23,22,22,22,23,23,23,23,21,23,22,21,23,23,23,23,23,22,22,22,21,23,23,23,23,23,22,22,23,22,23,23,22,22,22,23,23,23,22,22,23,23,22,22,22,23,22,23,22,23,22,21,22,47,47,47,47,47,47,47,47,47,47,47,47,47,47,47,47,47,47,47,47,47,47,47,47,47,47,47,47,47,47,47,47,47,47,47,47,47,47,47,47,47,47,47,47,47,47,47,47,47,47,47,47,47,47,47,47,47,47,47,47,47,47,47,47,795,795,790,790,790,790,795,795,795,795,790,795,790,790,790,795,795,795,795,785,795,790,785,795,795,795,795,795,790,790,790,785,795,795,795,795,795,790,790,795,790,795,795,790,790,790,795,795,795,790,790,795,795,790,790,790,795,790,795,790,795,790,785,790
57,23,23,22,22,22,22,23,23,23,22,22,23,22,22,22,23,23,23,24,21,24,22,21,23,23,23,22,23,23,22,22,22,23,23,23,23,23,23,23,23,22,23,23,22,22,22,23,23,23,22,22,22,22,22,23,22,23,23,23,22,23,22,22,22,47,47,47,47,47,47,47,47,47,47,47,47,47,47,47,47,47,47,47,47,47,47,47,47,47,47,47,47,47,47,47,47,47,47,47,47,47,47,47,47,47,47,47,47,47,47,47,47,47,47,47,47,47,47,47,47,47,47,47,47,47,47,47,47,795,795,790,790,790,790,795,795,795,790,790,795,790,790,790,795,795,795,800,785,800,790,785,795,795,795,790,795,795,790,790,790,795,795,795,795,795,795,795,795,790,795,795,790,790,790,795,795,795,790,790,790,790,790,795,790,795,795,795,790,795,790,790,790
57.5,23,23,21,22,22,22,23,23,23,22,22,23,22,22,21,23,23,23,24,21,23,22,21,23,22,23,22,23,23,22,22,22,23,23,23,23,23,23,23,23,22,23,23,22,22,22,23,23,23,22,22,22,22,22,23,22,23,22,23,22,23,22,22,22,47,47,47,47,47,47,47,47,47,47,47,47,47,47,47,47,47,47,47,47,47,47,47,47,47,47,47,47,47,47,47,47,47,47,47,47,47,47,47,47,47,47,47,47,47,47,47,47,47,47,47,47,47,47,47,47,47,47,47,47,47,47,47,47,795,795,785,790,790,790,795,795,795,790,790,795,790,790,785,795,795,795,800,785,795,790,785,795,790,795,790,795,795,790,790,790,795,795,795,795,795,795,795,795,790,795,795,790,790,790,795,795,795,790,790,790,790,790,795,790,795,790,795,790,795,790,790,790
58,24,24,22,22,22,22,22,23,23,23,23,23,22,22,21,23,23,23,23,21,23,22,22,23,22,23,22,23,23,23,22,22,24,23,23,22,24,23,22,23,22,23,23,22,23,23,22,23,23,23,22,22,23,22,22,22,22,22,23,21,23,22,22,23,47,47,47,47,47,47,47,47,47,47,47,47,47,47,47,47,47,47,47,47,47,47,47,47,47,47,47,47,47,47,47,47,47,47,47,47,47,47,47,47,47,47,47,47,47,47,47,47,47,47,47,47,47,47,47,47,47,47,47,47,47,47,47,47,800,800,790,790,790,790,790,795,795,795,795,795,790,790,785,795,795,795,795,785,795,790,790,795,790,795,790,795,795,795,790,790,800,795,795,790,800,795,790,795,790,795,795,790,795,795,790,795,795,795,790,790,795,790,790,790,790,790,795,785,795,790,790,795
58.5,24,23,22,22,22,22,22,23,22,22,23,23,22,22,21,23,23,23,23,22,23,22,22,23,22,23,22,23,23,23,22,22,23,23,23,22,24,23,22,23,22,23,23,22,23,23,22,23,23,23,22,22,22,22,22,22,22,22,22,21,23,22,22,23,47,47,47,47,47,47,47,47,47,47,47,47,47,47,47,47,47,47,47,47,47,47,47,47,47,47,47,47,47,47,47,47,47,47,47,47,47,47,47,47,47,47,47,47,47,47,47,47,47,47,47,47,47,47,47,47,47,47,47,47,47,47,47,47,800,795,790,790,790,790,790,795,790,790,795,795,790,790,785,795,795,795,795,790,795,790,790,795,790,795,790,795,795,795,790,790,795,795,795,790,800,795,790,795,790,795,795,790,795,795,790,795,795,795,790,790,790,790,790,790,790,790,790,785,795,790,790,795
59,23,23,22,22,22,22,22,24,23,22,23,23,22,23,21,23,23,22,23,22,23,21,22,24,22,22,22,23,23,23,22,22,23,23,23,22,24,23,22,22,22,23,23,21,23,24,22,23,23,23,22,22,22,22,22,21,22,23,22,22,23,22,22,23,47,47,47,47,47,47,47,47,47,47,47,47,47,47,47,47,47,47,47,47,47,47,47,47,47,47,47,47,47,47,47,47,47,47,47,47,47,47,47,47,47,47,47,47,47,47,47,47,47,47,47,47,47,47,47,47,47,47,47,47,47,47,47,47,795,795,790,790,790,790,790,800,795,790,795,795,790,795,785,795,795,790,795,790,795,785,790,800,790,790,790,795,795,795,790,790,795,795,795,790,800,795,790,790,790,795,795,785,795,800,790,795,795,795,790,790,790,790,790,785,790,795,790,790,795,790,790,795
59.5,23,23,22,22,21,22,22,23,23,22,23,23,22,23,22,23,23,22,23,22,22,21,22,23,22,22,22,23,23,23,22,21,22,23,23,22,23,22,22,22,22,23,23,21,24,24,22,23,23,23,22,21,22,22,22,21,22,23,22,22,23,22,22,22,47,47,47,47,47,47,47,47,47,47,47,47,47,47,47,47,47,47,47,47,47,47,47,47,47,47,47,47,47,47,47,47,47,47,47,47,47,47,47,47,47,47,47,47,47,47,47,47,47,47,47,47,47,47,47,47,47,47,47,47,47,47,47,47,795,795,790,790,785,790,790,795,795,790,795,795,790,795,790,795,795,790,795,790,790,785,790,795,790,790,790,795,795,795,790,785,790,795,795,790,795,790,790,790,790,795,795,785,800,800,790,795,795,795,790,785,790,790,790,785,790,795,790,790,795,790,790,790
60,23,23,22,22,22,22,21,23,23,21,23,23,22,23,22,23,22,22,23,23,22,22,23,23,21,22,23,23,23,23,22,22,23,22,23,22,23,23,22,22,23,23,23,21,23,23,22,22,23,22,22,22,21,21,23,22,22,23,22,22,23,22,22,22,47,47,47,47,47,47,47,47,47,47,47,47,47,47,47,47,47,47,47,47,47,47,47,47,47,47,47,47,47,47,47,47,47,47,47,47,47,47,47,47,47,47,47,47,47,47,47,47,47,47,47,47,47,47,47,47,47,47,47,47,47,47,47,47,795,795,790,790,790,790,785,795,795,785,795,795,790,795,790,795,790,790,795,795,790,790,795,795,785,790,795,795,795,795,790,790,795,790,795,790,795,795,790,790,795,795,795,785,795,795,790,790,795,790,790,790,785,785,795,790,790,795,790,790,795,790,790,790
60.5,23,23,22,22,22,22,21,23,23,21,23,23,22,23,22,23,22,22,23,23,22,22,23,23,21,22,23,23,23,23,22,22,23,22,23,23,23,23,22,22,23,23,23,21,23,23,22,22,23,22,23,22,22,21,22,22,22,23,22,22,23,22,22,22,47,47,47,47,47,47,47,47,47,47,47,47,47,47,47,47,47,47,47,47,47,47,47,47,47,47,47,47,47,47,47,47,47,47,47,47,47,47,47,47,47,47,47,47,47,47,47,47,47,47,47,47,47,47,47,47,47,47,47,47,47,47,47,47,795,795,790,790,790,790,785,795,795,785,795,795,790,795,790,795,790,790,795,795,790,790,795,795,785,790,795,795,795,795,790,790,795,790,795,795,795,795,790,790,795,795,795,785,795,795,790,790,795,790,795,790,790,785,790,790,790,795,790,790,795,790,790,790
61,23,22,22,22,22,22,21,23,23,21,23,22,22,23,23,23,22,22,23,23,22,22,22,23,22,22,23,23,23,23,22,22,22,22,23,22,23,22,22,22,23,23,23,22,23,23,22,22,24,22,23,22,22,22,22,22,22,23,23,22,23,22,21,22,47,47,47,47,47,47,47,47,47,47,47,47,47,47,47,47,47,47,47,47,47,47,47,47,47,47,47,47,47,47,47,47,47,47,47,47,47,47,47,47,47,47,47,47,47,47,47,47,47,47,47,47,47,47,47,47,47,47,47,47,47,47,47,47,795,790,790,790,790,790,785,795,795,785,795,790,790,795,795,795,790,790,795,795,790,790,790,795,790,790,795,795,795,795,790,790,790,790,795,790,795,790,790,790,795,795,795,790,795,795,790,790,800,790,795,790,790,790,790,790,790,795,795,790,795,790,785,790
61.5,23,22,23,22,22,22,21,22,23,22,23,22,22,23,23,23,22,23,23,23,22,22,22,23,22,22,23,23,22,23,22,22,22,22,23,23,23,22,22,22,23,23,23,22,23,23,22,22,24,22,23,22,22,22,22,22,22,23,23,22,23,22,22,21,47,47,47,47,47,47,47,47,47,47,47,47,47,47,47,47,47,47,47,47,47,47,47,47,47,47,47,47,47,47,47,47,47,47,47,47,47,47,47,47,47,47,47,47,47,47,47,47,47,47,47,47,47,47,47,47,47,47,47,47,47,47,47,47,795,790,795,790,790,790,785,790,795,790,795,790,790,795,795,795,790,795,795,795,790,790,790,795,790,790,795,795,790,795,790,790,790,790,795,795,795,790,790,790,795,795,795,790,795,795,790,790,800,790,795,790,790,790,790,790,790,795,795,790,795,790,790,785
62,22,22,23,22,22,22,21,22,23,22,23,22,23,23,23,23,22,23,23,22,22,21,22,23,22,23,23,24,23,23,22,22,22,22,23,23,23,23,22,22,24,23,23,22,22,23,22,22,23,22,23,22,22,22,22,22,21,23,23,22,23,22,22,21,47,47,47,47,47,47,47,47,47,47,47,47,47,47,47,47,47,47,47,47,47,47,47,47,47,47,47,47,47,47,47,47,47,47,47,47,47,47,47,47,47,47,47,47,47,47,47,47,47,47,47,47,47,47,47,47,47,47,47,47,47,47,47,47,790,790,795,790,790,790,785,790,795,790,795,790,795,795,795,795,790,795,795,790,790,785,790,795,790,795,795,800,795,795,790,790,790,790,795,795,795,795,790,790,800,795,795,790,790,795,790,790,795,790,795,790,790,790,790,790,785,795,795,790,795,790,790,785
62.5,22,22,22,22,22,23,21,22,23,22,23,22,23,23,23,23,22,23,23,22,21,21,22,23,22,23,23,24,23,23,22,23,22,21,23,23,23,23,22,22,24,23,23,22,23,23,22,22,23,22,23,22,22,22,22,22,21,23,23,22,23,22,22,21,47,47,47,47,47,47,47,47,47,47,47,47,47,47,47,47,47,47,47,47,47,47,47,47,47,47,47,47,47,47,47,47,47,47,47,47,47,47,47,47,47,47,47,47,47,47,47,47,47,47,47,47,47,47,47,47,47,47,47,47,47,47,47,47,790,790,790,790,790,795,785,790,795,790,795,790,795,795,795,795,790,795,795,790,785,785,790,795,790,795,795,800,795,795,790,795,790,785,795,795,795,795,790,790,800,795,795,790,795,795,790,790,795,790,795,790,790,790,790,790,785,795,795,790,795,790,790,785
63,22,22,22,22,21,23,22,22,23,22,23,22,23,22,23,23,22,23,23,22,21,21,22,23,22,23,23,23,23,22,22,22,21,21,23,23,23,23,22,22,23,23,23,22,23,23,22,23,23,22,23,22,22,22,22,22,22,23,23,21,23,22,22,21,47,47,47,47,47,47,47,47,47,47,47,47,47,47,47,47,47,47,47,47,47,47,47,47,47,47,47,47,47,47,47,47,47,47,47,47,47,47,47,47,47,47,47,47,47,47,47,47,47,47,47,47,47,47,47,47,47,47,47,47,47,47,47,47,790,790,790,790,785,795,790,790,795,790,795,790,795,790,795,795,790,795,795,790,785,785,790,795,790,795,795,795,795,790,790,790,785,785,795,795,795,795,790,790,795,795,795,790,795,795,790,795,795,790,795,790,790,790,790,790,790,795,795,785,795,790,790,785
63.5,21,22,22,22,21,23,22,22,23,22,22,22,23,22,23,23,22,23,23,22,21,21,22,23,22,23,23,23,23,22,22,22,21,21,23,23,23,22,23,22,23,23,23,22,23,23,22,23,22,22,23,22,22,21,22,22,22,23,23,21,23,23,22,21,47,47,47,47,47,47,47,47,47,47,47,47,47,47,47,47,47,47,47,47,47,47,47,47,47,47,47,47,47,47,47,47,47,47,47,47,47,47,47,47,47,47,47,47,47,47,47,47,47,47,47,47,47,47,47,47,47,47,47,47,47,47,47,47,785,790,790,790,785,795,790,790,795,790,790,790,795,790,795,795,790,795,795,790,785,785,790,795,790,795,795,795,795,790,790,790,785,785,795,795,795,790,795,790,795,795,795,790,795,795,790,795,790,790,795,790,790,785,790,790,790,795,795,785,795,795,790,785
64,21,23,22,22,22,23,22,21,23,22,22,21,24,22,22,22,22,23,23,22,22,22,22,23,22,23,23,23,23,22,22,23,22,21,23,23,23,22,23,22,23,23,22,22,23,23,22,23,22,22,23,22,22,22,22,22,22,23,23,22,23,23,22,22,47,47,47,47,47,47,47,47,47,47,47,47,47,47,47,47,47,47,47,47,47,47,47,47,47,47,47,47,47,47,47,47,47,47,47,47,47,47,47,47,47,47,47,47,47,47,47,47,47,47,47,47,47,47,47,47,47,47,47,47,47,47,47,47,785,795,790,790,790,795,790,785,795,790,790,785,800,790,790,790,790,795,795,790,790,790,790,795,790,795,795,795,795,790,790,795,790,785,795,795,795,790,795,790,795,795,790,790,795,795,790,795,790,790,795,790,790,790,790,790,790,795,795,790,795,795,790,790
64.5,21,23,22,22,22,23,22,21,23,22,22,21,24,22,22,22,22,23,23,21,22,22,22,23,22,23,22,23,23,22,22,23,22,22,23,23,23,22,23,22,23,23,22,22,23,23,22,23,22,22,22,22,22,22,22,22,22,23,23,22,23,23,22,22,47,47,47,47,47,47,47,47,47,47,47,47,47,47,47,47,47,47,47,47,47,47,47,47,47,47,47,47,47,47,47,47,47,47,47,47,47,47,47,47,47,47,47,47,47,47,47,47,47,47,47,47,47,47,47,47,47,47,47,47,47,47,47,47,785,795,790,790,790,795,790,785,795,790,790,785,800,790,790,790,790,795,795,785,790,790,790,795,790,795,790,795,795,790,790,795,790,790,795,795,795,790,795,790,795,795,790,790,795,795,790,795,790,790,790,790,790,790,790,790,790,795,795,790,795,795,790,790
65,22,23,22,22,22,23,21,21,23,21,22,21,23,22,22,22,22,23,24,21,22,22,21,22,21,23,22,23,23,22,22,23,22,22,23,23,22,22,23,22,23,23,22,22,23,23,23,23,22,22,22,21,22,22,22,22,22,22,23,22,22,23,21,22,47,47,47,47,47,47,47,47,47,47,47,47,47,47,47,47,47,47,47,47,47,47,47,47,47,47,47,47,47,47,47,47,47,47,47,47,47,47,47,47,47,47,47,47,47,47,47,47,47,47,47,47,47,47,47,47,47,47,47,47,47,47,47,47,790,795,790,790,790,795,785,785,795,785,790,785,795,790,790,790,790,795,800,785,790,790,785,790,785,795,790,795,795,790,790,795,790,790,795,795,790,790,795,790,795,795,790,790,795,795,795,795,790,790,790,785,790,790,790,790,790,790,795,790,790,795,785,790
65.5,22,23,22,22,22,23,21,21,23,21,22,22,23,21,22,22,22,23,24,21,22,22,22,22,22,23,22,23,23,21,22,23,22,22,23,23,22,22,22,22,23,23,22,22,23,23,23,23,22,22,22,22,22,22,22,22,22,22,23,22,22,23,21,22,47,47,47,47,47,47,47,47,47,47,47,47,47,47,47,47,47,47,47,47,47,47,47,47,47,47,47,47,47,47,47,47,47,47,47,47,47,47,47,47,47,47,47,47,47,47,47,47,47,47,47,47,47,47,47,47,47,47,47,47,47,47,47,47,790,795,790,790,790,795,785,785,795,785,790,790,795,785,790,790,790,795,800,785,790,790,790,790,790,795,790,795,795,785,790,795,790,790,795,795,790,790,790,790,795,795,790,790,795,795,795,795,790,790,790,790,790,790,790,790,790,790,795,790,790,795,785,790
66,22,24,21,22,22,23,22,22,23,22,21,22,23,22,22,22,22,23,23,21,22,22,22,22,22,23,22,23,23,21,22,23,22,22,23,22,22,23,22,22,23,23,22,22,23,23,23,23,22,22,22,22,22,23,22,22,22,22,23,22,22,23,22,23,47,47,47,47,47,47,47,47,47,47,47,47,47,47,47,47,47,47,47,47,47,47,47,47,47,47,47,47,47,47,47,47,47,47,47,47,47,47,47,47,47,47,47,47,47,47,47,47,47,47,47,47,47,47,47,47,47,47,47,47,47,47,47,47,790,800,785,790,790,795,790,790,795,790,785,790,795,790,790,790,790,795,795,785,790,790,790,790,790,795,790,795,795,785,790,795,790,790,795,790,790,795,790,790,795,795,790,790,795,795,795,795,790,790,790,790,790,795,790,790,790,790,795,790,790,795,790,795
66.5,22,23,22,22,22,23,22,22,23,22,21,22,23,22,22,22,22,23,23,22,23,22,22,22,22,23,22,23,23,22,22,23,22,22,23,22,22,23,22,22,23,23,22,21,23,23,23,23,21,21,22,22,22,22,22,22,22,22,23,22,22,23,22,23,47,47,47,47,47,47,47,47,47,47,47,47,47,47,47,47,47,47,47,47,47,47,47,47,47,47,47,47,47,47,47,47,47,47,47,47,47,47,47,47,47,47,47,47,47,47,47,47,47,47,47,47,47,47,47,47,47,47,47,47,47,47,47,47,790,795,790,790,790,795,790,790,795,790,785,790,795,790,790,790,790,795,795,790,795,790,790,790,790,795,790,795,795,790,790,795,790,790,795,790,790,795,790,790,795,795,790,785,795,795,795,795,785,785,790,790,790,790,790,790,790,790,795,790,790,795,790,795
67,22,23,22,22,22,22,22,22,23,22,21,22,23,22,22,23,22,23,23,22,23,23,22,22,22,23,22,23,22,22,22,23,22,22,23,22,22,23,22,22,23,23,22,22,23,23,23,22,22,22,22,22,22,22,22,22,22,21,23,22,22,23,23,22,47,47,47,47,47,47,47,47,47,47,47,47,47,47,47,47,47,47,47,47,47,47,47,47,47,47,47,47,47,47,47,47,47,47,47,47,47,47,47,47,47,47,47,47,47,47,47,47,47,47,47,47,47,47,47,47,47,47,47,47,47,47,47,47,790,795,790,790,790,790,790,790,795,790,785,790,795,790,790,795,790,795,795,790,795,795,790,790,790,795,790,795,790,790,790,795,790,790,795,790,790,795,790,790,795,795,790,790,795,795,795,790,790,790,790,790,790,790,790,790,790,785,795,790,790,795,795,790
67.5,22,23,22,22,22,22,22,22,23,22,22,22,22,22,22,23,21,23,23,22,23,23,22,22,22,23,22,23,22,22,22,23,21,22,22,22,22,23,22,22,23,23,23,22,23,23,23,22,22,22,23,22,22,21,22,23,22,21,23,22,22,23,23,22,47,47,47,47,47,47,47,47,47,47,47,47,47,47,47,47,47,47,47,47,47,47,47,47,47,47,47,47,47,47,47,47,47,47,47,47,47,47,47,47,47,47,47,47,47,47,47,47,47,47,47,47,47,47,47,47,47,47,47,47,47,47,47,47,790,795,790,790,790,790,790,790,795,790,790,790,790,790,790,795,785,795,795,790,795,795,790,790,790,795,790,795,790,790,790,795,785,790,790,790,790,795,790,790,795,795,795,790,795,795,795,790,790,790,795,790,790,785,790,795,790,785,795,790,790,795,795,790
68,21,23,22,22,22,23,23,23,23,23,22,22,22,22,22,23,22,23,23,22,23,23,22,21,21,23,22,23,22,22,22,23,21,21,22,22,21,23,22,23,23,23,23,21,23,23,24,22,22,22,23,22,22,21,22,23,22,22,23,22,21,23,23,22,47,47,47,47,47,47,47,47,47,47,47,47,47,47,47,47,47,47,47,47,47,47,47,47,47,47,47,47,47,47,47,47,47,47,47,47,47,47,47,47,47,47,47,47,47,47,47,47,47,47,47,47,47,47,47,47,47,47,47,47,47,47,47,47,785,795,790,790,790,795,795,795,795,795,790,790,790,790,790,795,790,795,795,790,795,795,790,785,785,795,790,795,790,790,790,795,785,785,790,790,785,795,790,795,795,795,795,785,795,795,800,790,790,790,795,790,790,785,790,795,790,790,795,790,785,795,795,790
68.5,21,23,22,22,22,23,23,23,23,23,22,22,22,22,22,23,22,23,23,22,23,23,22,21,21,23,22,22,22,22,22,23,21,22,22,22,21,23,22,23,23,23,23,21,23,23,23,22,22,22,23,22,22,21,22,23,22,22,23,22,21,23,23,22,47,47,47,47,47,47,47,47,47,47,47,47,47,47,47,47,47,47,47,47,47,47,47,47,47,47,47,47,47,47,47,47,47,47,47,47,47,47,47,47,47,47,47,47,47,47,47,47,47,47,47,47,47,47,47,47,47,47,47,47,47,47,47,47,785,795,790,790,790,795,795,795,795,795,790,790,790,790,790,795,790,795,795,790,795,795,790,785,785,795,790,790,790,790,790,795,785,790,790,790,785,795,790,795,795,795,795,785,795,795,795,790,790,790,795,790,790,785,790,795,790,790,795,790,785,795,795,790
69,22,23,22,22,22,23,23,23,23,23,22,23,22,22,22,23,22,23,23,22,22,23,21,21,22,23,22,23,22,22,22,23,22,22,22,23,21,23,22,22,23,23,23,22,23,23,23,22,22,22,23,22,22,22,22,22,23,22,23,22,22,23,23,22,47,47,47,47,47,47,47,47,47,47,47,47,47,47,47,47,47,47,47,47,47,47,47,47,47,47,47,47,47,47,47,47,47,47,47,47,47,47,47,47,47,47,47,47,47,47,47,47,47,47,47,47,47,47,47,47,47,47,47,47,47,47,47,47,790,795,790,790,790,795,795,795,795,795,790,795,790,790,790,795,790,795,795,790,790,795,785,785,790,795,790,795,790,790,790,795,790,790,790,795,785,795,790,790,795,795,795,790,795,795,795,790,790,790,795,790,790,790,790,790,795,790,795,790,790,795,795,790
69.5,22,23,22,22,22,23,22,23,23,23,22,23,22,22,22,23,22,23,23,22,22,23,21,21,22,23,22,22,22,21,22,23,22,22,22,23,22,23,22,22,23,23,23,22,23,23,23,22,22,22,23,22,22,22,22,22,23,22,23,22,22,22,23,22,47,47,47,47,47,47,47,47,47,47,47,47,47,47,47,47,47,47,47,47,47,47,47,47,47,47,47,47,47,47,47,47,47,47,47,47,47,47,47,47,47,47,47,47,47,47,47,47,47,47,47,47,47,47,47,47,47,47,47,47,47,47,47,47,790,795,790,790,790,795,790,795,795,795,790,795,790,790,790,795,790,795,795,790,790,795,785,785,790,795,790,790,790,785,790,795,790,790,790,795,790,795,790,790,795,795,795,790,795,795,795,790,790,790,795,790,790,790,790,790,795,790,795,790,790,790,795,790
70,22,23,21,22,22,23,22,24,23,22,22,22,22,22,22,23,22,23,23,22,22,23,22,22,22,22,22,22,23,21,22,23,22,22,22,23,22,23,22,23,23,23,23,22,23,23,22,22,22,22,23,22,23,22,22,22,23,22,22,23,22,22,23,22,47,47,47,47,47,47,47,47,47,47,47,47,47,47,47,47,47,47,47,47,47,47,47,47,47,47,47,47,47,47,47,47,47,47,47,47,47,47,47,47,47,47,47,47,47,47,47,47,47,47,47,47,47,47,47,47,47,47,47,47,47,47,47,47,790,795,785,790,790,795,790,800,795,790,790,790,790,790,790,795,790,795,795,790,790,795,790,790,790,790,790,790,795,785,790,795,790,790,790,795,790,795,790,795,795,795,795,790,795,795,790,790,790,790,795,790,795,790,790,790,795,790,790,795,790,790,795,790
70.5,22,23,22,22,22,23,22,24,23,22,22,22,21,22,22,23,22,23,23,22,22,23,22,22,22,22,22,21,23,21,22,23,22,22,22,23,22,23,22,23,23,22,23,23,23,23,22,23,22,23,23,22,23,22,22,22,23,22,22,23,22,22,22,23,47,47,47,47,47,47,47,47,47,47,47,47,47,47,47,47,47,47,47,47,47,47,47,47,47,47,47,47,47,47,47,47,47,47,47,47,47,47,47,47,47,47,47,47,47,47,47,47,47,47,47,47,47,47,47,47,47,47,47,47,47,47,47,47,790,795,790,790,790,795,790,800,795,790,790,790,785,790,790,795,790,795,795,790,790,795,790,790,790,790,790,785,795,785,790,795,790,790,790,795,790,795,790,795,795,790,795,795,795,795,790,795,790,795,795,790,795,790,790,790,795,790,790,795,790,790,790,795
71,22,23,22,21,22,23,22,23,23,23,22,22,22,22,22,23,23,23,23,22,23,23,22,22,22,23,22,22,23,22,22,23,23,23,22,23,22,23,22,23,23,22,23,23,23,23,22,22,22,23,23,22,23,22,23,22,23,22,22,23,22,22,22,23,47,47,47,47,47,47,47,47,47,47,47,47,47,47,47,47,47,47,47,47,47,47,47,47,47,47,47,47,47,47,47,47,47,47,47,47,47,47,47,47,47,47,47,47,47,47,47,47,47,47,47,47,47,47,47,47,47,47,47,47,47,47,47,47,790,795,790,785,790,795,790,795,795,795,790,790,790,790,790,795,795,795,795,790,795,795,790,790,790,795,790,790,795,790,790,795,795,795,790,795,790,795,790,795,795,790,795,795,795,795,790,790,790,795,795,790,795,790,795,790,795,790,790,795,790,790,790,795
71.5,23,23,22,21,22,23,22,23,22,23,22,21,22,22,22,23,23,23,23,22,23,22,22,22,22,23,22,22,23,22,22,23,23,23,23,23,22,23,22,22,23,22,23,23,23,23,22,23,22,23,23,22,23,23,23,23,23,22,22,23,22,22,22,23,47,47,47,47,47,47,47,47,47,47,47,47,47,47,47,47,47,47,47,47,47,47,47,47,47,47,47,47,47,47,47,47,47,47,47,47,47,47,47,47,47,47,47,47,47,47,47,47,47,47,47,47,47,47,47,47,47,47,47,47,47,47,47,47,795,795,790,785,790,795,790,795,790,795,790,785,790,790,790,795,795,795,795,790,795,790,790,790,790,795,790,790,795,790,790,795,795,795,795,795,790,795,790,790,795,790,795,795,795,795,790,795,790,795,795,790,795,795,795,795,795,790,790,795,790,790,790,795
72,23,23,22,21,22,23,22,23,22,23,22,21,22,22,22,23,23,23,23,22,23,23,22,22,22,23,22,22,23,22,22,22,23,23,23,23,22,23,22,23,22,22,22,23,23,23,22,23,22,23,23,22,23,23,23,22,22,22,22,22,23,22,23,23,47,47,47,47,47,47,47,47,47,47,47,47,47,47,47,47,47,47,47,47,47,47,47,47,47,47,47,47,47,47,47,47,47,47,47,47,47,47,47,47,47,47,47,47,47,47,47,47,47,47,47,47,47,47,47,47,47,47,47,47,47,47,47,47,795,795,790,785,790,795,790,795,790,795,790,785,790,790,790,795,795,795,795,790,795,795,790,790,790,795,790,790,795,790,790,790,795,795,795,795,790,795,790,795,790,790,790,795,795,795,790,795,790,795,795,790,795,795,795,790,790,790,790,790,795,790,795,795
72.5,23,23,22,21,22,23,23,23,22,23,22,21,22,22,22,23,23,23,23,22,23,22,22,22,22,23,22,22,23,22,22,22,23,23,23,23,22,23,22,23,22,22,22,23,23,23,22,23,22,23,23,22,23,23,23,22,23,22,22,22,23,23,23,23,47,47,47,47,47,47,47,47,47,47,47,47,47,47,47,47,47,47,47,47,47,47,47,47,47,47,47,47,47,47,47,47,47,47,47,47,47,47,47,47,47,47,47,47,47,47,47,47,47,47,47,47,47,47,47,47,47,47,47,47,47,47,47,47,795,795,790,785,790,795,795,795,790,795,790,785,790,790,790,795,795,795,795,790,795,790,790,790,790,795,790,790,795,790,790,790,795,795,795,795,790,795,790,795,790,790,790,795,795,795,790,795,790,795,795,790,795,795,795,790,795,790,790,790,795,795,795,795
73,22,23,22,22,22,23,22,23,22,23,22,21,22,23,22,23,22,23,23,22,23,22,21,22,21,23,22,21,23,22,22,22,22,22,23,23,22,23,22,22,22,22,22,22,23,23,22,23,22,23,23,22,22,23,23,22,23,22,22,22,23,23,22,23,47,47,47,47,47,47,47,47,47,47,47,47,47,47,47,47,47,47,47,47,47,47,47,47,47,47,47,47,47,47,47,47,47,47,47,47,47,47,47,47,47,47,47,47,47,47,47,47,47,47,47,47,47,47,47,47,47,47,47,47,47,47,47,47,790,795,790,790,790,795,790,795,790,795,790,785,790,795,790,795,790,795,795,790,795,790,785,790,785,795,790,785,795,790,790,790,790,790,795,795,790,795,790,790,790,790,790,790,795,795,790,795,790,795,795,790,790,795,795,790,795,790,790,790,795,795,790,795
73.5,22,23,22,22,22,23,23,23,22,22,22,22,22,23,22,23,22,22,23,22,23,22,22,22,21,23,22,22,23,22,22,22,22,22,23,23,22,23,22,23,22,21,22,22,23,23,22,23,22,23,22,22,22,22,24,22,23,22,22,22,23,23,22,23,47,47,47,47,47,47,47,47,47,47,47,47,47,47,47,47,47,47,47,47,47,47,47,47,47,47,47,47,47,47,47,47,47,47,47,47,47,47,47,47,47,47,47,47,47,47,47,47,47,47,47,47,47,47,47,47,47,47,47,47,47,47,47,47,790,795,790,790,790,795,795,795,790,790,790,790,790,795,790,795,790,790,795,790,795,790,790,790,785,795,790,790,795,790,790,790,790,790,795,795,790,795,790,795,790,785,790,790,795,795,790,795,790,795,790,790,790,790,800,790,795,790,790,790,795,795,790,795
74,22,23,22,22,22,23,23,22,22,22,22,22,22,23,22,23,23,23,23,22,23,23,22,22,22,23,22,22,23,22,22,22,22,22,23,23,22,23,22,22,22,21,22,22,23,22,22,23,23,23,22,22,23,22,23,22,23,22,22,22,22,23,23,23,47,47,47,47,47,47,47,47,47,47,47,47,47,47,47,47,47,47,47,47,47,47,47,47,47,47,47,47,47,47,47,47,47,47,47,47,47,47,47,47,47,47,47,47,47,47,47,47,47,47,47,47,47,47,47,47,47,47,47,47,47,47,47,47,790,795,790,790,790,795,795,790,790,790,790,790,790,795,790,795,795,795,795,790,795,795,790,790,790,795,790,790,795,790,790,790,790,790,795,795,790,795,790,790,790,785,790,790,795,790,790,795,795,795,790,790,795,790,795,790,795,790,790,790,790,795,795,795
74.5,22,23,22,22,21,23,23,22,22,22,22,22,22,23,22,23,23,23,23,22,22,23,22,22,22,23,22,22,23,22,22,22,22,22,23,23,22,23,22,23,22,22,22,22,22,22,22,23,23,23,22,22,23,22,23,22,22,22,22,21,22,23,22,23,47,47,47,47,47,47,47,47,47,47,47,47,47,47,47,47,47,47,47,47,47,47,47,47,47,47,47,47,47,47,47,47,47,47,47,47,47,47,47,47,47,47,47,47,47,47,47,47,47,47,47,47,47,47,47,47,47,47,47,47,47,47,47,47,790,795,790,790,785,795,795,790,790,790,790,790,790,795,790,795,795,795,795,790,790,795,790,790,790,795,790,790,795,790,790,790,790,790,795,795,790,795,790,795,790,790,790,790,790,790,790,795,795,795,790,790,795,790,795,790,790,790,790,785,790,795,790,795
75,22,23,22,22,22,23,24,22,21,22,22,22,22,23,22,23,23,23,23,22,23,23,22,22,22,23,23,22,23,22,22,22,23,22,23,23,22,23,22,23,23,22,23,21,22,22,22,23,23,22,22,22,22,23,23,22,22,22,22,21,22,23,22,23,47,47,47,47,47,47,47,47,47,47,47,47,47,47,47,47,47,47,47,47,47,47,47,47,47,47,47,47,47,47,47,47,47,47,47,47,47,47,47,47,47,47,47,47,47,47,47,47,47,47,47,47,47,47,47,47,47,47,47,47,47,47,47,47,790,795,790,790,790,795,800,790,785,790,790,790,790,795,790,795,795,795,795,790,795,795,790,790,790,795,795,790,795,790,790,790,795,790,795,795,790,795,790,795,795,790,795,785,790,790,790,795,795,790,790,790,790,795,795,790,790,790,790,785,790,795,790,795
75.5,22,23,22,22,22,23,23,22,22,22,22,22,22,22,22,23,23,23,23,22,23,23,22,22,23,23,23,22,23,22,21,22,23,22,23,23,22,22,22,23,23,22,23,21,22,22,22,23,23,22,22,22,22,23,23,22,22,22,22,21,22,23,22,22,47,47,47,47,47,47,47,47,47,47,47,47,47,47,47,47,47,47,47,47,47,47,47,47,47,47,47,47,47,47,47,47,47,47,47,47,47,47,47,47,47,47,47,47,47,47,47,47,47,47,47,47,47,47,47,47,47,47,47,47,47,47,47,47,790,795,790,790,790,795,795,790,790,790,790,790,790,790,790,795,795,795,795,790,795,795,790,790,795,795,795,790,795,790,785,790,795,790,795,795,790,790,790,795,795,790,795,785,790,790,790,795,795,790,790,790,790,795,795,790,790,790,790,785,790,795,790,790
76,23,23,22,22,22,22,23,21,22,21,22,21,22,22,22,23,23,23,23,22,23,23,22,22,23,22,23,21,23,22,22,23,23,23,22,23,22,22,22,23,23,22,23,21,22,22,22,23,23,22,22,23,23,23,22,22,23,22,22,22,22,23,22,22,47,47,47,47,47,47,47,47,47,47,47,47,47,47,47,47,47,47,47,47,47,47,47,47,47,47,47,47,47,47,47,47,47,47,47,47,47,47,47,47,47,47,47,47,47,47,47,47,47,47,47,47,47,47,47,47,47,47,47,47,47,47,47,47,795,795,790,790,790,790,795,785,790,785,790,785,790,790,790,795,795,795,795,790,795,795,790,790,795,790,795,785,795,790,790,795,795,795,790,795,790,790,790,795,795,790,795,785,790,790,790,795,795,790,790,795,795,795,790,790,795,790,790,790,790,795,790,790
76.5,23,23,22,22,22,22,23,21,22,21,22,21,22,22,22,22,23,23,23,22,23,23,22,22,23,22,23,22,23,22,22,23,23,23,22,23,22,22,22,23,23,22,23,22,21,22,21,23,22,22,22,23,23,23,22,22,23,22,22,22,21,23,22,22,47,47,47,47,47,47,47,47,47,47,47,47,47,47,47,47,47,47,47,47,47,47,47,47,47,47,47,47,47,47,47,47,47,47,47,47,47,47,47,47,47,47,47,47,47,47,47,47,47,47,47,47,47,47,47,47,47,47,47,47,47,47,47,47,795,795,790,790,790,790,795,785,790,785,790,785,790,790,790,790,795,795,795,790,795,795,790,790,795,790,795,790,795,790,790,795,795,795,790,795,790,790,790,795,795,790,795,790,785,790,785,795,790,790,790,795,795,795,790,790,795,790,790,790,785,795,790,790
77,23,23,22,22,22,22,22,21,22,21,23,22,22,22,22,22,23,23,23,22,23,23,21,22,23,22,23,22,23,23,22,23,23,23,22,23,21,22,22,23,23,22,23,22,22,21,22,23,22,22,23,23,22,22,22,22,23,22,22,22,22,23,23,22,47,47,47,47,47,47,47,47,47,47,47,47,47,47,47,47,47,47,47,47,47,47,47,47,47,47,47,47,47,47,47,47,47,47,47,47,47,47,47,47,47,47,47,47,47,47,47,47,47,47,47,47,47,47,47,47,47,47,47,47,47,47,47,47,795,795,790,790,790,790,790,785,790,785,795,790,790,790,790,790,795,795,795,790,795,795,785,790,795,790,795,790,795,795,790,795,795,795,790,795,785,790,790,795,795,790,795,790,790,785,790,795,790,790,795,795,790,790,790,790,795,790,790,790,790,795,795,790
77.5,23,23,22,22,23,22,22,21,22,22,23,22,23,22,22,22,23,23,23,22,23,23,21,22,23,22,23,22,22,23,22,23,23,23,22,23,22,22,22,23,23,22,23,22,22,21,22,23,22,22,22,23,22,22,22,22,23,22,22,22,22,22,23,22,47,47,47,47,47,47,47,47,47,47,47,47,47,47,47,47,47,47,47,47,47,47,47,47,47,47,47,47,47,47,47,47,47,47,47,47,47,47,47,47,47,47,47,47,47,47,47,47,47,47,47,47,47,47,47,47,47,47,47,47,47,47,47,47,795,795,790,790,795,790,790,785,790,790,795,790,795,790,790,790,795,795,795,790,795,795,785,790,795,790,795,790,790,795,790,795,795,795,790,795,790,790,790,795,795,790,795,790,790,785,790,795,790,790,790,795,790,790,790,790,795,790,790,790,790,790,795,790
78,23,23,21,22,23,22,23,21,22,22,23,22,23,22,21,22,23,22,23,22,23,23,22,22,23,23,23,22,22,23,22,23,23,24,22,23,22,23,22,22,23,22,23,22,22,21,22,23,22,21,22,23,22,22,22,22,23,22,21,22,22,22,22,22,47,47,47,47,47,47,47,47,47,47,47,47,47,47,47,47,47,47,47,47,47,47,47,47,47,47,47,47,47,47,47,47,47,47,47,47,47,47,47,47,47,47,47,47,47,47,47,47,47,47,47,47,47,47,47,47,47,47,47,47,47,47,47,47,795,795,785,790,795,790,795,785,790,790,795,790,795,790,785,790,795,790,795,790,795,795,790,790,795,795,795,790,790,795,790,795,795,800,790,795,790,795,790,790,795,790,795,790,790,785,790,795,790,785,790,795,790,790,790,790,795,790,785,790,790,790,790,790
78.5,23,23,21,23,23,22,22,22,22,22,23,22,23,23,21,22,23,22,23,22,23,23,22,22,23,23,23,22,22,23,23,23,23,23,22,23,22,23,22,22,23,22,23,22,22,21,22,23,22,21,22,23,22,22,22,22,23,23,21,22,22,22,22,23,47,47,47,47,47,47,47,47,47,47,47,47,47,47,47,47,47,47,47,47,47,47,47,47,47,47,47,47,47,47,47,47,47,47,47,47,47,47,47,47,47,47,47,47,47,47,47,47,47,47,47,47,47,47,47,47,47,47,47,47,47,47,47,47,795,795,785,795,795,790,790,790,790,790,795,790,795,795,785,790,795,790,795,790,795,795,790,790,795,795,795,790,790,795,795,795,795,795,790,795,790,795,790,790,795,790,795,790,790,785,790,795,790,785,790,795,790,790,790,790,795,795,785,790,790,790,790,795
79,23,23,22,23,23,23,22,22,22,22,23,22,23,23,22,22,23,22,23,22,23,23,22,22,23,23,23,22,22,23,22,23,23,23,21,23,22,22,22,22,23,22,23,22,22,22,22,23,23,21,22,24,22,22,22,23,22,23,22,21,22,22,22,23,47,47,47,47,47,47,47,47,47,47,47,47,47,47,47,47,47,47,47,47,47,47,47,47,47,47,47,47,47,47,47,47,47,47,47,47,47,47,47,47,47,47,47,47,47,47,47,47,47,47,47,47,47,47,47,47,47,47,47,47,47,47,47,47,795,795,790,795,795,795,790,790,790,790,795,790,795,795,790,790,795,790,795,790,795,795,790,790,795,795,795,790,790,795,790,795,795,795,785,795,790,790,790,790,795,790,795,790,790,790,790,795,795,785,790,800,790,790,790,795,790,795,790,785,790,790,790,795
79.5,23,23,22,23,23,23,22,22,22,23,23,22,23,24,22,23,23,22,23,22,23,23,22,22,23,23,23,22,22,23,22,23,23,22,21,23,23,22,22,22,23,22,23,22,22,22,22,23,23,21,22,23,21,22,21,23,22,23,22,22,22,22,22,22,47,47,47,47,47,47,47,47,47,47,47,47,47,47,47,47,47,47,47,47,47,47,47,47,47,47,47,47,47,47,47,47,47,47,47,47,47,47,47,47,47,47,47,47,47,47,47,47,47,47,47,47,47,47,47,47,47,47,47,47,47,47,47,47,795,795,790,795,795,795,790,790,790,795,795,790,795,800,790,795,795,790,795,790,795,795,790,790,795,795,795,790,790,795,790,795,795,790,785,795,795,790,790,790,795,790,795,790,790,790,790,795,795,785,790,795,785,790,785,795,790,795,790,790,790,790,790,790
80,23,23,22,23,23,22,22,21,22,23,23,22,22,23,22,23,23,22,22,23,23,23,23,23,23,23,22,22,22,22,23,23,22,23,21,23,23,22,22,22,23,22,23,22,21,22,22,23,23,22,22,23,21,21,21,23,22,23,22,22,22,21,22,22,47,47,47,47,47,47,47,47,47,47,47,47,47,47,47,47,47,47,47,47,47,47,47,47,47,47,47,47,47,47,47,47,47,47,47,47,47,47,47,47,47,47,47,47,47,47,47,47,47,47,47,47,47,47,47,47,47,47,47,47,47,47,47,47,795,795,790,795,795,790,790,785,790,795,795,790,790,795,790,795,795,790,790,795,795,795,795,795,795,795,790,790,790,790,795,795,790,795,785,795,795,790,790,790,795,790,795,790,785,790,790,795,795,790,790,795,785,785,785,795,790,795,790,790,790,785,790,790
80.5,22,23,23,23,23,22,22,21,22,23,22,22,22,23,22,23,22,22,22,23,22,23,23,23,23,23,22,22,22,22,23,23,22,23,22,23,23,22,22,22,23,22,23,22,21,22,23,23,23,22,22,22,21,21,21,23,22,23,22,22,21,21,23,22,47,47,47,47,47,47,47,47,47,47,47,47,47,47,47,47,47,47,47,47,47,47,47,47,47,47,47,47,47,47,47,47,47,47,47,47,47,47,47,47,47,47,47,47,47,47,47,47,47,47,47,47,47,47,47,47,47,47,47,47,47,47,47,47,790,795,795,795,795,790,790,785,790,795,790,790,790,795,790,795,790,790,790,795,790,795,795,795,795,795,790,790,790,790,795,795,790,795,790,795,795,790,790,790,795,790,795,790,785,790,795,795,795,790,790,790,785,785,785,795,790,795,790,790,785,785,795,790
81,22,22,23,23,23,22,22,21,22,23,22,21,22,23,22,23,22,21,22,23,22,23,22,23,23,23,22,22,22,21,22,24,22,22,22,23,23,23,22,22,23,22,23,22,22,22,23,23,24,22,21,22,22,22,22,22,22,22,22,22,22,21,23,22,47,47,47,47,47,47,47,47,47,47,47,47,47,47,47,47,47,47,47,47,47,47,47,47,47,47,47,47,47,47,47,47,47,47,47,47,47,47,47,47,47,47,47,47,47,47,47,47,47,47,47,47,47,47,47,47,47,47,47,47,47,47,47,47,790,790,795,795,795,790,790,785,790,795,790,785,790,795,790,795,790,785,790,795,790,795,790,795,795,795,790,790,790,785,790,800,790,790,790,795,795,795,790,790,795,790,795,790,790,790,795,795,800,790,785,790,790,790,790,790,790,790,790,790,790,785,795,790
81.5,22,22,23,23,23,22,22,21,22,23,22,21,22,23,22,23,22,21,22,23,22,23,22,23,23,23,22,22,21,21,22,24,22,22,22,23,22,23,22,22,23,22,23,22,22,21,23,23,23,22,21,22,22,22,22,22,22,22,22,22,22,22,23,22,47,47,47,47,47,47,47,47,47,47,47,47,47,47,47,47,47,47,47,47,47,47,47,47,47,47,47,47,47,47,47,47,47,47,47,47,47,47,47,47,47,47,47,47,47,47,47,47,47,47,47,47,47,47,47,47,47,47,47,47,47,47,47,47,790,790,795,795,795,790,790,785,790,795,790,785,790,795,790,795,790,785,790,795,790,795,790,795,795,795,790,790,785,785,790,800,790,790,790,795,790,795,790,790,795,790,795,790,790,785,795,795,795,790,785,790,790,790,790,790,790,790,790,790,790,790,795,790
82,22,22,23,23,23,23,22,22,22,22,21,22,22,23,23,23,22,22,22,23,21,23,23,23,23,23,22,22,21,21,22,23,22,22,22,22,22,23,22,21,23,22,23,22,22,22,23,23,23,23,22,22,22,22,22,22,22,22,22,22,22,22,23,22,47,47,47,47,47,47,47,47,47,47,47,47,47,47,47,47,47,47,47,47,47,47,47,47,47,47,47,47,47,47,47,47,47,47,47,47,47,47,47,47,47,47,47,47,47,47,47,47,47,47,47,47,47,47,47,47,47,47,47,47,47,47,47,47,790,790,795,795,795,795,790,790,790,790,785,790,790,795,795,795,790,790,790,795,785,795,795,795,795,795,790,790,785,785,790,795,790,790,790,790,790,795,790,785,795,790,795,790,790,790,795,795,795,795,790,790,790,790,790,790,790,790,790,790,790,790,795,790
82.5,22,22,23,23,23,23,22,22,22,22,21,22,22,23,23,23,21,22,22,22,21,22,22,22,23,23,22,22,21,22,22,23,21,22,22,22,22,23,22,22,23,22,23,22,22,22,23,23,23,23,22,22,22,22,22,22,23,22,22,23,22,22,23,22,47,47,47,47,47,47,47,47,47,47,47,47,47,47,47,47,47,47,47,47,47,47,47,47,47,47,47,47,47,47,47,47,47,47,47,47,47,47,47,47,47,47,47,47,47,47,47,47,47,47,47,47,47,47,47,47,47,47,47,47,47,47,47,47,790,790,795,795,795,795,790,790,790,790,785,790,790,795,795,795,785,790,790,790,785,790,790,790,795,795,790,790,785,790,790,795,785,790,790,790,790,795,790,790,795,790,795,790,790,790,795,795,795,795,790,790,790,790,790,790,795,790,790,795,790,790,795,790
83,22,22,23,23,23,22,22,22,22,22,22,22,22,22,22,23,21,22,21,22,21,23,22,22,23,23,22,22,22,22,22,23,21,21,22,22,22,22,22,22,23,22,23,23,22,22,23,23,23,23,22,22,23,22,23,22,23,22,22,23,22,22,23,21,47,47,47,47,47,47,47,47,47,47,47,47,47,47,47,47,47,47,47,47,47,47,47,47,47,47,47,47,47,47,47,47,47,47,47,47,47,47,47,47,47,47,47,47,47,47,47,47,47,47,47,47,47,47,47,47,47,47,47,47,47,47,47,47,790,790,795,795,795,790,790,790,790,790,790,790,790,790,790,795,785,790,785,790,785,795,790,790,795,795,790,790,790,790,790,795,785,785,790,790,790,790,790,790,795,790,795,795,790,790,795,795,795,795,790,790,795,790,795,790,795,790,790,795,790,790,795,785
83.5,22,23,23,23,23,23,22,22,22,22,22,22,22,22,22,23,21,22,21,22,21,23,22,22,23,23,22,22,22,22,23,23,21,21,22,22,21,22,23,22,23,22,23,23,22,22,23,22,23,23,22,23,23,22,23,21,23,21,22,23,22,22,23,22,47,47,47,47,47,47,47,47,47,47,47,47,47,47,47,47,47,47,47,47,47,47,47,47,47,47,47,47,47,47,47,47,47,47,47,47,47,47,47,47,47,47,47,47,47,47,47,47,47,47,47,47,47,47,47,47,47,47,47,47,47,47,47,47,790,795,795,795,795,795,790,790,790,790,790,790,790,790,790,795,785,790,785,790,785,795,790,790,795,795,790,790,790,790,795,795,785,785,790,790,785,790,795,790,795,790,795,795,790,790,795,790,795,795,790,795,795,790,795,785,795,785,790,795,790,790,795,790
84,21,23,23,23,22,23,21,23,22,22,22,22,22,22,22,22,22,22,22,22,22,23,23,21,23,23,23,22,22,22,22,23,21,22,22,22,21,22,23,22,22,22,23,23,22,22,23,23,22,22,22,23,23,23,23,21,23,22,23,23,22,22,23,22,47,47,47,47,47,47,47,47,47,47,47,47,47,47,47,47,47,47,47,47,47,47,47,47,47,47,47,47,47,47,47,47,47,47,47,47,47,47,47,47,47,47,47,47,47,47,47,47,47,47,47,47,47,47,47,47,47,47,47,47,47,47,47,47,785,795,795,795,790,795,785,795,790,790,790,790,790,790,790,790,790,790,790,790,790,795,795,785,795,795,795,790,790,790,790,795,785,790,790,790,785,790,795,790,790,790,795,795,790,790,795,795,790,790,790,795,795,795,795,785,795,790,795,795,790,790,795,790
84.5,22,23,23,23,22,23,21,23,22,22,22,22,22,22,22,22,22,22,22,22,22,23,23,21,23,23,23,22,23,22,22,23,22,22,22,23,21,22,23,22,22,22,22,23,22,22,23,22,22,22,22,23,23,23,23,21,23,22,23,23,22,23,23,22,47,47,47,47,47,47,47,47,47,47,47,47,47,47,47,47,47,47,47,47,47,47,47,47,47,47,47,47,47,47,47,47,47,47,47,47,47,47,47,47,47,47,47,47,47,47,47,47,47,47,47,47,47,47,47,47,47,47,47,47,47,47,47,47,790,795,795,795,790,795,785,795,790,790,790,790,790,790,790,790,790,790,790,790,790,795,795,785,795,795,795,790,795,790,790,795,790,790,790,795,785,790,795,790,790,790,790,795,790,790,795,790,790,790,790,795,795,795,795,785,795,790,795,795,790,795,795,790
85,22,23,23,23,23,23,21,23,22,22,22,22,23,22,22,22,21,22,22,23,22,23,23,22,22,23,22,22,23,22,22,23,22,22,22,22,22,22,23,23,22,21,22,23,22,22,23,22,22,23,22,23,23,23,22,22,23,22,22,24,21,23,23,22,47,47,47,47,47,47,47,47,47,47,47,47,47,47,47,47,47,47,47,47,47,47,47,47,47,47,47,47,47,47,47,47,47,47,47,47,47,47,47,47,47,47,47,47,47,47,47,47,47,47,47,47,47,47,47,47,47,47,47,47,47,47,47,47,790,795,795,795,795,795,785,795,790,790,790,790,795,790,790,790,785,790,790,795,790,795,795,790,790,795,790,790,795,790,790,795,790,790,790,790,790,790,795,795,790,785,790,795,790,790,795,790,790,795,790,795,795,795,790,790,795,790,790,800,785,795,795,790
85.5,22,23,23,23,23,23,22,23,22,22,22,22,23,22,22,22,22,22,22,23,22,23,23,22,22,23,22,22,23,22,22,23,22,22,22,23,22,22,23,23,22,21,22,23,22,22,23,22,22,23,22,22,23,24,22,22,23,22,22,24,22,23,22,22,47,47,47,47,47,47,47,47,47,47,47,47,47,47,47,47,47,47,47,47,47,47,47,47,47,47,47,47,47,47,47,47,47,47,47,47,47,47,47,47,47,47,47,47,47,47,47,47,47,47,47,47,47,47,47,47,47,47,47,47,47,47,47,47,790,795,795,795,795,795,790,795,790,790,790,790,795,790,790,790,790,790,790,795,790,795,795,790,790,795,790,790,795,790,790,795,790,790,790,795,790,790,795,795,790,785,790,795,790,790,795,790,790,795,790,790,795,800,790,790,795,790,790,800,790,795,790,790
86,22,24,22,23,23,23,22,23,22,22,22,22,22,21,23,22,22,22,22,23,23,23,22,22,22,23,22,22,23,22,22,23,22,22,22,23,22,21,23,23,22,22,22,23,22,22,23,22,22,23,22,22,23,23,22,22,23,22,22,23,22,23,22,23,47,47,47,47,47,47,47,47,47,47,47,47,47,47,47,47,47,47,47,47,47,47,47,47,47,47,47,47,47,47,47,47,47,47,47,47,47,47,47,47,47,47,47,47,47,47,47,47,47,47,47,47,47,47,47,47,47,47,47,47,47,47,47,47,790,800,790,795,795,795,790,795,790,790,790,790,790,785,795,790,790,790,790,795,795,795,790,790,790,795,790,790,795,790,790,795,790,790,790,795,790,785,795,795,790,790,790,795,790,790,795,790,790,795,790,790,795,795,790,790,795,790,790,795,790,795,790,795
86.5,22,24,22,23,23,23,22,23,22,22,22,22,22,21,23,22,22,22,22,22,23,23,22,22,22,23,22,22,23,22,22,23,22,23,23,23,22,21,23,23,22,22,22,23,22,22,23,22,22,23,22,22,23,23,22,23,23,23,22,23,22,24,22,23,47,47,47,47,47,47,47,47,47,47,47,47,47,47,47,47,47,47,47,47,47,47,47,47,47,47,47,47,47,47,47,47,47,47,47,47,47,47,47,47,47,47,47,47,47,47,47,47,47,47,47,47,47,47,47,47,47,47,47,47,47,47,47,47,790,800,790,795,795,795,790,795,790,790,790,790,790,785,795,790,790,790,790,790,795,795,790,790,790,795,790,790,795,790,790,795,790,795,795,795,790,785,795,795,790,790,790,795,790,790,795,790,790,795,790,790,795,795,790,795,795,795,790,795,790,800,790,795
87,22,23,22,23,23,23,22,23,22,22,22,22,23,22,22,21,22,22,21,22,23,22,22,22,22,23,22,22,23,22,23,23,22,23,23,23,22,22,23,23,22,22,23,23,22,22,23,21,23,23,22,22,23,23,22,22,22,23,22,23,22,24,22,23,47,47,47,47,47,47,47,47,47,47,47,47,47,47,47,47,47,47,47,47,47,47,47,47,47,47,47,47,47,47,47,47,47,47,47,47,47,47,47,47,47,47,47,47,47,47,47,47,47,47,47,47,47,47,47,47,47,47,47,47,47,47,47,47,790,795,790,795,795,795,790,795,790,790,790,790,795,790,790,785,790,790,785,790,795,790,790,790,790,795,790,790,795,790,795,795,790,795,795,795,790,790,795,795,790,790,795,795,790,790,795,785,795,795,790,790,795,795,790,790,790,795,790,795,790,800,790,795
87.5,23,23,22,23,23,23,22,23,22,22,22,23,22,22,22,21,23,22,21,22,23,22,23,22,22,22,22,23,22,22,23,23,23,23,23,23,22,22,23,23,22,22,23,23,22,22,23,21,23,23,22,23,23,23,22,22,22,23,22,23,22,23,21,23,47,47,47,47,47,47,47,47,47,47,47,47,47,47,47,47,47,47,47,47,47,47,47,47,47,47,47,47,47,47,47,47,47,47,47,47,47,47,47,47,47,47,47,47,47,47,47,47,47,47,47,47,47,47,47,47,47,47,47,47,47,47,47,47,795,795,790,795,795,795,790,795,790,790,790,795,790,790,790,785,795,790,785,790,795,790,795,790,790,790,790,795,790,790,795,795,795,795,795,795,790,790,795,795,790,790,795,795,790,790,795,785,795,795,790,795,795,795,790,790,790,795,790,795,790,795,785,795
88,23,23,21,23,23,23,22,23,22,22,22,23,22,22,22,21,23,22,21,23,23,22,22,22,22,22,22,23,22,22,23,23,23,23,23,23,22,22,23,24,23,22,23,23,22,22,23,21,22,23,22,22,23,23,23,23,22,23,22,23,22,23,21,23,47,47,47,47,47,47,47,47,47,47,47,47,47,47,47,47,47,47,47,47,47,47,47,47,47,47,47,47,47,47,47,47,47,47,47,47,47,47,47,47,47,47,47,47,47,47,47,47,47,47,47,47,47,47,47,47,47,47,47,47,47,47,47,47,795,795,785,795,795,795,790,795,790,790,790,795,790,790,790,785,795,790,785,795,795,790,790,790,790,790,790,795,790,790,795,795,795,795,795,795,790,790,795,800,795,790,795,795,790,790,795,785,790,795,790,790,795,795,795,795,790,795,790,795,790,795,785,795
88.5,23,22,21,23,23,23,22,23,22,22,22,23,22,22,22,21,23,22,22,23,23,22,22,21,21,22,22,23,22,22,23,23,23,23,23,23,22,22,23,24,23,22,22,23,22,22,23,22,22,22,22,22,23,23,23,23,22,23,22,23,22,23,21,22,47,47,47,47,47,47,47,47,47,47,47,47,47,47,47,47,47,47,47,47,47,47,47,47,47,47,47,47,47,47,47,47,47,47,47,47,47,47,47,47,47,47,47,47,47,47,47,47,47,47,47,47,47,47,47,47,47,47,47,47,47,47,47,47,795,790,785,795,795,795,790,795,790,790,790,795,790,790,790,785,795,790,790,795,795,790,790,785,785,790,790,795,790,790,795,795,795,795,795,795,790,790,795,800,795,790,790,795,790,790,795,790,790,790,790,790,795,795,795,795,790,795,790,795,790,795,785,790
89,23,22,22,23,23,23,22,23,22,22,22,23,23,23,22,22,23,22,22,23,23,22,23,21,22,22,22,23,23,23,23,23,24,23,23,23,22,22,23,23,22,22,22,23,23,23,23,22,22,22,21,22,23,23,22,22,21,23,23,23,22,23,21,23,47,47,47,47,47,47,47,47,47,47,47,47,47,47,47,47,47,47,47,47,47,47,47,47,47,47,47,47,47,47,47,47,47,47,47,47,47,47,47,47,47,47,47,47,47,47,47,47,47,47,47,47,47,47,47,47,47,47,47,47,47,47,47,47,795,790,790,795,795,795,790,795,790,790,790,795,795,795,790,790,795,790,790,795,795,790,795,785,790,790,790,795,795,795,795,795,800,795,795,795,790,790,795,795,790,790,790,795,795,795,795,790,790,790,785,790,795,795,790,790,785,795,795,795,790,795,785,795
89.5,23,22,21,23,23,23,22,23,22,22,22,23,23,23,22,22,23,22,22,23,23,22,23,22,22,22,22,24,23,23,23,23,24,23,23,22,22,23,23,23,22,22,22,23,23,23,23,22,22,22,22,22,23,23,22,22,21,23,23,23,22,22,21,23,47,47,47,47,47,47,47,47,47,47,47,47,47,47,47,47,47,47,47,47,47,47,47,47,47,47,47,47,47,47,47,47,47,47,47,47,47,47,47,47,47,47,47,47,47,47,47,47,47,47,47,47,47,47,47,47,47,47,47,47,47,47,47,47,795,790,785,795,795,795,790,795,790,790,790,795,795,795,790,790,795,790,790,795,795,790,795,790,790,790,790,800,795,795,795,795,800,795,795,790,790,795,795,795,790,790,790,795,795,795,795,790,790,790,790,790,795,795,790,790,785,795,795,795,790,790,785,795
90,23,22,21,23,23,23,22,23,23,22,22,22,22,23,22,23,23,21,22,23,23,22,23,22,22,23,22,23,23,23,23,23,23,23,23,22,22,23,23,23,22,22,22,23,23,23,23,22,21,22,22,22,23,23,22,22,21,23,22,23,22,22,22,23,47,47,47,47,47,47,47,47,47,47,47,47,47,47,47,47,47,47,47,47,47,47,47,47,47,47,47,47,47,47,47,47,47,47,47,47,47,47,47,47,47,47,47,47,47,47,47,47,47,47,47,47,47,47,47,47,47,47,47,47,47,47,47,47,795,790,785,795,795,795,790,795,795,790,790,790,790,795,790,795,795,785,790,795,795,790,795,790,790,795,790,795,795,795,795,795,795,795,795,790,790,795,795,795,790,790,790,795,795,795,795,790,785,790,790,790,795,795,790,790,785,795,790,795,790,790,790,795
90.5,23,22,22,23,22,23,22,23,23,22,22,22,22,23,23,23,23,22,22,23,23,21,23,22,22,23,22,23,23,23,23,23,23,23,23,22,22,23,23,23,22,22,22,23,23,23,23,22,21,21,22,22,23,23,22,22,22,23,22,23,22,22,22,23,47,47,47,47,47,47,47,47,47,47,47,47,47,47,47,47,47,47,47,47,47,47,47,47,47,47,47,47,47,47,47,47,47,47,47,47,47,47,47,47,47,47,47,47,47,47,47,47,47,47,47,47,47,47,47,47,47,47,47,47,47,47,47,47,795,790,790,795,790,795,790,795,795,790,790,790,790,795,795,795,795,790,790,795,795,785,795,790,790,795,790,795,795,795,795,795,795,795,795,790,790,795,795,795,790,790,790,795,795,795,795,790,785,785,790,790,795,795,790,790,790,795,790,795,790,790,790,795
91,23,21,22,23,22,22,22,23,23,22,23,22,23,23,23,23,23,22,22,24,22,22,24,22,22,23,22,23,22,23,23,23,23,23,23,22,23,24,23,23,23,22,22,23,23,23,22,21,21,21,22,22,23,23,22,23,22,23,22,23,22,22,22,23,47,47,47,47,47,47,47,47,47,47,47,47,47,47,47,47,47,47,47,47,47,47,47,47,47,47,47,47,47,47,47,47,47,47,47,47,47,47,47,47,47,47,47,47,47,47,47,47,47,47,47,47,47,47,47,47,47,47,47,47,47,47,47,47,795,785,790,795,790,790,790,795,795,790,795,790,795,795,795,795,795,790,790,800,790,790,800,790,790,795,790,795,790,795,795,795,795,795,795,790,795,800,795,795,795,790,790,795,795,795,790,785,785,785,790,790,795,795,790,795,790,795,790,795,790,790,790,795
91.5,23,21,22,23,22,22,22,23,23,23,23,22,22,23,23,23,23,22,22,24,22,22,23,22,22,23,22,23,22,23,23,23,23,23,23,22,23,24,23,23,23,22,22,23,23,23,22,21,21,22,22,23,23,23,22,23,22,22,22,23,22,22,23,22,47,47,47,47,47,47,47,47,47,47,47,47,47,47,47,47,47,47,47,47,47,47,47,47,47,47,47,47,47,47,47,47,47,47,47,47,47,47,47,47,47,47,47,47,47,47,47,47,47,47,47,47,47,47,47,47,47,47,47,47,47,47,47,47,795,785,790,795,790,790,790,795,795,795,795,790,790,795,795,795,795,790,790,800,790,790,795,790,790,795,790,795,790,795,795,795,795,795,795,790,795,800,795,795,795,790,790,795,795,795,790,785,785,790,790,795,795,795,790,795,790,790,790,795,790,790,795,790
92,23,21,22,23,22,22,22,23,23,23,23,23,22,24,23,23,23,22,22,23,22,22,23,23,22,23,22,23,22,23,23,23,22,23,23,22,23,23,23,23,23,22,23,22,23,23,22,22,22,22,22,23,22,23,21,23,22,22,22,23,23,22,23,22,47,47,47,47,47,47,47,47,47,47,47,47,47,47,47,47,47,47,47,47,47,47,47,47,47,47,47,47,47,47,47,47,47,47,47,47,47,47,47,47,47,47,47,47,47,47,47,47,47,47,47,47,47,47,47,47,47,47,47,47,47,47,47,47,795,785,790,795,790,790,790,795,795,795,795,795,790,800,795,795,795,790,790,795,790,790,795,795,790,795,790,795,790,795,795,795,790,795,795,790,795,795,795,795,795,790,795,790,795,795,790,790,790,790,790,795,790,795,785,795,790,790,790,795,795,790,795,790
92.5,23,21,22,22,22,22,22,23,23,23,23,23,22,24,23,23,23,22,22,23,22,22,23,23,22,23,22,23,22,23,23,23,22,23,23,23,23,23,23,23,23,22,23,23,23,23,22,22,22,22,22,23,22,23,21,23,23,22,22,23,23,22,23,22,47,47,47,47,47,47,47,47,47,47,47,47,47,47,47,47,47,47,47,47,47,47,47,47,47,47,47,47,47,47,47,47,47,47,47,47,47,47,47,47,47,47,47,47,47,47,47,47,47,47,47,47,47,47,47,47,47,47,47,47,47,47,47,47,795,785,790,790,790,790,790,795,795,795,795,795,790,800,795,795,795,790,790,795,790,790,795,795,790,795,790,795,790,795,795,795,790,795,795,795,795,795,795,795,795,790,795,795,795,795,790,790,790,790,790,795,790,795,785,795,795,790,790,795,795,790,795,790
93,23,21,22,22,22,22,22,23,23,23,23,23,22,23,23,22,23,23,22,22,22,22,23,22,22,23,22,23,22,23,23,22,23,23,23,22,23,23,22,23,23,22,23,23,23,23,22,22,22,23,22,22,23,23,22,23,23,22,22,23,23,21,22,22,47,47,47,47,47,47,47,47,47,47,47,47,47,47,47,47,47,47,47,47,47,47,47,47,47,47,47,47,47,47,47,47,47,47,47,47,47,47,47,47,47,47,47,47,47,47,47,47,47,47,47,47,47,47,47,47,47,47,47,47,47,47,47,47,795,785,790,790,790,790,790,795,795,795,795,795,790,795,795,790,795,795,790,790,790,790,795,790,790,795,790,795,790,795,795,790,795,795,795,790,795,795,790,795,795,790,795,795,795,795,790,790,790,795,790,790,795,795,790,795,795,790,790,795,795,785,790,790
93.5,23,22,22,22,22,22,22,23,23,23,23,22,22,23,23,22,23,23,22,22,22,22,23,22,22,23,22,23,22,23,23,22,23,23,23,23,23,22,22,23,24,23,23,23,23,22,23,22,22,23,22,22,23,23,22,23,23,22,22,23,22,21,22,22,47,47,47,47,47,47,47,47,47,47,47,47,47,47,47,47,47,47,47,47,47,47,47,47,47,47,47,47,47,47,47,47,47,47,47,47,47,47,47,47,47,47,47,47,47,47,47,47,47,47,47,47,47,47,47,47,47,47,47,47,47,47,47,47,795,790,790,790,790,790,790,795,795,795,795,790,790,795,795,790,795,795,790,790,790,790,795,790,790,795,790,795,790,795,795,790,795,795,795,795,795,790,790,795,800,795,795,795,795,790,795,790,790,795,790,790,795,795,790,795,795,790,790,795,790,785,790,790
94,23,22,21,22,21,22,22,22,23,24,23,22,22,23,23,22,23,23,23,23,23,22,23,22,22,23,22,23,22,23,23,22,23,23,23,23,22,23,22,23,24,23,23,23,23,23,23,22,22,23,22,22,23,23,22,23,23,22,22,23,22,22,23,22,47,47,47,47,47,47,47,47,47,47,47,47,47,47,47,47,47,47,47,47,47,47,47,47,47,47,47,47,47,47,47,47,47,47,47,47,47,47,47,47,47,47,47,47,47,47,47,47,47,47,47,47,47,47,47,47,47,47,47,47,47,47,47,47,795,790,785,790,785,790,790,790,795,800,795,790,790,795,795,790,795,795,795,795,795,790,795,790,790,795,790,795,790,795,795,790,795,795,795,795,790,795,790,795,800,795,795,795,795,795,795,790,790,795,790,790,795,795,790,795,795,790,790,795,790,790,795,790
94.5,23,22,22,22,21,21,22,22,22,24,23,22,22,23,23,22,23,23,23,23,23,22,23,22,22,23,22,23,22,22,23,22,23,23,23,23,22,23,22,23,23,23,23,23,23,23,23,23,22,23,22,22,23,23,22,23,23,23,22,23,22,22,22,22,47,47,47,47,47,47,47,47,47,47,47,47,47,47,47,47,47,47,47,47,47,47,47,47,47,47,47,47,47,47,47,47,47,47,47,47,47,47,47,47,47,47,47,47,47,47,47,47,47,47,47,47,47,47,47,47,47,47,47,47,47,47,47,47,795,790,790,790,785,785,790,790,790,800,795,790,790,795,795,790,795,795,795,795,795,790,795,790,790,795,790,795,790,790,795,790,795,795,795,795,790,795,790,795,795,795,795,795,795,795,795,795,790,795,790,790,795,795,790,795,795,795,790,795,790,790,790,790
95,23,22,22,21,21,21,22,22,23,23,22,22,22,23,23,22,23,23,23,23,23,22,23,22,22,23,23,23,22,22,23,21,23,23,23,23,22,23,22,23,23,23,23,23,23,23,24,23,22,23,22,22,23,23,22,23,23,22,22,23,22,22,22,23,47,47,47,47,47,47,47,47,47,47,47,47,47,47,47,47,47,47,47,47,47,47,47,47,47,47,47,47,47,47,47,47,47,47,47,47,47,47,47,47,47,47,47,47,47,47,47,47,47,47,47,47,47,47,47,47,47,47,47,47,47,47,47,47,795,790,790,785,785,785,790,790,795,795,790,790,790,795,795,790,795,795,795,795,795,790,795,790,790,795,795,795,790,790,795,785,795,795,795,795,790,795,790,795,795,795,795,795,795,795,800,795,790,795,790,790,795,795,790,795,795,790,790,795,790,790,790,795
95.5,23,21,22,21,21,21,22,22,23,23,22,22,22,23,23,23,23,23,23,23,23,22,23,22,23,22,23,23,22,22,23,21,23,23,23,23,22,22,22,23,23,23,23,23,23,23,24,23,22,23,22,21,23,23,23,22,22,22,22,23,22,22,22,23,47,47,47,47,47,47,47,47,47,47,47,47,47,47,47,47,47,47,47,47,47,47,47,47,47,47,47,47,47,47,47,47,47,47,47,47,47,47,47,47,47,47,47,47,47,47,47,47,47,47,47,47,47,47,47,47,47,47,47,47,47,47,47,47,795,785,790,785,785,785,790,790,795,795,790,790,790,795,795,795,795,795,795,795,795,790,795,790,795,790,795,795,790,790,795,785,795,795,795,795,790,790,790,795,795,795,795,795,795,795,800,795,790,795,790,785,795,795,795,790,790,790,790,795,790,790,790,795
96,23,22,22,21,22,22,22,22,23,23,22,22,22,23,23,23,23,23,23,23,23,22,23,21,22,22,23,23,22,22,23,22,22,23,22,23,21,22,23,23,23,23,23,23,23,23,23,23,22,23,22,21,23,23,23,22,22,23,23,23,22,22,22,23,47,47,47,47,47,47,47,47,47,47,47,47,47,47,47,47,47,47,47,47,47,47,47,47,47,47,47,47,47,47,47,47,47,47,47,47,47,47,47,47,47,47,47,47,47,47,47,47,47,47,47,47,47,47,47,47,47,47,47,47,47,47,47,47,795,790,790,785,790,790,790,790,795,795,790,790,790,795,795,795,795,795,795,795,795,790,795,785,790,790,795,795,790,790,795,790,790,795,790,795,785,790,795,795,795,795,795,795,795,795,795,795,790,795,790,785,795,795,795,790,790,795,795,795,790,790,790,795
96.5,23,22,22,21,22,22,21,23,23,23,22,22,22,23,23,23,23,23,23,23,23,22,23,21,22,22,23,23,22,22,23,22,22,23,22,23,21,22,22,23,23,23,22,22,23,23,23,23,22,23,22,21,22,22,23,22,23,23,23,23,22,22,23,23,47,47,47,47,47,47,47,47,47,47,47,47,47,47,47,47,47,47,47,47,47,47,47,47,47,47,47,47,47,47,47,47,47,47,47,47,47,47,47,47,47,47,47,47,47,47,47,47,47,47,47,47,47,47,47,47,47,47,47,47,47,47,47,47,795,790,790,785,790,790,785,795,795,795,790,790,790,795,795,795,795,795,795,795,795,790,795,785,790,790,795,795,790,790,795,790,790,795,790,795,785,790,790,795,795,795,790,790,795,795,795,795,790,795,790,785,790,790,795,790,795,795,795,795,790,790,795,795
97,23,22,22,22,22,22,22,23,23,22,22,23,23,23,23,23,23,23,24,23,24,22,23,21,23,22,23,22,23,22,22,22,22,23,22,23,22,22,22,23,23,23,22,22,22,23,23,23,22,23,22,22,22,22,23,22,22,22,23,23,22,21,23,23,47,47,47,47,47,47,47,47,47,47,47,47,47,47,47,47,47,47,47,47,47,47,47,47,47,47,47,47,47,47,47,47,47,47,47,47,47,47,47,47,47,47,47,47,47,47,47,47,47,47,47,47,47,47,47,47,47,47,47,47,47,47,47,47,795,790,790,790,790,790,790,795,795,790,790,795,795,795,795,795,795,795,800,795,800,790,795,785,795,790,795,790,795,790,790,790,790,795,790,795,790,790,790,795,795,795,790,790,790,795,795,795,790,795,790,790,790,790,795,790,790,790,795,795,790,785,795,795
97.5,23,22,22,22,22,22,22,23,23,22,22,23,23,23,23,23,23,23,24,23,23,23,22,22,23,21,23,22,23,23,22,22,22,23,22,23,22,22,22,23,23,23,22,22,22,23,23,23,22,23,22,22,22,22,23,22,22,22,23,23,22,22,23,23,47,47,47,47,47,47,47,47,47,47,47,47,47,47,47,47,47,47,47,47,47,47,47,47,47,47,47,47,47,47,47,47,47,47,47,47,47,47,47,47,47,47,47,47,47,47,47,47,47,47,47,47,47,47,47,47,47,47,47,47,47,47,47,47,795,790,790,790,790,790,790,795,795,790,790,795,795,795,795,795,795,795,800,795,795,795,790,790,795,785,795,790,795,795,790,790,790,795,790,795,790,790,790,795,795,795,790,790,790,795,795,795,790,795,790,790,790,790,795,790,790,790,795,795,790,790,795,795
98,23,22,22,22,22,23,22,23,23,22,23,23,23,23,23,23,23,23,23,23,23,22,22,22,23,21,24,22,23,22,22,22,23,23,22,23,22,22,22,22,23,23,22,22,22,23,23,24,22,23,22,22,22,22,23,22,23,22,23,23,22,22,22,23,47,47,47,47,47,47,47,47,47,47,47,47,47,47,47,47,47,47,47,47,47,47,47,47,47,47,47,47,47,47,47,47,47,47,47,47,47,47,47,47,47,47,47,47,47,47,47,47,47,47,47,47,47,47,47,47,47,47,47,47,47,47,47,47,795,790,790,790,790,795,790,795,795,790,795,795,795,795,795,795,795,795,795,795,795,790,790,790,795,785,800,790,795,790,790,790,795,795,790,795,790,790,790,790,795,795,790,790,790,795,795,800,790,795,790,790,790,790,795,790,795,790,795,795,790,790,790,795
98.5,23,22,22,22,22,23,22,23,23,22,23,23,23,23,22,23,23,23,23,22,23,22,22,22,23,21,23,22,23,22,22,23,23,23,23,23,22,22,22,22,23,22,22,22,22,22,22,23,23,23,22,22,22,22,23,22,23,21,23,23,22,22,22,23,47,47,47,47,47,47,47,47,47,47,47,47,47,47,47,47,47,47,47,47,47,47,47,47,47,47,47,47,47,47,47,47,47,47,47,47,47,47,47,47,47,47,47,47,47,47,47,47,47,47,47,47,47,47,47,47,47,47,47,47,47,47,47,47,795,790,790,790,790,795,790,795,795,790,795,795,795,795,790,795,795,795,795,790,795,790,790,790,795,785,795,790,795,790,790,795,795,795,795,795,790,790,790,790,795,790,790,790,790,790,790,795,795,795,790,790,790,790,795,790,795,785,795,795,790,790,790,795
99,23,22,22,22,22,23,22,24,23,22,23,23,23,23,22,23,22,23,22,22,23,23,22,22,23,21,23,23,23,22,22,23,23,23,23,23,22,21,22,23,23,22,21,21,22,22,22,23,23,23,22,22,22,22,23,22,23,22,22,23,22,22,22,23,47,47,47,47,47,47,47,47,47,47,47,47,47,47,47,47,47,47,47,47,47,47,47,47,47,47,47,47,47,47,47,47,47,47,47,47,47,47,47,47,47,47,47,47,47,47,47,47,47,47,47,47,47,47,47,47,47,47,47,47,47,47,47,47,795,790,790,790,790,795,790,800,795,790,795,795,795,795,790,795,790,795,790,790,795,795,790,790,795,785,795,795,795,790,790,795,795,795,795,795,790,785,790,795,795,790,785,785,790,790,790,795,795,795,790,790,790,790,795,790,795,790,790,795,790,790,790,795
99.5,23,22,22,22,22,23,23,24,22,22,23,23,23,23,22,22,22,23,22,22,23,23,22,22,23,22,23,23,22,22,22,23,23,22,23,23,22,21,22,23,23,22,21,21,22,22,22,22,22,23,22,21,22,22,23,22,23,22,22,23,22,22,22,23,47,47,47,47,47,47,47,47,47,47,47,47,47,47,47,47,47,47,47,47,47,47,47,47,47,47,47,47,47,47,47,47,47,47,47,47,47,47,47,47,47,47,47,47,47,47,47,47,47,47,47,47,47,47,47,47,47,47,47,47,47,47,47,47,795,790,790,790,790,795,795,800,790,790,795,795,795,795,790,790,790,795,790,790,795,795,790,790,795,790,795,795,790,790,790,795,795,790,795,795,790,785,790,795,795,790,785,785,790,790,790,790,790,795,790,785,790,790,795,790,795,790,790,795,790,790,790,795
100,23,22,22,22,22,23,22,23,22,23,22,22,22,23,22,22,23,23,23,22,23,24,22,22,23,22,23,22,22,22,23,23,22,23,23,23,21,22,23,23,22,22,21,21,22,22,21,22,23,23,21,22,23,22,23,22,22,22,22,23,23,21,22,23,47,47,47,47,47,47,47,47,47,47,47,47,47,47,47,47,47,47,47,47,47,47,47,47,47,47,47,47,47,47,47,47,47,47,47,47,47,47,47,47,47,47,47,47,47,47,47,47,47,47,47,47,47,47,47,47,47,47,47,47,47,47,47,47,795,790,790,790,790,795,790,795,790,795,790,790,790,795,790,790,795,795,795,790,795,800,790,790,795,790,795,790,790,790,795,795,790,795,795,795,785,790,795,795,790,790,785,785,790,790,785,790,795,795,785,790,795,790,795,790,790,790,790,795,795,785,790,795
