t,sensor0_1,sensor0_2,sensor0_3,sensor0_4,sensor0_5,sensor0_6,sensor0_7,sensor0_8,sensor0_9,sensor0_10,sensor0_11,sensor0_12,sensor0_13,sensor0_14,sensor0_15,sensor0_16,sensor0_17,sensor0_18,sensor0_19,sensor0_20,sensor0_21,sensor0_22,sensor0_23,sensor0_24,sensor0_25,sensor0_26,sensor0_27,sensor0_28,sensor0_29,sensor0_30,sensor0_31,sensor0_32,sensor0_33,sensor0_34,sensor0_35,sensor0_36,sensor0_37,sensor0_38,sensor0_39,sensor0_40,sensor0_41,sensor0_42,sensor0_43,sensor0_44,sensor0_45,sensor0_46,sensor0_47,sensor0_48,sensor0_49,sensor0_50,sensor0_51,sensor0_52,sensor0_53,sensor0_54,sensor0_55,sensor0_56,sensor0_57,sensor0_58,sensor0_59,sensor0_60,sensor0_61,sensor0_62,sensor0_63,sensor0_64,sensor1_1,sensor1_2,sensor1_3,sensor1_4,sensor1_5,sensor1_6,sensor1_7,sensor1_8,sensor1_9,sensor1_10,sensor1_11,sensor1_12,sensor1_13,sensor1_14,sensor1_15,sensor1_16,sensor1_17,sensor1_18,sensor1_19,sensor1_20,sensor1_21,sensor1_22,sensor1_23,sensor1_24,sensor1_25,sensor1_26,sensor1_27,sensor1_28,sensor1_29,sensor1_30,sensor1_31,sensor1_32,sensor1_33,sensor1_34,sensor1_35,sensor1_36,sensor1_37,sensor1_38,sensor1_39,sensor1_40,sensor1_41,sensor1_42,sensor1_43,sensor1_44,sensor1_45,sensor1_46,sensor1_47,sensor1_48,sensor1_49,sensor1_50,sensor1_51,sensor1_52,sensor1_53,sensor1_54,sensor1_55,sensor1_56,sensor1_57,sensor1_58,sensor1_59,sensor1_60,sensor1_61,sensor1_62,sensor1_63,sensor1_64,vdd_measured_1,vdd_measured_2,vdd_measured_3,vdd_measured_4,vdd_measured_5,vdd_measured_6,vdd_measured_7,vdd_measured_8,vdd_measured_9,vdd_measured_10,vdd_measured_11,vdd_measured_12,vdd_measured_13,vdd_measured_14,vdd_measured_15,vdd_measured_16,vdd_measured_17,vdd_measured_18,vdd_measured_19,vdd_measured_20,vdd_measured_21,vdd_measured_22,vdd_measured_23,vdd_measured_24,vdd_measured_25,vdd_measured_26,vdd_measured_27,vdd_measured_28,vdd_measured_29,vdd_measured_30,vdd_measured_31,vdd_measured_32,vdd_measured_33,vdd_measured_34,vdd_measured_35,vdd_measured_36,vdd_measured_37,vdd_measured_38,vdd_measured_39,vdd_measured_40,vdd_measured_41,vdd_measured_42,vdd_measured_43,vdd_measured_44,vdd_measured_45,vdd_measured_46,vdd_measured_47,vdd_measured_48,vdd_measured_49,vdd_measured_50,vdd_measured_51,vdd_measured_52,vdd_measured_53,vdd_measured_54,vdd_measured_55,vdd_measured_56,vdd_measured_57,vdd_measured_58,vdd_measured_59,vdd_measured_60,vdd_measured_61,vdd_measured_62,vdd_measured_63,vdd_measured_64
-25,22,22,22,22,22,22,23,22,22,23,22,22,22,23,22,22,22,23,23,22,23,23,23,23,23,23,23,23,23,23,23,23,23,23,22,22,22,23,22,22,23,23,23,22,23,22,22,22,22,22,22,22,22,22,22,22,22,22,22,22,23,23,23,23,47,47,47,47,47,47,47,47,47,47,47,47,47,47,47,47,47,47,47,47,47,47,47,47,47,47,47,47,47,47,47,47,47,47,47,47,47,47,47,47,47,47,47,47,47,47,47,47,47,47,47,47,47,47,47,47,47,47,47,47,47,47,47,47,790,790,790,790,790,790,795,790,790,795,790,790,790,795,790,790,790,795,795,790,795,795,795,795,795,795,795,795,795,795,795,795,795,795,790,790,790,795,790,790,795,795,795,790,795,790,790,790,790,790,790,790,790,790,790,790,790,790,790,790,795,795,795,795
-24.5,22,22,22,22,22,22,23,22,22,23,22,22,22,23,22,23,23,23,23,23,23,23,23,23,23,23,23,23,23,23,22,23,23,23,22,22,22,23,22,22,22,22,23,22,22,22,22,22,22,22,22,22,22,22,22,22,22,22,22,22,23,23,23,23,47,47,47,47,47,47,47,47,47,47,47,47,47,47,47,47,47,47,47,47,47,47,47,47,47,47,47,47,47,47,47,47,47,47,47,47,47,47,47,47,47,47,47,47,47,47,47,47,47,47,47,47,47,47,47,47,47,47,47,47,47,47,47,47,790,790,790,790,790,790,795,790,790,795,790,790,790,795,790,795,795,795,795,795,795,795,795,795,795,795,795,795,795,795,790,795,795,795,790,790,790,795,790,790,790,790,795,790,790,790,790,790,790,790,790,790,790,790,790,790,790,790,790,790,795,795,795,795
-24,22,22,22,22,22,22,22,22,22,23,23,23,23,23,23,23,23,23,23,23,23,23,23,23,23,23,23,23,23,23,23,23,23,22,23,22,22,22,22,22,22,22,22,22,22,22,22,22,22,22,22,23,22,23,22,22,23,22,23,23,22,22,23,22,47,47,47,47,47,47,47,47,47,47,47,47,47,47,47,47,47,47,47,47,47,47,47,47,47,47,47,47,47,47,47,47,47,47,47,47,47,47,47,47,47,47,47,47,47,47,47,47,47,47,47,47,47,47,47,47,47,47,47,47,47,47,47,47,790,790,790,790,790,790,790,790,790,795,795,795,795,795,795,795,795,795,795,795,795,795,795,795,795,795,795,795,795,795,795,795,795,790,795,790,790,790,790,790,790,790,790,790,790,790,790,790,790,790,790,795,790,795,790,790,795,790,795,795,790,790,795,790
-23.5,22,22,22,22,22,22,22,22,23,23,23,23,23,23,23,23,23,23,23,23,23,23,23,23,23,23,23,23,22,23,23,23,23,22,23,22,22,22,22,22,22,22,21,22,22,22,22,22,22,22,22,23,22,23,22,22,23,22,23,23,22,22,22,22,47,47,47,47,47,47,47,47,47,47,47,47,47,47,47,47,47,47,47,47,47,47,47,47,47,47,47,47,47,47,47,47,47,47,47,47,47,47,47,47,47,47,47,47,47,47,47,47,47,47,47,47,47,47,47,47,47,47,47,47,47,47,47,47,790,790,790,790,790,790,790,790,795,795,795,795,795,795,795,795,795,795,795,795,795,795,795,795,795,795,795,795,790,795,795,795,795,790,795,790,790,790,790,790,790,790,785,790,790,790,790,790,790,790,790,795,790,795,790,790,795,790,795,795,790,790,790,790
-23,23,22,23,22,23,23,23,23,23,23,23,23,23,23,23,23,23,23,23,23,22,22,23,23,23,22,23,22,22,23,23,23,22,23,23,22,22,22,22,22,22,22,22,22,22,22,22,22,23,22,22,23,23,22,23,22,22,22,23,22,22,22,22,22,47,47,47,47,47,47,47,47,47,47,47,47,47,47,47,47,47,47,47,47,47,47,47,47,47,47,47,47,47,47,47,47,47,47,47,47,47,47,47,47,47,47,47,47,47,47,47,47,47,47,47,47,47,47,47,47,47,47,47,47,47,47,47,47,795,790,795,790,795,795,795,795,795,795,795,795,795,795,795,795,795,795,795,795,790,790,795,795,795,790,795,790,790,795,795,795,790,795,795,790,790,790,790,790,790,790,790,790,790,790,790,790,795,790,790,795,795,790,795,790,790,790,795,790,790,790,790,790
-22.5,23,22,23,23,23,23,23,23,23,23,23,23,23,23,23,23,23,22,23,22,22,22,23,23,23,22,23,22,22,22,23,22,22,22,22,22,22,22,22,22,22,22,22,22,22,22,22,23,23,22,22,23,23,22,23,22,22,22,22,22,22,22,22,22,47,47,47,47,47,47,47,47,47,47,47,47,47,47,47,47,47,47,47,47,47,47,47,47,47,47,47,47,47,47,47,47,47,47,47,47,47,47,47,47,47,47,47,47,47,47,47,47,47,47,47,47,47,47,47,47,47,47,47,47,47,47,47,47,795,790,795,795,795,795,795,795,795,795,795,795,795,795,795,795,795,790,795,790,790,790,795,795,795,790,795,790,790,790,795,790,790,790,790,790,790,790,790,790,790,790,790,790,790,790,790,795,795,790,790,795,795,790,795,790,790,790,790,790,790,790,790,790
-22,23,23,23,23,23,23,23,23,23,23,23,23,22,23,23,23,23,23,23,23,22,22,22,22,23,23,22,22,22,22,22,22,22,22,22,22,22,22,22,22,22,22,23,22,22,23,22,22,23,22,23,22,22,22,22,22,22,22,22,22,22,22,22,22,47,47,47,47,47,47,47,47,47,47,47,47,47,47,47,47,47,47,47,47,47,47,47,47,47,47,47,47,47,47,47,47,47,47,47,47,47,47,47,47,47,47,47,47,47,47,47,47,47,47,47,47,47,47,47,47,47,47,47,47,47,47,47,47,795,795,795,795,795,795,795,795,795,795,795,795,790,795,795,795,795,795,795,795,790,790,790,790,795,795,790,790,790,790,790,790,790,790,790,790,790,790,790,790,790,790,795,790,790,795,790,790,795,790,795,790,790,790,790,790,790,790,790,790,790,790,790,790
-21.5,23,23,23,23,23,23,23,23,23,23,22,23,22,23,22,23,23,23,23,23,22,22,22,22,22,22,22,22,22,22,22,22,22,22,22,22,22,23,22,22,22,22,23,22,22,23,22,22,23,22,22,22,22,22,22,22,22,22,22,22,22,22,22,23,47,47,47,47,47,47,47,47,47,47,47,47,47,47,47,47,47,47,47,47,47,47,47,47,47,47,47,47,47,47,47,47,47,47,47,47,47,47,47,47,47,47,47,47,47,47,47,47,47,47,47,47,47,47,47,47,47,47,47,47,47,47,47,47,795,795,795,795,795,795,795,795,795,795,790,795,790,795,790,795,795,795,795,795,790,790,790,790,790,790,790,790,790,790,790,790,790,790,790,790,790,795,790,790,790,790,795,790,790,795,790,790,795,790,790,790,790,790,790,790,790,790,790,790,790,790,790,795
-21,23,23,23,23,23,23,23,23,22,23,23,23,22,23,23,22,23,23,22,22,22,22,22,22,22,22,22,22,22,22,22,22,22,22,22,22,23,23,22,23,22,23,22,22,22,23,22,22,22,22,22,22,22,22,22,22,22,22,22,22,22,22,23,22,47,47,47,47,47,47,47,47,47,47,47,47,47,47,47,47,47,47,47,47,47,47,47,47,47,47,47,47,47,47,47,47,47,47,47,47,47,47,47,47,47,47,47,47,47,47,47,47,47,47,47,47,47,47,47,47,47,47,47,47,47,47,47,47,795,795,795,795,795,795,795,795,790,795,795,795,790,795,795,790,795,795,790,790,790,790,790,790,790,790,790,790,790,790,790,790,790,790,790,790,795,795,790,795,790,795,790,790,790,795,790,790,790,790,790,790,790,790,790,790,790,790,790,790,790,790,795,790
-20.5,23,23,22,23,23,23,23,23,22,23,23,23,22,23,23,22,22,22,22,22,22,22,22,22,22,22,22,22,22,22,23,22,23,22,23,23,23,23,22,23,22,23,22,22,22,22,22,22,22,22,22,22,22,22,22,22,22,22,22,23,22,22,23,22,47,47,47,47,47,47,47,47,47,47,47,47,47,47,47,47,47,47,47,47,47,47,47,47,47,47,47,47,47,47,47,47,47,47,47,47,47,47,47,47,47,47,47,47,47,47,47,47,47,47,47,47,47,47,47,47,47,47,47,47,47,47,47,47,795,795,790,795,795,795,795,795,790,795,795,795,790,795,795,790,790,790,790,790,790,790,790,790,790,790,790,790,790,790,795,790,795,790,795,795,795,795,790,795,790,795,790,790,790,790,790,790,790,790,790,790,790,790,790,790,790,790,790,795,790,790,795,790
-20,22,23,23,23,23,22,23,23,23,23,22,23,22,23,22,22,22,22,22,22,22,22,22,22,22,22,22,23,23,23,23,22,23,22,23,23,23,22,22,22,22,22,22,22,22,22,22,22,22,22,22,22,22,22,23,23,22,22,23,22,22,22,23,23,47,47,47,47,47,47,47,47,47,47,47,47,47,47,47,47,47,47,47,47,47,47,47,47,47,47,47,47,47,47,47,47,47,47,47,47,47,47,47,47,47,47,47,47,47,47,47,47,47,47,47,47,47,47,47,47,47,47,47,47,47,47,47,47,790,795,795,795,795,790,795,795,795,795,790,795,790,795,790,790,790,790,790,790,790,790,790,790,790,790,790,795,795,795,795,790,795,790,795,795,795,790,790,790,790,790,790,790,790,790,790,790,790,790,790,790,790,790,795,795,790,790,795,790,790,790,795,795
-19.5,22,22,23,23,23,22,23,22,22,22,22,22,22,22,22,22,22,22,22,22,22,22,22,22,22,22,22,23,23,23,23,22,23,22,23,23,22,22,22,22,22,22,22,22,22,22,22,22,22,22,22,22,22,23,23,23,23,22,23,22,22,23,23,23,47,47,47,47,47,47,47,47,47,47,47,47,47,47,47,47,47,47,47,47,47,47,47,47,47,47,47,47,47,47,47,47,47,47,47,47,47,47,47,47,47,47,47,47,47,47,47,47,47,47,47,47,47,47,47,47,47,47,47,47,47,47,47,47,790,790,795,795,795,790,795,790,790,790,790,790,790,790,790,790,790,790,790,790,790,790,790,790,790,790,790,795,795,795,795,790,795,790,795,795,790,790,790,790,790,790,790,790,790,790,790,790,790,790,790,790,790,795,795,795,795,790,795,790,790,795,795,795
-19,23,23,23,23,22,22,22,22,22,22,22,22,22,22,22,22,22,22,22,22,23,22,22,22,22,22,22,23,23,22,23,23,23,22,22,22,22,22,22,22,22,22,22,22,22,22,23,22,22,23,22,22,22,22,23,23,23,22,23,23,23,23,23,23,47,47,47,47,47,47,47,47,47,47,47,47,47,47,47,47,47,47,47,47,47,47,47,47,47,47,47,47,47,47,47,47,47,47,47,47,47,47,47,47,47,47,47,47,47,47,47,47,47,47,47,47,47,47,47,47,47,47,47,47,47,47,47,47,795,795,795,795,790,790,790,790,790,790,790,790,790,790,790,790,790,790,790,790,795,790,790,790,790,790,790,795,795,790,795,795,795,790,790,790,790,790,790,790,790,790,790,790,790,790,795,790,790,795,790,790,790,790,795,795,795,790,795,795,795,795,795,795
-18.5,23,23,22,22,22,22,22,22,22,22,22,22,22,22,22,22,22,22,22,22,23,22,22,22,22,22,22,23,23,22,22,22,22,22,22,22,22,22,22,22,22,23,22,22,22,22,23,23,23,23,22,22,22,22,23,23,23,23,23,23,23,23,23,23,47,47,47,47,47,47,47,47,47,47,47,47,47,47,47,47,47,47,47,47,47,47,47,47,47,47,47,47,47,47,47,47,47,47,47,47,47,47,47,47,47,47,47,47,47,47,47,47,47,47,47,47,47,47,47,47,47,47,47,47,47,47,47,47,795,795,790,790,790,790,790,790,790,790,790,790,790,790,790,790,790,790,790,790,795,790,790,790,790,790,790,795,795,790,790,790,790,790,790,790,790,790,790,790,790,795,790,790,790,790,795,795,795,795,790,790,790,790,795,795,795,795,795,795,795,795,795,795
-18,22,22,22,22,22,22,22,22,22,22,22,22,22,22,22,22,23,23,22,23,23,22,23,22,22,22,22,22,22,22,22,22,22,22,22,22,22,22,23,22,22,23,23,22,22,22,22,23,23,22,22,23,23,23,23,23,23,23,23,23,23,23,23,23,47,47,47,47,47,47,47,47,47,47,47,47,47,47,47,47,47,47,47,47,47,47,47,47,47,47,47,47,47,47,47,47,47,47,47,47,47,47,47,47,47,47,47,47,47,47,47,47,47,47,47,47,47,47,47,47,47,47,47,47,47,47,47,47,790,790,790,790,790,790,790,790,790,790,790,790,790,790,790,790,795,795,790,795,795,790,795,790,790,790,790,790,790,790,790,790,790,790,790,790,790,790,795,790,790,795,795,790,790,790,790,795,795,790,790,795,795,795,795,795,795,795,795,795,795,795,795,795
-17.5,22,22,22,22,22,22,22,22,22,23,23,23,22,23,23,22,23,23,22,23,23,22,22,22,22,22,22,22,22,22,22,22,22,22,22,22,23,22,23,22,23,23,23,22,22,22,22,23,23,22,23,23,23,23,23,23,23,23,23,23,23,23,22,22,47,47,47,47,47,47,47,47,47,47,47,47,47,47,47,47,47,47,47,47,47,47,47,47,47,47,47,47,47,47,47,47,47,47,47,47,47,47,47,47,47,47,47,47,47,47,47,47,47,47,47,47,47,47,47,47,47,47,47,47,47,47,47,47,790,790,790,790,790,790,790,790,790,795,795,795,790,795,795,790,795,795,790,795,795,790,790,790,790,790,790,790,790,790,790,790,790,790,790,790,795,790,795,790,795,795,795,790,790,790,790,795,795,790,795,795,795,795,795,795,795,795,795,795,795,795,790,790
-17,22,22,22,22,22,22,22,22,23,22,22,23,23,23,23,22,23,22,23,22,22,22,22,22,22,22,22,22,22,22,22,22,21,22,22,22,23,23,22,22,22,23,23,22,23,23,23,23,23,23,23,23,23,23,23,23,23,23,23,23,23,22,23,23,47,47,47,47,47,47,47,47,47,47,47,47,47,47,47,47,47,47,47,47,47,47,47,47,47,47,47,47,47,47,47,47,47,47,47,47,47,47,47,47,47,47,47,47,47,47,47,47,47,47,47,47,47,47,47,47,47,47,47,47,47,47,47,47,790,790,790,790,790,790,790,790,795,790,790,795,795,795,795,790,795,790,795,790,790,790,790,790,790,790,790,790,790,790,790,790,785,790,790,790,795,795,790,790,790,795,795,790,795,795,795,795,795,795,795,795,795,795,795,795,795,795,795,795,795,790,795,795
-16.5,22,22,23,23,23,22,22,22,23,22,22,23,23,23,23,22,22,22,22,22,22,22,22,22,22,22,22,22,22,22,22,23,22,22,22,22,23,23,22,22,23,23,23,23,23,23,23,23,23,23,23,23,23,23,23,23,23,23,23,22,22,22,23,23,47,47,47,47,47,47,47,47,47,47,47,47,47,47,47,47,47,47,47,47,47,47,47,47,47,47,47,47,47,47,47,47,47,47,47,47,47,47,47,47,47,47,47,47,47,47,47,47,47,47,47,47,47,47,47,47,47,47,47,47,47,47,47,47,790,790,795,795,795,790,790,790,795,790,790,795,795,795,795,790,790,790,790,790,790,790,790,790,790,790,790,790,790,790,790,795,790,790,790,790,795,795,790,790,795,795,795,795,795,795,795,795,795,795,795,795,795,795,795,795,795,795,795,790,790,790,795,795
-16,23,22,22,23,22,22,23,22,22,22,23,23,22,22,22,22,22,22,22,22,22,22,22,22,22,22,22,23,23,22,22,22,22,23,22,23,23,23,23,23,23,23,23,23,23,23,23,23,23,23,23,23,22,23,23,23,23,22,22,22,22,22,22,22,47,47,47,47,47,47,47,47,47,47,47,47,47,47,47,47,47,47,47,47,47,47,47,47,47,47,47,47,47,47,47,47,47,47,47,47,47,47,47,47,47,47,47,47,47,47,47,47,47,47,47,47,47,47,47,47,47,47,47,47,47,47,47,47,795,790,790,795,790,790,795,790,790,790,795,795,790,790,790,790,790,790,790,790,790,790,790,790,790,790,790,795,795,790,790,790,790,795,790,795,795,795,795,795,795,795,795,795,795,795,795,795,795,795,795,795,790,795,795,795,795,790,790,790,790,790,790,790
-15.5,23,23,22,23,22,22,23,22,22,22,22,22,22,22,22,22,22,22,22,22,22,22,22,22,22,22,22,23,23,23,22,22,22,23,22,23,23,23,23,23,23,23,23,23,23,23,23,23,23,23,22,22,22,23,23,23,22,22,22,22,22,22,22,22,47,47,47,47,47,47,47,47,47,47,47,47,47,47,47,47,47,47,47,47,47,47,47,47,47,47,47,47,47,47,47,47,47,47,47,47,47,47,47,47,47,47,47,47,47,47,47,47,47,47,47,47,47,47,47,47,47,47,47,47,47,47,47,47,795,795,790,795,790,790,795,790,790,790,790,790,790,790,790,790,790,790,790,790,790,790,790,790,790,790,790,795,795,795,790,790,790,795,790,795,795,795,795,795,795,795,795,795,795,795,795,795,795,795,790,790,790,795,795,795,790,790,790,790,790,790,790,790
-15,23,23,22,22,22,22,22,22,22,22,22,22,22,22,22,22,22,22,22,22,22,22,22,23,22,22,23,23,22,22,22,22,22,23,23,23,23,23,23,23,23,23,24,23,23,23,23,23,22,23,22,23,23,23,22,22,23,22,22,23,22,21,22,22,47,47,47,47,47,47,47,47,47,47,47,47,47,47,47,47,47,47,47,47,47,47,47,47,47,47,47,47,47,47,47,47,47,47,47,47,47,47,47,47,47,47,47,47,47,47,47,47,47,47,47,47,47,47,47,47,47,47,47,47,47,47,47,47,795,795,790,790,790,790,790,790,790,790,790,790,790,790,790,790,790,790,790,790,790,790,790,795,790,790,795,795,790,790,790,790,790,795,795,795,795,795,795,795,795,795,800,795,795,795,795,795,790,795,790,795,795,795,790,790,795,790,790,795,790,785,790,790
-14.5,23,23,22,22,22,22,22,22,22,22,22,22,22,22,22,22,22,22,22,22,22,22,22,23,22,22,23,23,22,23,23,22,23,23,23,23,23,23,23,23,23,23,23,23,23,23,23,23,22,23,22,23,23,23,22,22,22,22,22,22,22,21,22,22,47,47,47,47,47,47,47,47,47,47,47,47,47,47,47,47,47,47,47,47,47,47,47,47,47,47,47,47,47,47,47,47,47,47,47,47,47,47,47,47,47,47,47,47,47,47,47,47,47,47,47,47,47,47,47,47,47,47,47,47,47,47,47,47,795,795,790,790,790,790,790,790,790,790,790,790,790,790,790,790,790,790,790,790,790,790,790,795,790,790,795,795,790,795,795,790,795,795,795,795,795,795,795,795,795,795,795,795,795,795,795,795,790,795,790,795,795,795,790,790,790,790,790,790,790,785,790,790
-14,22,23,22,22,22,22,22,22,22,22,22,22,22,22,23,22,22,22,23,23,22,22,22,23,22,23,23,23,23,23,23,23,23,23,23,23,23,23,23,23,23,22,23,23,23,22,22,23,23,22,23,22,22,22,22,22,22,22,22,22,22,22,22,22,47,47,47,47,47,47,47,47,47,47,47,47,47,47,47,47,47,47,47,47,47,47,47,47,47,47,47,47,47,47,47,47,47,47,47,47,47,47,47,47,47,47,47,47,47,47,47,47,47,47,47,47,47,47,47,47,47,47,47,47,47,47,47,47,790,795,790,790,790,790,790,790,790,790,790,790,790,790,795,790,790,790,795,795,790,790,790,795,790,795,795,795,795,795,795,795,795,795,795,795,795,795,795,795,795,790,795,795,795,790,790,795,795,790,795,790,790,790,790,790,790,790,790,790,790,790,790,790
-13.5,22,22,22,22,22,22,22,23,22,22,22,23,22,22,23,22,22,22,23,23,22,22,22,23,23,23,23,23,23,23,23,23,23,23,23,23,23,22,23,22,22,22,22,23,23,22,22,23,23,22,22,22,22,22,22,22,22,22,22,22,22,22,22,23,47,47,47,47,47,47,47,47,47,47,47,47,47,47,47,47,47,47,47,47,47,47,47,47,47,47,47,47,47,47,47,47,47,47,47,47,47,47,47,47,47,47,47,47,47,47,47,47,47,47,47,47,47,47,47,47,47,47,47,47,47,47,47,47,790,790,790,790,790,790,790,795,790,790,790,795,790,790,795,790,790,790,795,795,790,790,790,795,795,795,795,795,795,795,795,795,795,795,795,795,795,790,795,790,790,790,790,795,795,790,790,795,795,790,790,790,790,790,790,790,790,790,790,790,790,790,790,795
-13,22,22,22,22,22,22,22,23,22,22,23,22,23,22,23,22,23,22,22,22,23,23,23,23,23,23,23,23,23,23,23,23,23,23,23,23,23,22,22,23,22,23,22,22,23,23,22,22,22,22,22,22,22,22,22,22,22,22,22,22,22,23,23,22,47,47,47,47,47,47,47,47,47,47,47,47,47,47,47,47,47,47,47,47,47,47,47,47,47,47,47,47,47,47,47,47,47,47,47,47,47,47,47,47,47,47,47,47,47,47,47,47,47,47,47,47,47,47,47,47,47,47,47,47,47,47,47,47,790,790,790,790,790,790,790,795,790,790,795,790,795,790,795,790,795,790,790,790,795,795,795,795,795,795,795,795,795,795,795,795,795,795,795,795,795,790,790,795,790,795,790,790,795,795,790,790,790,790,790,790,790,790,790,790,790,790,790,790,790,795,795,790
-12.5,22,22,22,22,23,22,22,23,22,22,23,22,23,22,23,23,23,23,23,23,23,23,23,23,23,23,23,23,23,23,23,23,23,23,23,23,23,22,22,23,22,22,22,22,22,22,22,22,22,22,22,22,22,22,22,22,22,22,22,22,22,23,23,22,47,47,47,47,47,47,47,47,47,47,47,47,47,47,47,47,47,47,47,47,47,47,47,47,47,47,47,47,47,47,47,47,47,47,47,47,47,47,47,47,47,47,47,47,47,47,47,47,47,47,47,47,47,47,47,47,47,47,47,47,47,47,47,47,790,790,790,790,795,790,790,795,790,790,795,790,795,790,795,795,795,795,795,795,795,795,795,795,795,795,795,795,795,795,795,795,795,795,795,795,795,790,790,795,790,790,790,790,790,790,790,790,790,790,790,790,790,790,790,790,790,790,790,790,790,795,795,790
-12,22,22,22,23,22,22,23,23,22,22,22,23,23,22,23,23,23,23,23,23,23,23,23,23,23,23,23,23,22,23,23,22,22,23,23,22,23,22,22,22,22,22,22,22,22,22,22,22,22,22,22,22,22,22,23,23,23,22,23,22,23,23,23,22,47,47,47,47,47,47,47,47,47,47,47,47,47,47,47,47,47,47,47,47,47,47,47,47,47,47,47,47,47,47,47,47,47,47,47,47,47,47,47,47,47,47,47,47,47,47,47,47,47,47,47,47,47,47,47,47,47,47,47,47,47,47,47,47,790,790,790,795,790,790,795,795,790,790,790,795,795,790,795,795,795,795,795,795,795,795,795,795,795,795,795,795,790,795,795,790,790,795,795,790,795,790,790,790,790,790,790,790,790,790,790,790,790,790,790,790,790,790,795,795,795,790,795,790,795,795,795,790
-11.5,22,22,22,23,22,22,23,23,22,23,23,23,23,23,23,23,23,23,23,23,23,23,23,23,23,22,23,23,22,22,22,22,22,23,23,22,22,22,22,22,22,22,22,22,22,22,22,22,22,22,22,23,22,23,23,23,23,23,23,22,23,22,22,22,47,47,47,47,47,47,47,47,47,47,47,47,47,47,47,47,47,47,47,47,47,47,47,47,47,47,47,47,47,47,47,47,47,47,47,47,47,47,47,47,47,47,47,47,47,47,47,47,47,47,47,47,47,47,47,47,47,47,47,47,47,47,47,47,790,790,790,795,790,790,795,795,790,795,795,795,795,795,795,795,795,795,795,795,795,795,795,795,795,790,795,795,790,790,790,790,790,795,795,790,790,790,790,790,790,790,790,790,790,790,790,790,790,790,790,795,790,795,795,795,795,795,795,790,795,790,790,790
-11,22,23,22,23,23,22,23,23,23,23,23,23,23,23,23,23,23,23,23,23,22,23,23,23,23,23,22,22,22,22,22,23,22,22,22,22,22,22,22,22,22,22,22,22,22,22,22,22,22,23,22,22,23,22,22,22,23,23,22,22,22,22,22,22,47,47,47,47,47,47,47,47,47,47,47,47,47,47,47,47,47,47,47,47,47,47,47,47,47,47,47,47,47,47,47,47,47,47,47,47,47,47,47,47,47,47,47,47,47,47,47,47,47,47,47,47,47,47,47,47,47,47,47,47,47,47,47,47,790,795,790,795,795,790,795,795,795,795,795,795,795,795,795,795,795,795,795,795,790,795,795,795,795,795,790,790,790,790,790,795,790,790,790,790,790,790,790,790,790,790,790,790,790,790,790,790,790,795,790,790,795,790,790,790,795,795,790,790,790,790,790,790
-10.5,22,23,23,23,23,23,23,23,23,23,23,23,23,23,23,23,23,23,22,23,22,22,23,23,23,23,22,22,22,22,22,22,22,22,22,22,22,22,22,22,22,22,22,22,22,22,23,22,22,23,22,22,23,22,22,22,22,22,22,22,22,22,22,22,47,47,47,47,47,47,47,47,47,47,47,47,47,47,47,47,47,47,47,47,47,47,47,47,47,47,47,47,47,47,47,47,47,47,47,47,47,47,47,47,47,47,47,47,47,47,47,47,47,47,47,47,47,47,47,47,47,47,47,47,47,47,47,47,790,795,795,795,795,795,795,795,795,795,795,795,795,795,795,795,795,795,790,795,790,790,795,795,795,795,790,790,790,790,790,790,790,790,790,790,790,790,790,790,790,790,790,790,790,790,795,790,790,795,790,790,795,790,790,790,790,790,790,790,790,790,790,790
-10,23,23,23,23,23,23,23,23,23,23,23,23,23,23,23,22,23,23,22,23,23,22,22,22,22,22,22,22,22,22,22,22,22,22,22,22,22,23,22,22,22,23,23,22,22,23,22,22,22,22,22,22,22,22,22,22,22,22,22,22,22,22,22,22,47,47,47,47,47,47,47,47,47,47,47,47,47,47,47,47,47,47,47,47,47,47,47,47,47,47,47,47,47,47,47,47,47,47,47,47,47,47,47,47,47,47,47,47,47,47,47,47,47,47,47,47,47,47,47,47,47,47,47,47,47,47,47,47,795,795,795,795,795,795,795,795,795,795,795,795,795,795,795,790,795,795,790,795,795,790,790,790,790,790,790,790,790,790,790,790,790,790,790,790,790,795,790,790,790,795,795,790,790,795,790,790,790,790,790,790,790,790,790,790,790,790,790,790,790,790,790,790
-9.5,23,23,23,23,23,23,23,23,23,23,23,22,22,22,22,22,23,23,22,23,23,22,22,22,22,22,22,22,22,22,22,22,22,22,22,22,22,23,22,22,23,23,23,22,22,23,22,22,22,22,22,22,22,22,22,22,22,22,22,22,22,22,22,23,47,47,47,47,47,47,47,47,47,47,47,47,47,47,47,47,47,47,47,47,47,47,47,47,47,47,47,47,47,47,47,47,47,47,47,47,47,47,47,47,47,47,47,47,47,47,47,47,47,47,47,47,47,47,47,47,47,47,47,47,47,47,47,47,795,795,795,795,795,795,795,795,795,795,795,790,790,790,790,790,795,795,790,795,795,790,790,790,790,790,790,790,790,790,790,790,790,790,790,790,790,795,790,790,795,795,795,790,790,795,790,790,790,790,790,790,790,790,790,790,790,790,790,790,790,790,790,795
-9,23,23,23,23,23,23,23,23,23,23,23,22,23,22,22,23,23,23,22,22,22,22,22,22,22,22,22,22,22,22,22,22,22,22,23,22,22,22,23,22,22,22,22,22,23,23,22,22,22,22,22,22,22,22,22,22,22,22,22,22,22,22,22,22,47,47,47,47,47,47,47,47,47,47,47,47,47,47,47,47,47,47,47,47,47,47,47,47,47,47,47,47,47,47,47,47,47,47,47,47,47,47,47,47,47,47,47,47,47,47,47,47,47,47,47,47,47,47,47,47,47,47,47,47,47,47,47,47,795,795,795,795,795,795,795,795,795,795,795,790,795,790,790,795,795,795,790,790,790,790,790,790,790,790,790,790,790,790,790,790,790,790,795,790,790,790,795,790,790,790,790,790,795,795,790,790,790,790,790,790,790,790,790,790,790,790,790,790,790,790,790,790
-8.5,23,23,23,22,23,23,22,23,23,23,23,22,23,22,22,22,22,22,22,22,22,22,22,22,22,22,22,22,22,22,23,22,22,22,23,22,22,22,23,22,22,22,22,22,22,22,22,22,22,22,22,22,22,22,22,22,22,22,22,23,22,22,22,22,47,47,47,47,47,47,47,47,47,47,47,47,47,47,47,47,47,47,47,47,47,47,47,47,47,47,47,47,47,47,47,47,47,47,47,47,47,47,47,47,47,47,47,47,47,47,47,47,47,47,47,47,47,47,47,47,47,47,47,47,47,47,47,47,795,795,795,790,795,795,790,795,795,795,795,790,795,790,790,790,790,790,790,790,790,790,790,790,790,790,790,790,790,790,795,790,790,790,795,790,790,790,795,790,790,790,790,790,790,790,790,790,790,790,790,790,790,790,790,790,790,790,790,795,790,790,790,790
-8,23,23,22,23,23,23,23,22,23,22,23,23,22,22,22,22,22,22,21,22,22,22,22,22,22,22,22,22,23,22,22,23,22,22,23,23,22,22,22,22,22,22,22,22,22,22,22,22,22,22,22,22,22,22,22,23,23,22,23,22,22,22,22,23,47,47,47,47,47,47,47,47,47,47,47,47,47,47,47,47,47,47,47,47,47,47,47,47,47,47,47,47,47,47,47,47,47,47,47,47,47,47,47,47,47,47,47,47,47,47,47,47,47,47,47,47,47,47,47,47,47,47,47,47,47,47,47,47,795,795,790,795,795,795,795,790,795,790,795,795,790,790,790,790,790,790,785,790,790,790,790,790,790,790,790,790,795,790,790,795,790,790,795,795,790,790,790,790,790,790,790,790,790,790,790,790,790,790,790,790,790,790,790,795,795,790,795,790,790,790,790,795
-7.5,23,22,22,23,23,23,22,22,22,22,22,22,22,22,22,22,22,22,21,22,22,22,22,22,23,22,22,22,23,22,22,23,22,22,23,23,22,22,22,22,22,22,22,22,22,22,22,22,22,22,23,22,22,23,22,23,23,22,23,22,22,23,23,23,47,47,47,47,47,47,47,47,47,47,47,47,47,47,47,47,47,47,47,47,47,47,47,47,47,47,47,47,47,47,47,47,47,47,47,47,47,47,47,47,47,47,47,47,47,47,47,47,47,47,47,47,47,47,47,47,47,47,47,47,47,47,47,47,795,790,790,795,795,795,790,790,790,790,790,790,790,790,790,790,790,790,785,790,790,790,790,790,795,790,790,790,795,790,790,795,790,790,795,795,790,790,790,790,790,790,790,790,790,790,790,790,790,790,795,790,790,795,790,795,795,790,795,790,790,795,795,795
-7,22,23,23,22,22,22,22,22,22,22,22,22,22,22,22,22,22,22,22,22,22,22,22,22,23,23,22,22,23,23,23,23,23,22,22,22,22,22,22,22,22,22,22,22,22,22,22,22,22,23,23,23,22,22,23,22,22,23,23,22,23,23,23,23,47,47,47,47,47,47,47,47,47,47,47,47,47,47,47,47,47,47,47,47,47,47,47,47,47,47,47,47,47,47,47,47,47,47,47,47,47,47,47,47,47,47,47,47,47,47,47,47,47,47,47,47,47,47,47,47,47,47,47,47,47,47,47,47,790,795,795,790,790,790,790,790,790,790,790,790,790,790,790,790,790,790,790,790,790,790,790,790,795,795,790,790,795,795,795,795,795,790,790,790,790,790,790,790,790,790,790,790,790,790,790,790,790,795,795,795,790,790,795,790,790,795,795,790,795,795,795,795
-6.5,22,23,22,22,22,22,22,22,22,22,22,22,22,22,22,22,22,22,22,22,22,22,22,22,23,23,22,22,22,23,23,22,22,22,22,22,22,22,22,22,22,22,22,22,22,22,23,22,22,23,23,23,22,22,23,23,23,23,23,23,23,23,23,23,47,47,47,47,47,47,47,47,47,47,47,47,47,47,47,47,47,47,47,47,47,47,47,47,47,47,47,47,47,47,47,47,47,47,47,47,47,47,47,47,47,47,47,47,47,47,47,47,47,47,47,47,47,47,47,47,47,47,47,47,47,47,47,47,790,795,790,790,790,790,790,790,790,790,790,790,790,790,790,790,790,790,790,790,790,790,790,790,795,795,790,790,790,795,795,790,790,790,790,790,790,790,790,790,790,790,790,790,790,790,795,790,790,795,795,795,790,790,795,795,795,795,795,795,795,795,795,795
-6,22,22,22,22,22,22,22,22,22,22,22,22,22,22,22,22,23,22,23,23,23,22,23,22,22,23,22,22,22,22,22,22,22,22,22,22,22,22,23,22,23,22,22,22,23,23,22,22,22,23,23,23,23,23,23,23,23,23,23,23,23,23,23,23,47,47,47,47,47,47,47,47,47,47,47,47,47,47,47,47,47,47,47,47,47,47,47,47,47,47,47,47,47,47,47,47,47,47,47,47,47,47,47,47,47,47,47,47,47,47,47,47,47,47,47,47,47,47,47,47,47,47,47,47,47,47,47,47,790,790,790,790,790,790,790,790,790,790,790,790,790,790,790,790,795,790,795,795,795,790,795,790,790,795,790,790,790,790,790,790,790,790,790,790,790,790,795,790,795,790,790,790,795,795,790,790,790,795,795,795,795,795,795,795,795,795,795,795,795,795,795,795
-5.5,22,22,22,22,22,22,22,22,22,22,22,23,22,23,22,22,23,22,23,23,23,22,22,22,22,22,22,22,22,22,22,22,22,22,22,22,22,22,23,22,23,22,22,23,23,23,22,22,22,23,23,23,23,23,23,23,23,23,23,23,23,23,23,23,47,47,47,47,47,47,47,47,47,47,47,47,47,47,47,47,47,47,47,47,47,47,47,47,47,47,47,47,47,47,47,47,47,47,47,47,47,47,47,47,47,47,47,47,47,47,47,47,47,47,47,47,47,47,47,47,47,47,47,47,47,47,47,47,790,790,790,790,790,790,790,790,790,790,790,795,790,795,790,790,795,790,795,795,795,790,790,790,790,790,790,790,790,790,790,790,790,790,790,790,790,790,795,790,795,790,790,795,795,795,790,790,790,795,795,795,795,795,795,795,795,795,795,795,795,795,795,795
-5,22,22,22,22,22,22,22,22,22,22,23,22,23,22,22,23,23,23,22,23,22,22,22,22,22,22,22,22,22,22,22,22,22,22,23,22,22,23,23,22,22,22,23,22,22,23,23,22,23,23,23,23,23,23,23,23,23,23,23,23,22,22,23,23,47,47,47,47,47,47,47,47,47,47,47,47,47,47,47,47,47,47,47,47,47,47,47,47,47,47,47,47,47,47,47,47,47,47,47,47,47,47,47,47,47,47,47,47,47,47,47,47,47,47,47,47,47,47,47,47,47,47,47,47,47,47,47,47,790,790,790,790,790,790,790,790,790,790,795,790,795,790,790,795,795,795,790,795,790,790,790,790,790,790,790,790,790,790,790,790,790,790,795,790,790,795,795,790,790,790,795,790,790,795,795,790,795,795,795,795,795,795,795,795,795,795,795,795,790,790,795,795
-4.5,22,22,22,22,22,22,22,22,22,22,23,22,23,22,22,23,22,22,22,22,22,22,22,22,22,22,22,22,22,22,22,22,22,23,23,22,22,23,23,22,23,22,23,23,23,23,23,23,23,23,23,23,23,23,23,23,23,22,23,23,22,22,22,23,47,47,47,47,47,47,47,47,47,47,47,47,47,47,47,47,47,47,47,47,47,47,47,47,47,47,47,47,47,47,47,47,47,47,47,47,47,47,47,47,47,47,47,47,47,47,47,47,47,47,47,47,47,47,47,47,47,47,47,47,47,47,47,47,790,790,790,790,790,790,790,790,790,790,795,790,795,790,790,795,790,790,790,790,790,790,790,790,790,790,790,790,790,790,790,790,790,795,795,790,790,795,795,790,795,790,795,795,795,795,795,795,795,795,795,795,795,795,795,795,795,790,795,795,790,790,790,795
-4,22,22,22,23,22,23,22,22,23,23,23,23,22,22,22,22,22,22,22,22,21,22,22,22,22,22,22,22,22,22,23,22,22,23,22,23,23,23,23,23,23,23,23,23,23,23,23,23,23,23,23,23,22,23,22,23,22,23,23,23,23,22,22,22,47,47,47,47,47,47,47,47,47,47,47,47,47,47,47,47,47,47,47,47,47,47,47,47,47,47,47,47,47,47,47,47,47,47,47,47,47,47,47,47,47,47,47,47,47,47,47,47,47,47,47,47,47,47,47,47,47,47,47,47,47,47,47,47,790,790,790,795,790,795,790,790,795,795,795,795,790,790,790,790,790,790,790,790,785,790,790,790,790,790,790,790,790,790,795,790,790,795,790,795,795,795,795,795,795,795,795,795,795,795,795,795,795,795,795,795,790,795,790,795,790,795,795,795,795,790,790,790
-3.5,22,22,22,23,23,23,22,22,22,22,22,22,22,22,22,22,22,22,22,22,21,22,22,23,22,22,22,22,22,23,23,22,22,23,22,23,23,23,23,23,23,23,23,23,23,23,23,23,23,23,23,22,22,22,22,23,22,23,23,23,23,23,23,23,47,47,47,47,47,47,47,47,47,47,47,47,47,47,47,47,47,47,47,47,47,47,47,47,47,47,47,47,47,47,47,47,47,47,47,47,47,47,47,47,47,47,47,47,47,47,47,47,47,47,47,47,47,47,47,47,47,47,47,47,47,47,47,47,790,790,790,795,795,795,790,790,790,790,790,790,790,790,790,790,790,790,790,790,785,790,790,795,790,790,790,790,790,795,795,790,790,795,790,795,795,795,795,795,795,795,795,795,795,795,795,795,795,795,795,790,790,790,790,795,790,795,795,795,795,795,795,795
-3,23,23,22,22,22,22,22,22,22,22,21,22,22,22,22,22,22,22,22,22,22,23,22,23,22,23,22,23,23,23,22,23,23,22,22,23,23,23,23,23,23,23,23,23,23,23,23,23,23,23,23,23,23,22,23,23,22,23,23,23,23,23,23,23,47,47,47,47,47,47,47,47,47,47,47,47,47,47,47,47,47,47,47,47,47,47,47,47,47,47,47,47,47,47,47,47,47,47,47,47,47,47,47,47,47,47,47,47,47,47,47,47,47,47,47,47,47,47,47,47,47,47,47,47,47,47,47,47,795,795,790,790,790,790,790,790,790,790,785,790,790,790,790,790,790,790,790,790,790,795,790,795,790,795,790,795,795,795,790,795,795,790,790,795,795,795,795,795,795,795,795,795,795,795,795,795,795,795,795,795,795,790,795,795,790,795,795,795,795,795,795,795
-2.5,23,23,22,22,22,22,22,22,22,22,21,22,22,22,22,22,23,22,22,23,22,23,22,23,22,23,22,23,23,23,22,23,23,23,22,23,23,23,23,23,23,23,23,23,23,23,23,23,22,23,23,23,23,22,23,23,23,23,23,23,23,23,23,23,47,47,47,47,47,47,47,47,47,47,47,47,47,47,47,47,47,47,47,47,47,47,47,47,47,47,47,47,47,47,47,47,47,47,47,47,47,47,47,47,47,47,47,47,47,47,47,47,47,47,47,47,47,47,47,47,47,47,47,47,47,47,47,47,795,795,790,790,790,790,790,790,790,790,785,790,790,790,790,790,795,790,790,795,790,795,790,795,790,795,790,795,795,795,790,795,795,795,790,795,795,795,795,795,795,795,795,795,795,795,795,795,790,795,795,795,795,790,795,795,795,795,795,795,795,795,795,795
-2,22,22,22,22,22,22,21,22,22,22,22,22,22,22,22,23,22,23,22,23,22,23,22,22,23,22,23,23,23,23,23,23,23,23,23,23,23,23,23,23,23,22,23,23,23,22,22,23,22,23,22,23,23,23,23,23,23,23,23,23,23,23,23,23,47,47,47,47,47,47,47,47,47,47,47,47,47,47,47,47,47,47,47,47,47,47,47,47,47,47,47,47,47,47,47,47,47,47,47,47,47,47,47,47,47,47,47,47,47,47,47,47,47,47,47,47,47,47,47,47,47,47,47,47,47,47,47,47,790,790,790,790,790,790,785,790,790,790,790,790,790,790,790,795,790,795,790,795,790,795,790,790,795,790,795,795,795,795,795,795,795,795,795,795,795,795,795,795,795,790,795,795,795,790,790,795,790,795,790,795,795,795,795,795,795,795,795,795,795,795,795,795
-1.5,22,22,22,22,22,22,22,22,22,22,22,22,22,22,23,23,22,23,22,23,22,23,23,23,23,23,23,23,23,23,23,23,23,23,23,23,23,22,22,23,23,22,23,23,22,22,22,23,22,23,23,23,23,23,23,23,23,23,23,23,23,23,23,23,47,47,47,47,47,47,47,47,47,47,47,47,47,47,47,47,47,47,47,47,47,47,47,47,47,47,47,47,47,47,47,47,47,47,47,47,47,47,47,47,47,47,47,47,47,47,47,47,47,47,47,47,47,47,47,47,47,47,47,47,47,47,47,47,790,790,790,790,790,790,790,790,790,790,790,790,790,790,795,795,790,795,790,795,790,795,795,795,795,795,795,795,795,795,795,795,795,795,795,795,795,790,790,795,795,790,795,795,790,790,790,795,790,795,795,795,795,795,795,795,795,795,795,795,795,795,795,795
-1,22,22,22,22,22,22,22,22,22,22,22,22,23,22,22,22,23,23,23,23,23,23,23,23,23,23,23,23,23,23,23,23,23,23,22,23,22,22,22,22,22,22,23,23,22,22,23,23,23,23,23,23,23,23,23,23,23,23,23,23,22,22,22,23,47,47,47,47,47,47,47,47,47,47,47,47,47,47,47,47,47,47,47,47,47,47,47,47,47,47,47,47,47,47,47,47,47,47,47,47,47,47,47,47,47,47,47,47,47,47,47,47,47,47,47,47,47,47,47,47,47,47,47,47,47,47,47,47,790,790,790,790,790,790,790,790,790,790,790,790,795,790,790,790,795,795,795,795,795,795,795,795,795,795,795,795,795,795,795,795,795,795,790,795,790,790,790,790,790,790,795,795,790,790,795,795,795,795,795,795,795,795,795,795,795,795,795,795,790,790,790,795
-0.5,22,22,22,22,22,22,22,22,22,22,22,23,23,22,22,23,23,23,23,23,23,23,23,23,23,23,23,23,23,23,23,23,23,22,22,23,22,22,22,22,22,22,23,23,23,23,23,23,23,23,23,23,23,23,23,23,23,22,23,23,22,22,22,23,47,47,47,47,47,47,47,47,47,47,47,47,47,47,47,47,47,47,47,47,47,47,47,47,47,47,47,47,47,47,47,47,47,47,47,47,47,47,47,47,47,47,47,47,47,47,47,47,47,47,47,47,47,47,47,47,47,47,47,47,47,47,47,47,790,790,790,790,790,790,790,790,790,790,790,795,795,790,790,795,795,795,795,795,795,795,795,795,795,795,795,795,795,795,795,795,795,790,790,795,790,790,790,790,790,790,795,795,795,795,795,795,795,795,795,795,795,795,795,795,795,790,795,795,790,790,790,795
0,26,27,28,28,29,29,27,27,26,27,26,26,26,26,25,23,23,23,22,23,22,22,22,22,22,22,22,22,22,22,22,22,22,22,22,22,22,22,22,22,22,23,22,22,23,22,23,23,23,22,23,23,23,23,23,23,23,23,23,23,23,23,22,23,47,47,47,47,47,47,47,47,47,47,47,47,47,47,47,47,47,47,47,47,47,47,47,47,47,47,47,47,47,47,47,47,47,47,47,47,47,47,47,47,47,47,47,47,47,47,47,47,47,47,47,47,47,47,47,47,47,47,47,47,47,47,47,47,810,815,820,820,825,825,815,815,810,815,810,810,810,810,805,795,795,795,790,795,790,790,790,790,790,790,790,790,790,790,790,790,790,790,790,790,790,790,790,790,790,795,790,790,795,790,795,795,795,790,795,795,795,795,795,795,795,795,795,795,795,795,790,795
0.5,31,30,29,29,29,29,27,27,26,27,26,26,26,26,25,24,23,24,23,24,24,24,24,24,24,23,24,24,23,23,24,24,24,24,24,24,24,24,24,24,24,25,24,24,25,25,25,24,24,24,25,25,24,25,25,25,25,24,24,24,24,25,24,24,47,47,47,47,47,47,47,47,47,47,47,47,47,47,47,47,47,47,47,47,47,47,47,47,47,47,47,47,47,47,47,47,47,47,47,47,47,47,47,47,47,47,47,47,47,47,47,47,47,47,47,47,47,47,47,47,47,47,47,47,47,47,47,47,835,830,825,825,825,825,815,815,810,815,810,810,810,810,805,800,795,800,795,800,800,800,800,800,800,795,800,800,795,795,800,800,800,800,800,800,800,800,800,800,800,805,800,800,805,805,805,800,800,800,805,805,800,805,805,805,805,800,800,800,800,805,800,800
1,33,33,31,30,30,29,28,28,28,28,28,28,28,27,27,26,26,26,26,26,26,26,27,27,27,26,27,27,27,27,26,27,27,27,27,27,27,27,27,27,27,27,27,27,28,28,27,27,27,27,27,27,27,27,27,27,27,27,27,27,27,27,27,27,47,47,47,47,47,47,47,47,47,47,47,47,47,47,47,47,47,47,47,47,47,47,47,47,47,47,47,47,47,47,47,47,47,47,47,47,47,47,47,47,47,47,47,47,47,47,47,47,47,47,47,47,47,47,47,47,47,47,47,47,47,47,47,47,845,845,835,830,830,825,820,820,820,820,820,820,820,815,815,810,810,810,810,810,810,810,815,815,815,810,815,815,815,815,810,815,815,815,815,815,815,815,815,815,815,815,815,815,820,820,815,815,815,815,815,815,815,815,815,815,815,815,815,815,815,815,815,815
1.5,32,32,30,29,29,28,28,27,28,27,27,28,28,27,27,27,27,27,27,27,27,27,27,27,28,27,27,27,28,28,27,27,27,27,27,28,28,27,27,28,28,27,28,28,28,28,28,28,28,28,28,28,28,28,28,28,28,28,27,28,28,28,28,28,47,47,47,47,47,47,47,47,47,47,47,47,47,47,47,47,47,47,47,47,47,47,47,47,47,47,47,47,47,47,47,47,47,47,47,47,47,47,47,47,47,47,47,47,47,47,47,47,47,47,47,47,47,47,47,47,47,47,47,47,47,47,47,47,840,840,830,825,825,820,820,815,820,815,815,820,820,815,815,815,815,815,815,815,815,815,815,815,820,815,815,815,820,820,815,815,815,815,815,820,820,815,815,820,820,815,820,820,820,820,820,820,820,820,820,820,820,820,820,820,820,820,815,820,820,820,820,820
2,31,31,28,28,27,27,27,27,27,28,27,28,28,28,28,28,28,28,28,27,27,28,27,29,28,28,28,28,28,28,28,28,28,28,28,28,28,29,29,28,29,29,29,29,29,29,28,28,28,28,29,29,29,29,29,29,29,29,28,27,28,28,28,28,47,47,47,47,47,47,47,47,47,47,47,47,47,47,47,47,47,47,47,47,47,47,47,47,47,47,47,47,47,47,47,47,47,47,47,47,47,47,47,47,47,47,47,47,47,47,47,47,47,47,47,47,47,47,47,47,47,47,47,47,47,47,47,47,835,835,820,820,815,815,815,815,815,820,815,820,820,820,820,820,820,820,820,815,815,820,815,825,820,820,820,820,820,820,820,820,820,820,820,820,820,825,825,820,825,825,825,825,825,825,820,820,820,820,825,825,825,825,825,825,825,825,820,815,820,820,820,820
2.5,30,30,28,28,28,28,28,28,28,29,28,28,29,29,29,29,29,29,29,29,28,29,29,30,29,30,29,29,29,29,29,29,30,30,29,29,30,30,30,30,30,30,30,30,30,30,29,29,29,29,30,30,30,30,30,30,29,30,29,28,29,29,29,29,47,47,47,47,47,47,47,47,47,47,47,47,47,47,47,47,47,47,47,47,47,47,47,47,47,47,47,47,47,47,47,47,47,47,47,47,47,47,47,47,47,47,47,47,47,47,47,47,47,47,47,47,47,47,47,47,47,47,47,47,47,47,47,47,830,830,820,820,820,820,820,820,820,825,820,820,825,825,825,825,825,825,825,825,820,825,825,830,825,830,825,825,825,825,825,825,830,830,825,825,830,830,830,830,830,830,830,830,830,830,825,825,825,825,830,830,830,830,830,830,825,830,825,820,825,825,825,825
3,29,29,28,27,28,28,27,27,28,28,28,28,28,28,28,29,29,28,29,28,29,28,29,29,29,29,29,29,29,29,29,29,29,29,29,28,29,30,29,29,29,29,29,29,29,29,29,29,29,29,29,29,29,29,29,29,29,29,29,29,28,29,29,29,47,47,47,47,47,47,47,47,47,47,47,47,47,47,47,47,47,47,47,47,47,47,47,47,47,47,47,47,47,47,47,47,47,47,47,47,47,47,47,47,47,47,47,47,47,47,47,47,47,47,47,47,47,47,47,47,47,47,47,47,47,47,47,47,825,825,820,815,820,820,815,815,820,820,820,820,820,820,820,825,825,820,825,820,825,820,825,825,825,825,825,825,825,825,825,825,825,825,825,820,825,830,825,825,825,825,825,825,825,825,825,825,825,825,825,825,825,825,825,825,825,825,825,825,820,825,825,825
3.5,28,28,27,27,27,27,27,27,27,28,28,28,28,28,29,28,28,28,28,28,28,28,28,28,28,28,29,28,29,29,29,29,28,29,28,27,29,29,29,29,29,29,29,28,29,29,28,28,28,29,29,29,29,28,29,29,29,29,29,28,27,28,29,29,47,47,47,47,47,47,47,47,47,47,47,47,47,47,47,47,47,47,47,47,47,47,47,47,47,47,47,47,47,47,47,47,47,47,47,47,47,47,47,47,47,47,47,47,47,47,47,47,47,47,47,47,47,47,47,47,47,47,47,47,47,47,47,47,820,820,815,815,815,815,815,815,815,820,820,820,820,820,825,820,820,820,820,820,820,820,820,820,820,820,825,820,825,825,825,825,820,825,820,815,825,825,825,825,825,825,825,820,825,825,820,820,820,825,825,825,825,820,825,825,825,825,825,820,815,820,825,825
4,28,27,28,28,28,28,28,28,28,29,29,29,29,29,29,29,29,29,29,29,29,29,29,29,29,29,29,29,30,29,29,29,29,29,28,28,29,29,29,29,29,29,29,29,29,29,28,29,28,29,29,29,29,29,29,29,29,29,29,28,28,29,29,29,47,47,47,47,47,47,47,47,47,47,47,47,47,47,47,47,47,47,47,47,47,47,47,47,47,47,47,47,47,47,47,47,47,47,47,47,47,47,47,47,47,47,47,47,47,47,47,47,47,47,47,47,47,47,47,47,47,47,47,47,47,47,47,47,820,815,820,820,820,820,820,820,820,825,825,825,825,825,825,825,825,825,825,825,825,825,825,825,825,825,825,825,830,825,825,825,825,825,820,820,825,825,825,825,825,825,825,825,825,825,820,825,820,825,825,825,825,825,825,825,825,825,825,820,820,825,825,825
4.5,27,26,28,27,27,27,27,28,27,28,28,28,28,28,28,28,29,28,28,28,28,28,28,28,28,28,29,28,29,28,28,28,28,28,28,28,28,28,27,28,28,27,28,28,28,28,27,28,28,28,28,28,28,28,28,28,28,28,28,28,28,28,28,28,47,47,47,47,47,47,47,47,47,47,47,47,47,47,47,47,47,47,47,47,47,47,47,47,47,47,47,47,47,47,47,47,47,47,47,47,47,47,47,47,47,47,47,47,47,47,47,47,47,47,47,47,47,47,47,47,47,47,47,47,47,47,47,47,815,810,820,815,815,815,815,820,815,820,820,820,820,820,820,820,825,820,820,820,820,820,820,820,820,820,825,820,825,820,820,820,820,820,820,820,820,820,815,820,820,815,820,820,820,820,815,820,820,820,820,820,820,820,820,820,820,820,820,820,820,820,820,820
5,26,27,27,28,27,27,27,27,27,28,28,28,28,28,28,28,28,28,27,28,28,27,28,27,27,27,28,28,28,29,27,28,28,28,27,27,28,28,28,28,29,28,28,28,28,27,28,27,27,28,28,27,28,28,27,27,28,28,28,27,27,28,28,28,47,47,47,47,47,47,47,47,47,47,47,47,47,47,47,47,47,47,47,47,47,47,47,47,47,47,47,47,47,47,47,47,47,47,47,47,47,47,47,47,47,47,47,47,47,47,47,47,47,47,47,47,47,47,47,47,47,47,47,47,47,47,47,47,810,815,815,820,815,815,815,815,815,820,820,820,820,820,820,820,820,820,815,820,820,815,820,815,815,815,820,820,820,825,815,820,820,820,815,815,820,820,820,820,825,820,820,820,820,815,820,815,815,820,820,815,820,820,815,815,820,820,820,815,815,820,820,820
5.5,28,28,28,28,28,28,28,28,28,28,29,29,29,28,28,28,28,29,28,29,28,28,28,28,28,28,28,29,28,29,28,29,28,28,28,27,28,29,28,29,29,29,28,28,28,28,29,28,27,28,28,28,28,29,28,28,28,28,28,27,28,28,28,28,47,47,47,47,47,47,47,47,47,47,47,47,47,47,47,47,47,47,47,47,47,47,47,47,47,47,47,47,47,47,47,47,47,47,47,47,47,47,47,47,47,47,47,47,47,47,47,47,47,47,47,47,47,47,47,47,47,47,47,47,47,47,47,47,820,820,820,820,820,820,820,820,820,820,825,825,825,820,820,820,820,825,820,825,820,820,820,820,820,820,820,825,820,825,820,825,820,820,820,815,820,825,820,825,825,825,820,820,820,820,825,820,815,820,820,820,820,825,820,820,820,820,820,815,820,820,820,820
6,28,27,28,27,28,28,27,28,27,28,27,28,28,28,27,28,28,27,28,28,28,28,28,28,27,27,28,28,27,28,27,27,27,28,28,28,27,28,27,27,28,28,28,28,27,27,28,28,28,28,27,27,28,28,27,27,27,27,28,28,28,28,28,28,47,47,47,47,47,47,47,47,47,47,47,47,47,47,47,47,47,47,47,47,47,47,47,47,47,47,47,47,47,47,47,47,47,47,47,47,47,47,47,47,47,47,47,47,47,47,47,47,47,47,47,47,47,47,47,47,47,47,47,47,47,47,47,47,820,815,820,815,820,820,815,820,815,820,815,820,820,820,815,820,820,815,820,820,820,820,820,820,815,815,820,820,815,820,815,815,815,820,820,820,815,820,815,815,820,820,820,820,815,815,820,820,820,820,815,815,820,820,815,815,815,815,820,820,820,820,820,820
6.5,28,28,27,27,28,28,27,28,27,28,28,28,28,27,28,28,27,27,27,27,27,27,28,27,27,27,27,28,28,28,27,27,27,27,27,27,27,28,27,27,28,28,28,28,27,27,28,28,27,27,27,27,28,27,27,27,28,27,27,27,27,28,28,27,47,47,47,47,47,47,47,47,47,47,47,47,47,47,47,47,47,47,47,47,47,47,47,47,47,47,47,47,47,47,47,47,47,47,47,47,47,47,47,47,47,47,47,47,47,47,47,47,47,47,47,47,47,47,47,47,47,47,47,47,47,47,47,47,820,820,815,815,820,820,815,820,815,820,820,820,820,815,820,820,815,815,815,815,815,815,820,815,815,815,815,820,820,820,815,815,815,815,815,815,815,820,815,815,820,820,820,820,815,815,820,820,815,815,815,815,820,815,815,815,820,815,815,815,815,820,820,815
7,28,28,28,28,29,28,28,28,28,28,29,28,28,28,29,29,28,28,28,28,28,28,29,28,28,28,28,29,28,28,28,28,28,28,28,28,28,28,28,28,28,28,28,29,28,28,28,29,28,28,28,28,28,29,28,28,28,28,28,28,28,28,28,28,47,47,47,47,47,47,47,47,47,47,47,47,47,47,47,47,47,47,47,47,47,47,47,47,47,47,47,47,47,47,47,47,47,47,47,47,47,47,47,47,47,47,47,47,47,47,47,47,47,47,47,47,47,47,47,47,47,47,47,47,47,47,47,47,820,820,820,820,825,820,820,820,820,820,825,820,820,820,825,825,820,820,820,820,820,820,825,820,820,820,820,825,820,820,820,820,820,820,820,820,820,820,820,820,820,820,820,825,820,820,820,825,820,820,820,820,820,825,820,820,820,820,820,820,820,820,820,820
7.5,28,28,28,27,28,28,28,28,28,27,28,28,28,28,28,29,28,27,28,28,28,28,28,27,28,28,29,28,27,28,28,27,28,28,28,28,28,28,27,27,27,27,28,28,28,27,28,28,28,28,27,28,28,28,28,27,27,27,28,28,28,28,27,28,47,47,47,47,47,47,47,47,47,47,47,47,47,47,47,47,47,47,47,47,47,47,47,47,47,47,47,47,47,47,47,47,47,47,47,47,47,47,47,47,47,47,47,47,47,47,47,47,47,47,47,47,47,47,47,47,47,47,47,47,47,47,47,47,820,820,820,815,820,820,820,820,820,815,820,820,820,820,820,825,820,815,820,820,820,820,820,815,820,820,825,820,815,820,820,815,820,820,820,820,820,820,815,815,815,815,820,820,820,815,820,820,820,820,815,820,820,820,820,815,815,815,820,820,820,820,815,820
8,28,28,27,27,28,27,27,28,27,27,28,28,28,28,27,28,27,26,27,27,27,27,27,27,27,28,27,27,28,28,28,27,27,28,28,28,28,28,28,28,27,28,28,28,27,27,27,28,27,28,28,27,28,28,27,27,28,27,28,28,28,28,27,27,47,47,47,47,47,47,47,47,47,47,47,47,47,47,47,47,47,47,47,47,47,47,47,47,47,47,47,47,47,47,47,47,47,47,47,47,47,47,47,47,47,47,47,47,47,47,47,47,47,47,47,47,47,47,47,47,47,47,47,47,47,47,47,47,820,820,815,815,820,815,815,820,815,815,820,820,820,820,815,820,815,810,815,815,815,815,815,815,815,820,815,815,820,820,820,815,815,820,820,820,820,820,820,820,815,820,820,820,815,815,815,820,815,820,820,815,820,820,815,815,820,815,820,820,820,820,815,815
8.5,28,28,28,28,28,28,28,28,28,28,29,28,29,29,27,28,27,27,27,28,28,28,28,28,28,29,27,28,28,28,28,28,28,28,28,28,29,28,28,29,28,29,28,28,28,28,28,28,27,29,29,28,28,28,27,27,28,28,28,28,28,28,28,28,47,47,47,47,47,47,47,47,47,47,47,47,47,47,47,47,47,47,47,47,47,47,47,47,47,47,47,47,47,47,47,47,47,47,47,47,47,47,47,47,47,47,47,47,47,47,47,47,47,47,47,47,47,47,47,47,47,47,47,47,47,47,47,47,820,820,820,820,820,820,820,820,820,820,825,820,825,825,815,820,815,815,815,820,820,820,820,820,820,825,815,820,820,820,820,820,820,820,820,820,825,820,820,825,820,825,820,820,820,820,820,820,815,825,825,820,820,820,815,815,820,820,820,820,820,820,820,820
9,28,28,28,28,28,28,28,28,28,28,27,27,27,28,28,28,28,28,27,28,28,28,27,28,28,28,28,28,27,28,28,28,28,28,28,28,27,28,28,28,28,28,29,28,28,28,28,28,28,28,28,28,28,28,28,28,28,28,28,28,28,28,27,28,47,47,47,47,47,47,47,47,47,47,47,47,47,47,47,47,47,47,47,47,47,47,47,47,47,47,47,47,47,47,47,47,47,47,47,47,47,47,47,47,47,47,47,47,47,47,47,47,47,47,47,47,47,47,47,47,47,47,47,47,47,47,47,47,820,820,820,820,820,820,820,820,820,820,815,815,815,820,820,820,820,820,815,820,820,820,815,820,820,820,820,820,815,820,820,820,820,820,820,820,815,820,820,820,820,820,825,820,820,820,820,820,820,820,820,820,820,820,820,820,820,820,820,820,820,820,815,820
9.5,28,27,27,28,28,27,27,27,28,27,28,27,27,28,29,28,27,28,27,27,27,27,27,27,27,27,28,27,28,28,28,27,28,28,27,28,27,28,28,28,28,28,29,28,28,28,27,27,28,27,27,28,28,28,27,27,28,27,27,27,28,28,27,27,47,47,47,47,47,47,47,47,47,47,47,47,47,47,47,47,47,47,47,47,47,47,47,47,47,47,47,47,47,47,47,47,47,47,47,47,47,47,47,47,47,47,47,47,47,47,47,47,47,47,47,47,47,47,47,47,47,47,47,47,47,47,47,47,820,815,815,820,820,815,815,815,820,815,820,815,815,820,825,820,815,820,815,815,815,815,815,815,815,815,820,815,820,820,820,815,820,820,815,820,815,820,820,820,820,820,825,820,820,820,815,815,820,815,815,820,820,820,815,815,820,815,815,815,820,820,815,815
10,29,28,28,28,28,27,27,27,28,28,28,28,28,29,29,28,27,28,28,29,28,28,28,28,28,28,27,29,28,29,28,28,28,28,27,27,28,29,29,28,29,29,27,29,29,29,28,28,27,27,28,29,28,29,27,28,29,28,27,27,28,28,28,27,47,47,47,47,47,47,47,47,47,47,47,47,47,47,47,47,47,47,47,47,47,47,47,47,47,47,47,47,47,47,47,47,47,47,47,47,47,47,47,47,47,47,47,47,47,47,47,47,47,47,47,47,47,47,47,47,47,47,47,47,47,47,47,47,825,820,820,820,820,815,815,815,820,820,820,820,820,825,825,820,815,820,820,825,820,820,820,820,820,820,815,825,820,825,820,820,820,820,815,815,820,825,825,820,825,825,815,825,825,825,820,820,815,815,820,825,820,825,815,820,825,820,815,815,820,820,820,815
10.5,28,27,28,28,28,28,28,28,28,28,28,28,28,28,28,29,28,28,28,29,28,28,28,27,27,28,28,29,27,28,28,28,28,28,28,27,28,28,28,28,28,28,28,28,28,29,28,28,28,28,28,28,28,28,28,28,28,28,28,28,28,27,27,28,47,47,47,47,47,47,47,47,47,47,47,47,47,47,47,47,47,47,47,47,47,47,47,47,47,47,47,47,47,47,47,47,47,47,47,47,47,47,47,47,47,47,47,47,47,47,47,47,47,47,47,47,47,47,47,47,47,47,47,47,47,47,47,47,820,815,820,820,820,820,820,820,820,820,820,820,820,820,820,825,820,820,820,825,820,820,820,815,815,820,820,825,815,820,820,820,820,820,820,815,820,820,820,820,820,820,820,820,820,825,820,820,820,820,820,820,820,820,820,820,820,820,820,820,820,815,815,820
11,27,27,27,28,27,27,27,27,27,27,28,27,27,27,28,28,28,28,28,28,26,27,28,27,27,27,28,27,27,28,27,28,27,27,27,28,27,28,27,28,28,28,28,28,28,27,27,27,27,27,27,27,28,27,28,27,28,28,27,28,27,28,27,28,47,47,47,47,47,47,47,47,47,47,47,47,47,47,47,47,47,47,47,47,47,47,47,47,47,47,47,47,47,47,47,47,47,47,47,47,47,47,47,47,47,47,47,47,47,47,47,47,47,47,47,47,47,47,47,47,47,47,47,47,47,47,47,47,815,815,815,820,815,815,815,815,815,815,820,815,815,815,820,820,820,820,820,820,810,815,820,815,815,815,820,815,815,820,815,820,815,815,815,820,815,820,815,820,820,820,820,820,820,815,815,815,815,815,815,815,820,815,820,815,820,820,815,820,815,820,815,820
11.5,27,27,27,28,28,27,28,26,27,27,29,28,28,28,28,28,27,29,28,28,27,27,28,27,27,27,28,28,28,28,28,28,28,28,28,27,28,28,28,28,29,29,27,29,28,27,28,28,26,27,28,27,28,28,28,27,28,28,27,27,28,29,28,28,47,47,47,47,47,47,47,47,47,47,47,47,47,47,47,47,47,47,47,47,47,47,47,47,47,47,47,47,47,47,47,47,47,47,47,47,47,47,47,47,47,47,47,47,47,47,47,47,47,47,47,47,47,47,47,47,47,47,47,47,47,47,47,47,815,815,815,820,820,815,820,810,815,815,825,820,820,820,820,820,815,825,820,820,815,815,820,815,815,815,820,820,820,820,820,820,820,820,820,815,820,820,820,820,825,825,815,825,820,815,820,820,810,815,820,815,820,820,820,815,820,820,815,815,820,825,820,820
12,28,28,28,28,28,28,28,26,27,28,28,28,28,28,27,28,28,28,29,29,28,28,28,28,27,27,28,28,27,28,28,28,28,28,28,27,28,28,27,27,28,28,27,28,27,28,28,28,27,28,28,28,27,27,28,28,27,28,28,28,27,28,28,28,47,47,47,47,47,47,47,47,47,47,47,47,47,47,47,47,47,47,47,47,47,47,47,47,47,47,47,47,47,47,47,47,47,47,47,47,47,47,47,47,47,47,47,47,47,47,47,47,47,47,47,47,47,47,47,47,47,47,47,47,47,47,47,47,820,820,820,820,820,820,820,810,815,820,820,820,820,820,815,820,820,820,825,825,820,820,820,820,815,815,820,820,815,820,820,820,820,820,820,815,820,820,815,815,820,820,815,820,815,820,820,820,815,820,820,820,815,815,820,820,815,820,820,820,815,820,820,820
12.5,26,27,27,27,27,27,27,27,27,27,28,27,27,27,27,28,28,27,28,28,27,27,27,27,26,26,28,26,27,27,28,28,27,28,27,28,28,28,27,27,27,27,28,28,27,27,27,27,27,27,27,27,27,27,28,27,27,28,27,28,27,27,28,27,47,47,47,47,47,47,47,47,47,47,47,47,47,47,47,47,47,47,47,47,47,47,47,47,47,47,47,47,47,47,47,47,47,47,47,47,47,47,47,47,47,47,47,47,47,47,47,47,47,47,47,47,47,47,47,47,47,47,47,47,47,47,47,47,810,815,815,815,815,815,815,815,815,815,820,815,815,815,815,820,820,815,820,820,815,815,815,815,810,810,820,810,815,815,820,820,815,820,815,820,820,820,815,815,815,815,820,820,815,815,815,815,815,815,815,815,815,815,820,815,815,820,815,820,815,815,820,815
13,26,27,27,28,28,27,27,26,26,27,29,27,28,28,28,28,27,28,27,27,27,28,28,27,27,27,27,27,27,27,28,28,28,27,27,27,28,28,28,28,28,28,28,28,27,27,27,27,27,27,27,27,28,28,27,27,28,28,28,27,28,28,28,27,47,47,47,47,47,47,47,47,47,47,47,47,47,47,47,47,47,47,47,47,47,47,47,47,47,47,47,47,47,47,47,47,47,47,47,47,47,47,47,47,47,47,47,47,47,47,47,47,47,47,47,47,47,47,47,47,47,47,47,47,47,47,47,47,810,815,815,820,820,815,815,810,810,815,825,815,820,820,820,820,815,820,815,815,815,820,820,815,815,815,815,815,815,815,820,820,820,815,815,815,820,820,820,820,820,820,820,820,815,815,815,815,815,815,815,815,820,820,815,815,820,820,820,815,820,820,820,815
13.5,27,28,28,28,28,28,27,26,27,28,28,27,28,28,27,28,28,28,28,28,28,28,28,28,28,28,28,27,27,28,28,29,28,28,28,26,28,28,28,27,28,28,28,28,28,28,28,28,27,28,27,28,28,28,28,28,27,29,29,28,28,28,27,27,47,47,47,47,47,47,47,47,47,47,47,47,47,47,47,47,47,47,47,47,47,47,47,47,47,47,47,47,47,47,47,47,47,47,47,47,47,47,47,47,47,47,47,47,47,47,47,47,47,47,47,47,47,47,47,47,47,47,47,47,47,47,47,47,815,820,820,820,820,820,815,810,815,820,820,815,820,820,815,820,820,820,820,820,820,820,820,820,820,820,820,815,815,820,820,825,820,820,820,810,820,820,820,815,820,820,820,820,820,820,820,820,815,820,815,820,820,820,820,820,815,825,825,820,820,820,815,815
14,27,28,28,27,27,27,27,28,28,27,27,27,27,28,28,27,27,27,27,27,27,28,27,28,27,28,28,28,27,27,27,28,27,28,27,27,28,28,27,27,27,27,28,28,28,28,27,27,28,27,28,27,27,26,28,28,27,27,28,28,27,27,27,27,47,47,47,47,47,47,47,47,47,47,47,47,47,47,47,47,47,47,47,47,47,47,47,47,47,47,47,47,47,47,47,47,47,47,47,47,47,47,47,47,47,47,47,47,47,47,47,47,47,47,47,47,47,47,47,47,47,47,47,47,47,47,47,47,815,820,820,815,815,815,815,820,820,815,815,815,815,820,820,815,815,815,815,815,815,820,815,820,815,820,820,820,815,815,815,820,815,820,815,815,820,820,815,815,815,815,820,820,820,820,815,815,820,815,820,815,815,810,820,820,815,815,820,820,815,815,815,815
14.5,27,27,27,26,27,26,27,28,27,26,28,28,27,28,28,27,27,27,26,26,27,27,27,27,27,27,27,27,28,25,27,27,27,26,27,27,29,28,27,28,27,27,27,28,27,27,27,27,27,27,28,27,27,27,27,27,28,26,28,27,27,28,28,26,47,47,47,47,47,47,47,47,47,47,47,47,47,47,47,47,47,47,47,47,47,47,47,47,47,47,47,47,47,47,47,47,47,47,47,47,47,47,47,47,47,47,47,47,47,47,47,47,47,47,47,47,47,47,47,47,47,47,47,47,47,47,47,47,815,815,815,810,815,810,815,820,815,810,820,820,815,820,820,815,815,815,810,810,815,815,815,815,815,815,815,815,820,805,815,815,815,810,815,815,825,820,815,820,815,815,815,820,815,815,815,815,815,815,820,815,815,815,815,815,820,810,820,815,815,820,820,810
15,27,27,28,27,28,27,28,27,27,27,27,28,28,28,28,28,28,27,27,27,28,28,28,28,28,28,27,28,28,26,28,27,27,26,27,27,29,27,28,28,28,27,27,28,27,27,28,27,27,27,28,28,28,28,26,27,28,27,28,28,27,27,27,26,47,47,47,47,47,47,47,47,47,47,47,47,47,47,47,47,47,47,47,47,47,47,47,47,47,47,47,47,47,47,47,47,47,47,47,47,47,47,47,47,47,47,47,47,47,47,47,47,47,47,47,47,47,47,47,47,47,47,47,47,47,47,47,47,815,815,820,815,820,815,820,815,815,815,815,820,820,820,820,820,820,815,815,815,820,820,820,820,820,820,815,820,820,810,820,815,815,810,815,815,825,815,820,820,820,815,815,820,815,815,820,815,815,815,820,820,820,820,810,815,820,815,820,820,815,815,815,810
15.5,28,27,28,27,27,28,28,28,27,28,26,27,27,27,27,27,28,27,27,27,28,27,27,28,28,28,28,28,27,27,28,27,28,27,27,27,28,27,27,27,28,27,28,28,27,27,27,27,27,28,27,28,27,27,27,27,27,27,28,28,27,27,27,27,47,47,47,47,47,47,47,47,47,47,47,47,47,47,47,47,47,47,47,47,47,47,47,47,47,47,47,47,47,47,47,47,47,47,47,47,47,47,47,47,47,47,47,47,47,47,47,47,47,47,47,47,47,47,47,47,47,47,47,47,47,47,47,47,820,815,820,815,815,820,820,820,815,820,810,815,815,815,815,815,820,815,815,815,820,815,815,820,820,820,820,820,815,815,820,815,820,815,815,815,820,815,815,815,820,815,820,820,815,815,815,815,815,820,815,820,815,815,815,815,815,815,820,820,815,815,815,815
16,28,27,27,25,26,27,27,27,28,27,27,27,27,28,28,28,27,27,26,26,27,26,27,27,27,27,27,27,27,27,27,26,26,26,26,27,27,28,27,27,27,27,28,28,26,27,26,27,28,27,27,27,28,26,27,27,28,26,27,27,26,27,27,27,47,47,47,47,47,47,47,47,47,47,47,47,47,47,47,47,47,47,47,47,47,47,47,47,47,47,47,47,47,47,47,47,47,47,47,47,47,47,47,47,47,47,47,47,47,47,47,47,47,47,47,47,47,47,47,47,47,47,47,47,47,47,47,47,820,815,815,805,810,815,815,815,820,815,815,815,815,820,820,820,815,815,810,810,815,810,815,815,815,815,815,815,815,815,815,810,810,810,810,815,815,820,815,815,815,815,820,820,810,815,810,815,820,815,815,815,820,810,815,815,820,810,815,815,810,815,815,815
16.5,27,27,26,25,26,26,28,27,27,27,28,28,28,27,27,28,26,28,26,26,27,27,27,27,27,28,27,27,28,26,28,27,26,26,26,27,28,28,28,27,28,28,27,28,26,26,26,28,27,27,28,27,28,27,26,26,28,27,27,27,26,28,28,27,47,47,47,47,47,47,47,47,47,47,47,47,47,47,47,47,47,47,47,47,47,47,47,47,47,47,47,47,47,47,47,47,47,47,47,47,47,47,47,47,47,47,47,47,47,47,47,47,47,47,47,47,47,47,47,47,47,47,47,47,47,47,47,47,815,815,810,805,810,810,820,815,815,815,820,820,820,815,815,820,810,820,810,810,815,815,815,815,815,820,815,815,820,810,820,815,810,810,810,815,820,820,820,815,820,820,815,820,810,810,810,820,815,815,820,815,820,815,810,810,820,815,815,815,810,820,820,815
17,27,28,27,26,27,27,28,27,26,27,26,27,27,27,26,27,27,28,27,27,27,27,27,28,28,27,27,28,27,27,28,27,27,27,27,27,27,27,27,27,27,27,27,27,27,27,27,27,26,27,27,28,27,28,27,27,27,27,27,28,27,27,26,27,47,47,47,47,47,47,47,47,47,47,47,47,47,47,47,47,47,47,47,47,47,47,47,47,47,47,47,47,47,47,47,47,47,47,47,47,47,47,47,47,47,47,47,47,47,47,47,47,47,47,47,47,47,47,47,47,47,47,47,47,47,47,47,47,815,820,815,810,815,815,820,815,810,815,810,815,815,815,810,815,815,820,815,815,815,815,815,820,820,815,815,820,815,815,820,815,815,815,815,815,815,815,815,815,815,815,815,815,815,815,815,815,810,815,815,820,815,820,815,815,815,815,815,820,815,815,810,815
17.5,27,27,27,27,26,27,27,27,27,27,26,26,27,26,27,27,26,27,27,27,26,26,26,27,27,26,27,27,27,27,27,27,27,28,27,27,27,28,27,28,27,28,27,27,27,27,26,26,27,27,26,27,27,27,28,27,26,26,26,27,26,27,26,27,47,47,47,47,47,47,47,47,47,47,47,47,47,47,47,47,47,47,47,47,47,47,47,47,47,47,47,47,47,47,47,47,47,47,47,47,47,47,47,47,47,47,47,47,47,47,47,47,47,47,47,47,47,47,47,47,47,47,47,47,47,47,47,47,815,815,815,815,810,815,815,815,815,815,810,810,815,810,815,815,810,815,815,815,810,810,810,815,815,810,815,815,815,815,815,815,815,820,815,815,815,820,815,820,815,820,815,815,815,815,810,810,815,815,810,815,815,815,820,815,810,810,810,815,810,815,810,815
18,27,27,26,26,26,27,27,26,26,26,27,27,28,27,27,28,26,27,26,26,26,26,27,27,27,27,26,27,27,27,27,27,26,26,26,28,28,28,28,27,28,28,26,27,26,26,26,27,27,27,27,26,27,27,27,26,28,26,26,26,27,27,26,26,47,47,47,47,47,47,47,47,47,47,47,47,47,47,47,47,47,47,47,47,47,47,47,47,47,47,47,47,47,47,47,47,47,47,47,47,47,47,47,47,47,47,47,47,47,47,47,47,47,47,47,47,47,47,47,47,47,47,47,47,47,47,47,47,815,815,810,810,810,815,815,810,810,810,815,815,820,815,815,820,810,815,810,810,810,810,815,815,815,815,810,815,815,815,815,815,810,810,810,820,820,820,820,815,820,820,810,815,810,810,810,815,815,815,815,810,815,815,815,810,820,810,810,810,815,815,810,810
18.5,27,27,26,26,27,27,27,26,26,26,27,27,28,27,26,27,27,27,26,26,27,27,27,27,28,27,26,27,27,26,27,28,26,26,25,27,27,27,27,26,28,27,26,27,26,27,26,27,26,27,27,27,27,28,26,26,27,27,27,26,28,27,26,26,47,47,47,47,47,47,47,47,47,47,47,47,47,47,47,47,47,47,47,47,47,47,47,47,47,47,47,47,47,47,47,47,47,47,47,47,47,47,47,47,47,47,47,47,47,47,47,47,47,47,47,47,47,47,47,47,47,47,47,47,47,47,47,47,815,815,810,810,815,815,815,810,810,810,815,815,820,815,810,815,815,815,810,810,815,815,815,815,820,815,810,815,815,810,815,820,810,810,805,815,815,815,815,810,820,815,810,815,810,815,810,815,810,815,815,815,815,820,810,810,815,815,815,810,820,815,810,810
19,28,27,27,27,27,27,26,27,26,27,27,26,26,27,26,27,27,27,27,27,26,27,26,27,27,27,27,27,27,26,27,27,27,27,26,26,27,27,27,26,27,26,27,28,27,27,27,27,27,27,26,27,26,27,27,26,27,27,26,27,27,26,26,27,47,47,47,47,47,47,47,47,47,47,47,47,47,47,47,47,47,47,47,47,47,47,47,47,47,47,47,47,47,47,47,47,47,47,47,47,47,47,47,47,47,47,47,47,47,47,47,47,47,47,47,47,47,47,47,47,47,47,47,47,47,47,47,47,820,815,815,815,815,815,810,815,810,815,815,810,810,815,810,815,815,815,815,815,810,815,810,815,815,815,815,815,815,810,815,815,815,815,810,810,815,815,815,810,815,810,815,820,815,815,815,815,815,815,810,815,810,815,815,810,815,815,810,815,815,810,810,815
19.5,27,27,27,27,26,26,25,27,27,26,27,25,26,27,27,28,27,27,26,26,27,26,25,27,27,27,27,27,27,26,27,26,27,27,27,26,27,27,27,26,27,27,27,28,26,26,26,26,27,26,27,26,26,27,27,27,27,26,26,27,26,26,25,27,47,47,47,47,47,47,47,47,47,47,47,47,47,47,47,47,47,47,47,47,47,47,47,47,47,47,47,47,47,47,47,47,47,47,47,47,47,47,47,47,47,47,47,47,47,47,47,47,47,47,47,47,47,47,47,47,47,47,47,47,47,47,47,47,815,815,815,815,810,810,805,815,815,810,815,805,810,815,815,820,815,815,810,810,815,810,805,815,815,815,815,815,815,810,815,810,815,815,815,810,815,815,815,810,815,815,815,820,810,810,810,810,815,810,815,810,810,815,815,815,815,810,810,815,810,810,805,815
20,27,26,26,25,25,26,26,26,27,25,27,26,27,27,26,27,27,28,26,25,27,25,25,27,27,28,27,27,27,26,27,27,26,25,26,26,27,27,27,27,27,27,26,27,26,26,25,26,26,27,27,26,27,28,26,26,28,26,26,25,26,26,25,26,47,47,47,47,47,47,47,47,47,47,47,47,47,47,47,47,47,47,47,47,47,47,47,47,47,47,47,47,47,47,47,47,47,47,47,47,47,47,47,47,47,47,47,47,47,47,47,47,47,47,47,47,47,47,47,47,47,47,47,47,47,47,47,47,815,810,810,805,805,810,810,810,815,805,815,810,815,815,810,815,815,820,810,805,815,805,805,815,815,820,815,815,815,810,815,815,810,805,810,810,815,815,815,815,815,815,810,815,810,810,805,810,810,815,815,810,815,820,810,810,820,810,810,805,810,810,805,810
20.5,27,27,27,24,25,26,26,27,26,26,27,27,27,26,26,26,27,27,25,25,27,25,26,26,26,27,27,27,26,25,27,27,27,25,25,26,27,26,26,26,26,26,26,27,27,27,25,27,26,27,26,27,26,28,25,25,27,27,27,25,27,27,26,26,47,47,47,47,47,47,47,47,47,47,47,47,47,47,47,47,47,47,47,47,47,47,47,47,47,47,47,47,47,47,47,47,47,47,47,47,47,47,47,47,47,47,47,47,47,47,47,47,47,47,47,47,47,47,47,47,47,47,47,47,47,47,47,47,815,815,815,800,805,810,810,815,810,810,815,815,815,810,810,810,815,815,805,805,815,805,810,810,810,815,815,815,810,805,815,815,815,805,805,810,815,810,810,810,810,810,810,815,815,815,805,815,810,815,810,815,810,820,805,805,815,815,815,805,815,815,810,810
21,28,27,27,24,26,27,26,27,27,27,25,26,26,27,26,26,26,26,26,26,26,26,26,26,27,26,28,27,26,26,27,26,27,26,25,25,26,26,26,26,26,26,27,28,27,27,26,27,27,27,26,27,26,26,25,25,26,26,26,26,26,26,26,27,47,47,47,47,47,47,47,47,47,47,47,47,47,47,47,47,47,47,47,47,47,47,47,47,47,47,47,47,47,47,47,47,47,47,47,47,47,47,47,47,47,47,47,47,47,47,47,47,47,47,47,47,47,47,47,47,47,47,47,47,47,47,47,47,820,815,815,800,810,815,810,815,815,815,805,810,810,815,810,810,810,810,810,810,810,810,810,810,815,810,820,815,810,810,815,810,815,810,805,805,810,810,810,810,810,810,815,820,815,815,810,815,815,815,810,815,810,810,805,805,810,810,810,810,810,810,810,815
21.5,27,26,27,25,26,26,25,26,27,26,25,25,26,27,27,27,26,27,27,27,26,26,25,27,27,27,27,27,27,27,27,26,27,26,26,24,27,27,26,27,27,27,27,27,27,27,26,26,26,26,27,27,26,26,26,26,27,26,26,26,25,25,25,27,47,47,47,47,47,47,47,47,47,47,47,47,47,47,47,47,47,47,47,47,47,47,47,47,47,47,47,47,47,47,47,47,47,47,47,47,47,47,47,47,47,47,47,47,47,47,47,47,47,47,47,47,47,47,47,47,47,47,47,47,47,47,47,47,815,810,815,805,810,810,805,810,815,810,805,805,810,815,815,815,810,815,815,815,810,810,805,815,815,815,815,815,815,815,815,810,815,810,810,800,815,815,810,815,815,815,815,815,815,815,810,810,810,810,815,815,810,810,810,810,815,810,810,810,805,805,805,815
22,26,26,27,26,24,25,25,25,26,26,26,25,26,26,26,26,27,27,25,25,27,25,24,27,27,27,26,27,26,26,27,27,27,26,26,25,27,26,27,26,26,26,26,26,26,26,25,26,26,26,27,26,26,27,26,26,27,26,26,25,25,24,25,26,47,47,47,47,47,47,47,47,47,47,47,47,47,47,47,47,47,47,47,47,47,47,47,47,47,47,47,47,47,47,47,47,47,47,47,47,47,47,47,47,47,47,47,47,47,47,47,47,47,47,47,47,47,47,47,47,47,47,47,47,47,47,47,47,810,810,815,810,800,805,805,805,810,810,810,805,810,810,810,810,815,815,805,805,815,805,800,815,815,815,810,815,810,810,815,815,815,810,810,805,815,810,815,810,810,810,810,810,810,810,805,810,810,810,815,810,810,815,810,810,815,810,810,805,805,800,805,810
22.5,27,27,27,26,24,25,26,25,26,27,26,26,26,26,26,26,27,26,24,24,26,26,24,26,26,26,26,26,25,25,26,26,27,26,26,26,26,25,26,25,25,25,27,27,26,26,24,27,26,27,26,27,26,27,25,25,26,27,26,25,26,25,26,27,47,47,47,47,47,47,47,47,47,47,47,47,47,47,47,47,47,47,47,47,47,47,47,47,47,47,47,47,47,47,47,47,47,47,47,47,47,47,47,47,47,47,47,47,47,47,47,47,47,47,47,47,47,47,47,47,47,47,47,47,47,47,47,47,815,815,815,810,800,805,810,805,810,815,810,810,810,810,810,810,815,810,800,800,810,810,800,810,810,810,810,810,805,805,810,810,815,810,810,810,810,805,810,805,805,805,815,815,810,810,800,815,810,815,810,815,810,815,805,805,810,815,810,805,810,805,810,815
23,26,27,26,26,24,25,26,26,26,26,26,26,26,26,27,26,26,26,24,25,25,26,25,27,26,26,27,26,26,25,26,26,27,26,26,26,27,25,25,25,26,25,27,27,27,27,24,26,27,26,25,27,25,26,25,24,25,26,26,25,26,26,26,27,47,47,47,47,47,47,47,47,47,47,47,47,47,47,47,47,47,47,47,47,47,47,47,47,47,47,47,47,47,47,47,47,47,47,47,47,47,47,47,47,47,47,47,47,47,47,47,47,47,47,47,47,47,47,47,47,47,47,47,47,47,47,47,47,810,815,810,810,800,805,810,810,810,810,810,810,810,810,815,810,810,810,800,805,805,810,805,815,810,810,815,810,810,805,810,810,815,810,810,810,815,805,805,805,810,805,815,815,815,815,800,810,815,810,805,815,805,810,805,800,805,810,810,805,810,810,810,815
23.5,26,26,26,26,25,26,25,26,27,25,25,25,26,26,27,27,26,26,25,25,26,26,26,27,27,27,26,26,27,25,27,26,26,27,27,26,27,25,25,25,27,26,27,26,26,26,25,26,26,25,26,26,24,26,25,24,26,25,26,26,25,25,26,26,47,47,47,47,47,47,47,47,47,47,47,47,47,47,47,47,47,47,47,47,47,47,47,47,47,47,47,47,47,47,47,47,47,47,47,47,47,47,47,47,47,47,47,47,47,47,47,47,47,47,47,47,47,47,47,47,47,47,47,47,47,47,47,47,810,810,810,810,805,810,805,810,815,805,805,805,810,810,815,815,810,810,805,805,810,810,810,815,815,815,810,810,815,805,815,810,810,815,815,810,815,805,805,805,815,810,815,810,810,810,805,810,810,805,810,810,800,810,805,800,810,805,810,810,805,805,810,810
24,26,25,26,27,26,25,24,25,26,25,25,24,27,25,26,26,27,26,26,26,27,26,26,27,27,26,26,27,26,27,26,27,26,27,27,26,26,26,26,26,27,26,26,26,26,26,27,26,25,25,27,27,25,26,26,25,26,25,27,26,25,24,27,27,47,47,47,47,47,47,47,47,47,47,47,47,47,47,47,47,47,47,47,47,47,47,47,47,47,47,47,47,47,47,47,47,47,47,47,47,47,47,47,47,47,47,47,47,47,47,47,47,47,47,47,47,47,47,47,47,47,47,47,47,47,47,47,47,810,805,810,815,810,805,800,805,810,805,805,800,815,805,810,810,815,810,810,810,815,810,810,815,815,810,810,815,810,815,810,815,810,815,815,810,810,810,810,810,815,810,810,810,810,810,815,810,805,805,815,815,805,810,810,805,810,805,815,810,805,800,815,815
24.5,26,26,26,26,26,25,23,25,26,26,26,25,26,25,26,25,26,25,27,27,26,26,26,26,26,26,26,26,25,27,25,26,26,26,26,27,27,26,26,26,26,26,27,27,26,26,27,26,24,25,27,27,26,26,26,26,25,26,27,26,25,24,27,28,47,47,47,47,47,47,47,47,47,47,47,47,47,47,47,47,47,47,47,47,47,47,47,47,47,47,47,47,47,47,47,47,47,47,47,47,47,47,47,47,47,47,47,47,47,47,47,47,47,47,47,47,47,47,47,47,47,47,47,47,47,47,47,47,810,810,810,810,810,805,795,805,810,810,810,805,810,805,810,805,810,805,815,815,810,810,810,810,810,810,810,810,805,815,805,810,810,810,810,815,815,810,810,810,810,810,815,815,810,810,815,810,800,805,815,815,810,810,810,810,805,810,815,810,805,800,815,820
25,26,27,26,26,26,25,24,26,27,26,25,25,25,26,26,25,25,25,27,27,25,27,26,26,26,26,26,25,24,26,25,26,27,25,25,26,27,26,25,25,25,25,27,28,26,27,26,27,25,26,26,27,26,26,26,26,24,26,26,27,26,26,27,27,47,47,47,47,47,47,47,47,47,47,47,47,47,47,47,47,47,47,47,47,47,47,47,47,47,47,47,47,47,47,47,47,47,47,47,47,47,47,47,47,47,47,47,47,47,47,47,47,47,47,47,47,47,47,47,47,47,47,47,47,47,47,47,47,810,815,810,810,810,805,800,810,815,810,805,805,805,810,810,805,805,805,815,815,805,815,810,810,810,810,810,805,800,810,805,810,815,805,805,810,815,810,805,805,805,805,815,820,810,815,810,815,805,810,810,815,810,810,810,810,800,810,810,815,810,810,815,815
25.5,26,26,26,26,27,26,25,26,27,25,25,26,25,26,27,26,25,26,27,27,25,27,27,27,27,27,26,25,25,26,26,27,26,25,26,26,26,25,25,25,26,26,26,27,27,27,26,26,26,27,26,27,25,25,26,26,24,25,26,27,26,27,27,26,47,47,47,47,47,47,47,47,47,47,47,47,47,47,47,47,47,47,47,47,47,47,47,47,47,47,47,47,47,47,47,47,47,47,47,47,47,47,47,47,47,47,47,47,47,47,47,47,47,47,47,47,47,47,47,47,47,47,47,47,47,47,47,47,810,810,810,810,815,810,805,810,815,805,805,810,805,810,815,810,805,810,815,815,805,815,815,815,815,815,810,805,805,810,810,815,810,805,810,810,810,805,805,805,810,810,810,815,815,815,810,810,810,815,810,815,805,805,810,810,800,805,810,815,810,815,815,810
26,26,26,26,26,27,26,26,26,26,24,25,27,26,26,27,26,26,26,28,28,26,25,27,26,26,26,25,26,26,26,26,27,25,26,26,26,26,25,26,25,26,26,25,26,27,27,26,24,26,26,26,27,25,26,26,26,26,25,27,27,26,26,27,27,47,47,47,47,47,47,47,47,47,47,47,47,47,47,47,47,47,47,47,47,47,47,47,47,47,47,47,47,47,47,47,47,47,47,47,47,47,47,47,47,47,47,47,47,47,47,47,47,47,47,47,47,47,47,47,47,47,47,47,47,47,47,47,47,810,810,810,810,815,810,810,810,810,800,805,815,810,810,815,810,810,810,820,820,810,805,815,810,810,810,805,810,810,810,810,815,805,810,810,810,810,805,810,805,810,810,805,810,815,815,810,800,810,810,810,815,805,810,810,810,810,805,815,815,810,810,815,815
26.5,26,26,27,27,27,26,26,27,26,24,25,27,26,25,26,25,26,26,27,27,26,25,26,25,25,25,25,26,26,27,25,26,25,27,26,26,26,26,27,27,26,26,26,27,27,27,26,24,26,25,27,27,26,26,27,27,26,26,27,26,26,25,26,27,47,47,47,47,47,47,47,47,47,47,47,47,47,47,47,47,47,47,47,47,47,47,47,47,47,47,47,47,47,47,47,47,47,47,47,47,47,47,47,47,47,47,47,47,47,47,47,47,47,47,47,47,47,47,47,47,47,47,47,47,47,47,47,47,810,810,815,815,815,810,810,815,810,800,805,815,810,805,810,805,810,810,815,815,810,805,810,805,805,805,805,810,810,815,805,810,805,815,810,810,810,810,815,815,810,810,810,815,815,815,810,800,810,805,815,815,810,810,815,815,810,810,815,810,810,805,810,815
27,26,27,26,27,26,26,27,26,26,25,26,28,25,25,26,24,25,26,26,26,27,25,25,25,25,25,27,26,26,27,24,26,26,27,25,27,26,26,27,27,26,25,26,26,27,27,27,24,26,25,26,25,27,26,27,27,26,26,26,27,27,25,26,26,47,47,47,47,47,47,47,47,47,47,47,47,47,47,47,47,47,47,47,47,47,47,47,47,47,47,47,47,47,47,47,47,47,47,47,47,47,47,47,47,47,47,47,47,47,47,47,47,47,47,47,47,47,47,47,47,47,47,47,47,47,47,47,47,810,815,810,815,810,810,815,810,810,805,810,820,805,805,810,800,805,810,810,810,815,805,805,805,805,805,815,810,810,815,800,810,810,815,805,815,810,810,815,815,810,805,810,810,815,815,815,800,810,805,810,805,815,810,815,815,810,810,810,815,815,805,810,810
27.5,25,26,25,27,25,27,27,26,27,26,27,28,25,26,26,24,25,27,26,26,26,26,25,26,26,26,27,26,26,26,24,26,26,27,25,27,26,26,27,26,26,25,26,26,26,26,26,25,26,25,25,26,27,25,27,26,26,26,25,27,27,26,26,25,47,47,47,47,47,47,47,47,47,47,47,47,47,47,47,47,47,47,47,47,47,47,47,47,47,47,47,47,47,47,47,47,47,47,47,47,47,47,47,47,47,47,47,47,47,47,47,47,47,47,47,47,47,47,47,47,47,47,47,47,47,47,47,47,805,810,805,815,805,815,815,810,815,810,815,820,805,810,810,800,805,815,810,810,810,810,805,810,810,810,815,810,810,810,800,810,810,815,805,815,810,810,815,810,810,805,810,810,810,810,810,805,810,805,805,810,815,805,815,810,810,810,805,815,815,810,810,805
28,25,25,25,27,25,27,27,27,26,26,27,27,26,27,26,25,26,27,26,26,26,26,25,26,26,26,26,26,25,26,25,26,26,27,25,26,26,26,26,25,26,25,25,26,25,25,26,26,26,26,24,26,27,26,27,25,26,26,25,26,25,27,26,25,47,47,47,47,47,47,47,47,47,47,47,47,47,47,47,47,47,47,47,47,47,47,47,47,47,47,47,47,47,47,47,47,47,47,47,47,47,47,47,47,47,47,47,47,47,47,47,47,47,47,47,47,47,47,47,47,47,47,47,47,47,47,47,47,805,805,805,815,805,815,815,815,810,810,815,815,810,815,810,805,810,815,810,810,810,810,805,810,810,810,810,810,805,810,805,810,810,815,805,810,810,810,810,805,810,805,805,810,805,805,810,810,810,810,800,810,815,810,815,805,810,810,805,810,805,815,810,805
28.5,26,26,25,26,25,27,27,27,26,26,27,27,26,26,26,26,27,26,26,26,26,26,26,26,26,25,26,26,26,26,25,26,25,26,26,27,27,26,27,26,27,25,26,27,25,25,26,27,27,26,24,26,27,26,27,25,27,25,26,25,24,26,26,26,47,47,47,47,47,47,47,47,47,47,47,47,47,47,47,47,47,47,47,47,47,47,47,47,47,47,47,47,47,47,47,47,47,47,47,47,47,47,47,47,47,47,47,47,47,47,47,47,47,47,47,47,47,47,47,47,47,47,47,47,47,47,47,47,810,810,805,810,805,815,815,815,810,810,815,815,810,810,810,810,815,810,810,810,810,810,810,810,810,805,810,810,810,810,805,810,805,810,810,815,815,810,815,810,815,805,810,815,805,805,810,815,815,810,800,810,815,810,815,805,815,805,810,805,800,810,810,810
29,27,27,26,26,26,26,27,27,27,26,27,27,26,24,25,27,26,25,26,26,27,26,27,25,25,25,26,26,27,26,27,25,25,26,26,27,27,26,26,26,27,26,26,27,26,26,26,26,27,26,24,24,26,26,26,25,26,24,26,24,24,26,27,26,47,47,47,47,47,47,47,47,47,47,47,47,47,47,47,47,47,47,47,47,47,47,47,47,47,47,47,47,47,47,47,47,47,47,47,47,47,47,47,47,47,47,47,47,47,47,47,47,47,47,47,47,47,47,47,47,47,47,47,47,47,47,47,47,815,815,810,810,810,810,815,815,815,810,815,815,810,800,805,815,810,805,810,810,815,810,815,805,805,805,810,810,815,810,815,805,805,810,810,815,815,810,810,810,815,810,810,815,810,810,810,810,815,810,800,800,810,810,810,805,810,800,810,800,800,810,815,810
29.5,27,26,27,25,26,26,27,27,27,27,27,26,26,24,25,27,26,25,26,26,26,26,26,26,26,26,26,26,27,26,27,26,25,26,27,27,27,26,25,26,27,27,26,26,26,27,26,26,27,26,24,24,26,26,26,26,26,25,27,24,24,27,26,26,47,47,47,47,47,47,47,47,47,47,47,47,47,47,47,47,47,47,47,47,47,47,47,47,47,47,47,47,47,47,47,47,47,47,47,47,47,47,47,47,47,47,47,47,47,47,47,47,47,47,47,47,47,47,47,47,47,47,47,47,47,47,47,47,815,810,815,805,810,810,815,815,815,815,815,810,810,800,805,815,810,805,810,810,810,810,810,810,810,810,810,810,815,810,815,810,805,810,815,815,815,810,805,810,815,815,810,810,810,815,810,810,815,810,800,800,810,810,810,810,810,805,815,800,800,815,810,810
30,27,26,26,25,26,27,26,26,25,27,27,25,25,24,26,27,26,26,27,27,26,27,25,26,26,26,27,25,27,25,27,27,25,25,27,26,27,26,25,26,26,27,26,26,26,26,26,26,27,27,25,25,26,27,25,26,26,25,27,25,25,26,25,26,47,47,47,47,47,47,47,47,47,47,47,47,47,47,47,47,47,47,47,47,47,47,47,47,47,47,47,47,47,47,47,47,47,47,47,47,47,47,47,47,47,47,47,47,47,47,47,47,47,47,47,47,47,47,47,47,47,47,47,47,47,47,47,47,815,810,810,805,810,815,810,810,805,815,815,805,805,800,810,815,810,810,815,815,810,815,805,810,810,810,815,805,815,805,815,815,805,805,815,810,815,810,805,810,810,815,810,810,810,810,810,810,815,815,805,805,810,815,805,810,810,805,815,805,805,810,805,810
30.5,27,26,26,25,26,27,26,26,25,26,27,25,25,25,27,27,27,26,27,27,25,27,25,26,26,26,26,26,26,25,27,27,26,25,27,26,28,26,26,26,26,26,26,27,25,25,25,26,26,27,26,26,26,27,24,27,26,26,27,26,26,25,25,26,47,47,47,47,47,47,47,47,47,47,47,47,47,47,47,47,47,47,47,47,47,47,47,47,47,47,47,47,47,47,47,47,47,47,47,47,47,47,47,47,47,47,47,47,47,47,47,47,47,47,47,47,47,47,47,47,47,47,47,47,47,47,47,47,815,810,810,805,810,815,810,810,805,810,815,805,805,805,815,815,815,810,815,815,805,815,805,810,810,810,810,810,810,805,815,815,810,805,815,810,820,810,810,810,810,810,810,815,805,805,805,810,810,815,810,810,810,815,800,815,810,810,815,810,810,805,805,810
31,27,27,27,24,25,26,26,26,25,26,26,25,25,26,27,27,26,27,27,27,25,26,26,26,26,25,26,27,26,25,27,26,26,25,27,26,26,26,27,26,25,25,27,26,25,25,24,26,26,26,26,26,26,27,25,27,26,26,27,26,26,26,24,26,47,47,47,47,47,47,47,47,47,47,47,47,47,47,47,47,47,47,47,47,47,47,47,47,47,47,47,47,47,47,47,47,47,47,47,47,47,47,47,47,47,47,47,47,47,47,47,47,47,47,47,47,47,47,47,47,47,47,47,47,47,47,47,47,815,815,815,800,805,810,810,810,805,810,810,805,805,810,815,815,810,815,815,815,805,810,810,810,810,805,810,815,810,805,815,810,810,805,815,810,810,810,815,810,805,805,815,810,805,805,800,810,810,810,810,810,810,815,805,815,810,810,815,810,810,810,800,810
31.5,26,26,27,24,24,26,26,26,26,27,25,25,26,27,26,26,26,27,27,27,25,26,26,25,25,25,26,27,26,25,26,26,26,24,26,26,25,25,27,27,25,25,27,25,25,25,24,26,25,25,26,25,26,27,25,27,25,26,27,27,24,26,24,25,47,47,47,47,47,47,47,47,47,47,47,47,47,47,47,47,47,47,47,47,47,47,47,47,47,47,47,47,47,47,47,47,47,47,47,47,47,47,47,47,47,47,47,47,47,47,47,47,47,47,47,47,47,47,47,47,47,47,47,47,47,47,47,47,810,810,815,800,800,810,810,810,810,815,805,805,810,815,810,810,810,815,815,815,805,810,810,805,805,805,810,815,810,805,810,810,810,800,810,810,805,805,815,815,805,805,815,805,805,805,800,810,805,805,810,805,810,815,805,815,805,810,815,815,800,810,800,805
32,26,26,27,24,24,27,26,26,26,27,25,24,26,28,25,26,26,26,26,26,26,26,26,26,25,26,27,26,25,24,26,26,26,24,26,25,25,25,26,26,25,24,26,24,25,25,25,25,25,24,25,25,26,27,24,26,25,26,27,27,23,27,23,25,47,47,47,47,47,47,47,47,47,47,47,47,47,47,47,47,47,47,47,47,47,47,47,47,47,47,47,47,47,47,47,47,47,47,47,47,47,47,47,47,47,47,47,47,47,47,47,47,47,47,47,47,47,47,47,47,47,47,47,47,47,47,47,47,810,810,815,800,800,815,810,810,810,815,805,800,810,820,805,810,810,810,810,810,810,810,810,810,805,810,815,810,805,800,810,810,810,800,810,805,805,805,810,810,805,800,810,800,805,805,805,805,805,800,805,805,810,815,800,810,805,810,815,815,795,815,795,805
32.5,26,26,27,23,23,27,26,26,25,26,24,24,26,28,25,26,27,26,26,26,26,27,26,26,26,26,26,27,25,24,25,26,26,24,25,25,26,25,26,25,25,24,25,24,26,26,25,25,24,23,25,25,26,27,24,26,25,26,26,27,22,26,22,25,47,47,47,47,47,47,47,47,47,47,47,47,47,47,47,47,47,47,47,47,47,47,47,47,47,47,47,47,47,47,47,47,47,47,47,47,47,47,47,47,47,47,47,47,47,47,47,47,47,47,47,47,47,47,47,47,47,47,47,47,47,47,47,47,810,810,815,795,795,815,810,810,805,810,800,800,810,820,805,810,815,810,810,810,810,815,810,810,810,810,810,815,805,800,805,810,810,800,805,805,810,805,810,805,805,800,805,800,810,810,805,805,800,795,805,805,810,815,800,810,805,810,810,815,790,810,790,805
33,27,27,27,23,23,26,26,26,25,25,24,24,26,27,25,26,27,26,26,26,26,27,26,26,26,26,25,28,25,23,25,27,26,23,25,25,26,24,27,25,25,24,25,25,26,26,25,25,24,24,24,26,26,26,23,26,26,26,27,27,23,25,22,26,47,47,47,47,47,47,47,47,47,47,47,47,47,47,47,47,47,47,47,47,47,47,47,47,47,47,47,47,47,47,47,47,47,47,47,47,47,47,47,47,47,47,47,47,47,47,47,47,47,47,47,47,47,47,47,47,47,47,47,47,47,47,47,47,815,815,815,795,795,810,810,810,805,805,800,800,810,815,805,810,815,810,810,810,810,815,810,810,810,810,805,820,805,795,805,815,810,795,805,805,810,800,815,805,805,800,805,805,810,810,805,805,800,800,800,810,810,810,795,810,810,810,815,815,795,805,790,810
33.5,27,26,26,23,22,26,26,26,26,25,23,23,25,26,25,26,27,26,25,26,26,27,26,25,25,25,24,28,25,23,25,27,25,23,24,24,26,23,27,25,25,24,25,26,26,26,24,25,24,24,23,26,26,25,22,25,27,25,26,27,23,25,22,26,47,47,47,47,47,47,47,47,47,47,47,47,47,47,47,47,47,47,47,47,47,47,47,47,47,47,47,47,47,47,47,47,47,47,47,47,47,47,47,47,47,47,47,47,47,47,47,47,47,47,47,47,47,47,47,47,47,47,47,47,47,47,47,47,815,810,810,795,790,810,810,810,810,805,795,795,805,810,805,810,815,810,805,810,810,815,810,805,805,805,800,820,805,795,805,815,805,795,800,800,810,795,815,805,805,800,805,810,810,810,800,805,800,800,795,810,810,805,790,805,815,805,810,815,795,805,790,810
34,27,26,26,22,22,26,25,25,27,25,23,23,25,25,26,27,27,25,25,25,26,27,25,25,25,25,24,27,24,22,24,27,24,22,24,24,25,23,26,26,24,24,25,26,26,26,24,25,23,24,23,26,26,25,22,24,25,24,26,26,24,25,22,26,47,47,47,47,47,47,47,47,47,47,47,47,47,47,47,47,47,47,47,47,47,47,47,47,47,47,47,47,47,47,47,47,47,47,47,47,47,47,47,47,47,47,47,47,47,47,47,47,47,47,47,47,47,47,47,47,47,47,47,47,47,47,47,47,815,810,810,790,790,810,805,805,815,805,795,795,805,805,810,815,815,805,805,805,810,815,805,805,805,805,800,815,800,790,800,815,800,790,800,800,805,795,810,810,800,800,805,810,810,810,800,805,795,800,795,810,810,805,790,800,805,800,810,810,800,805,790,810
34.5,27,26,26,22,22,26,25,25,26,26,22,22,25,25,26,27,27,25,25,25,25,27,25,25,25,25,25,27,23,22,24,27,23,22,23,23,26,22,26,26,24,24,26,25,25,26,23,25,23,24,22,26,25,25,22,23,24,23,25,25,25,25,22,25,47,47,47,47,47,47,47,47,47,47,47,47,47,47,47,47,47,47,47,47,47,47,47,47,47,47,47,47,47,47,47,47,47,47,47,47,47,47,47,47,47,47,47,47,47,47,47,47,47,47,47,47,47,47,47,47,47,47,47,47,47,47,47,47,815,810,810,790,790,810,805,805,810,810,790,790,805,805,810,815,815,805,805,805,805,815,805,805,805,805,805,815,795,790,800,815,795,790,795,795,810,790,810,810,800,800,810,805,805,810,795,805,795,800,790,810,805,805,790,795,800,795,805,805,805,805,790,805
35,27,27,25,22,22,26,25,24,26,27,22,22,24,24,25,27,27,25,25,25,25,26,24,25,25,25,26,27,23,22,23,27,23,22,22,22,26,22,26,25,23,23,26,24,25,26,23,24,23,24,22,27,25,24,22,23,24,23,25,25,27,26,23,25,47,47,47,47,47,47,47,47,47,47,47,47,47,47,47,47,47,47,47,47,47,47,47,47,47,47,47,47,47,47,47,47,47,47,47,47,47,47,47,47,47,47,47,47,47,47,47,47,47,47,47,47,47,47,47,47,47,47,47,47,47,47,47,47,815,815,805,790,790,810,805,800,810,815,790,790,800,800,805,815,815,805,805,805,805,810,800,805,805,805,810,815,795,790,795,815,795,790,790,790,810,790,810,805,795,795,810,800,805,810,795,800,795,800,790,815,805,800,790,795,800,795,805,805,815,810,795,805
35.5,26,26,25,23,23,26,24,24,26,27,22,22,23,24,25,27,27,24,24,24,24,26,24,26,25,26,26,27,23,22,23,27,22,22,22,22,26,22,26,25,23,23,27,24,25,25,22,24,22,25,22,27,25,25,22,22,24,22,24,24,27,26,24,24,47,47,47,47,47,47,47,47,47,47,47,47,47,47,47,47,47,47,47,47,47,47,47,47,47,47,47,47,47,47,47,47,47,47,47,47,47,47,47,47,47,47,47,47,47,47,47,47,47,47,47,47,47,47,47,47,47,47,47,47,47,47,47,47,810,810,805,795,795,810,800,800,810,815,790,790,795,800,805,815,815,800,800,800,800,810,800,810,805,810,810,815,795,790,795,815,790,790,790,790,810,790,810,805,795,795,815,800,805,805,790,800,790,805,790,815,805,805,790,790,800,790,800,800,815,810,800,800
36,26,26,24,24,24,25,23,23,26,27,22,22,23,24,25,26,26,24,24,24,24,26,23,26,26,25,27,26,22,23,22,27,22,24,22,22,25,22,26,25,22,23,26,24,24,24,22,24,22,25,23,26,25,26,23,22,25,22,24,24,28,27,25,24,47,47,47,47,47,47,47,47,47,47,47,47,47,47,47,47,47,47,47,47,47,47,47,47,47,47,47,47,47,47,47,47,47,47,47,47,47,47,47,47,47,47,47,47,47,47,47,47,47,47,47,47,47,47,47,47,47,47,47,47,47,47,47,47,810,810,800,800,800,805,795,795,810,815,790,790,795,800,805,810,810,800,800,800,800,810,795,810,810,805,815,810,790,795,790,815,790,800,790,790,805,790,810,805,790,795,810,800,800,800,790,800,790,805,795,810,805,810,795,790,805,790,800,800,820,815,805,800
36.5,26,27,24,24,24,25,23,23,26,27,23,23,22,24,24,26,27,24,23,23,23,25,23,26,26,26,26,26,22,23,22,27,22,24,22,23,26,23,27,25,22,22,26,25,24,24,22,23,22,25,23,25,25,26,24,22,26,22,23,23,28,27,25,24,47,47,47,47,47,47,47,47,47,47,47,47,47,47,47,47,47,47,47,47,47,47,47,47,47,47,47,47,47,47,47,47,47,47,47,47,47,47,47,47,47,47,47,47,47,47,47,47,47,47,47,47,47,47,47,47,47,47,47,47,47,47,47,47,810,815,800,800,800,805,795,795,810,815,795,795,790,800,800,810,815,800,795,795,795,805,795,810,810,810,810,810,790,795,790,815,790,800,790,795,810,795,815,805,790,790,810,805,800,800,790,795,790,805,795,805,805,810,800,790,810,790,795,795,820,815,805,800
37,25,27,23,25,25,25,22,22,26,27,23,23,22,24,24,26,26,23,23,23,23,25,22,26,26,26,26,26,22,25,22,27,22,24,23,22,27,24,27,26,23,22,26,26,23,23,23,22,23,25,23,25,25,25,24,22,26,22,22,22,27,27,25,25,47,47,47,47,47,47,47,47,47,47,47,47,47,47,47,47,47,47,47,47,47,47,47,47,47,47,47,47,47,47,47,47,47,47,47,47,47,47,47,47,47,47,47,47,47,47,47,47,47,47,47,47,47,47,47,47,47,47,47,47,47,47,47,47,805,815,795,805,805,805,790,790,810,815,795,795,790,800,800,810,810,795,795,795,795,805,790,810,810,810,810,810,790,805,790,815,790,800,795,790,815,800,815,810,795,790,810,810,795,795,795,790,795,805,795,805,805,805,800,790,810,790,790,790,815,815,805,805
37.5,24,26,22,25,25,25,22,22,26,26,24,24,22,23,23,25,25,22,22,22,22,24,22,26,26,26,26,26,22,25,23,26,23,25,23,23,26,24,27,27,23,23,25,26,23,22,23,22,23,26,24,25,25,25,25,22,25,23,22,22,27,26,25,25,47,47,47,47,47,47,47,47,47,47,47,47,47,47,47,47,47,47,47,47,47,47,47,47,47,47,47,47,47,47,47,47,47,47,47,47,47,47,47,47,47,47,47,47,47,47,47,47,47,47,47,47,47,47,47,47,47,47,47,47,47,47,47,47,800,810,790,805,805,805,790,790,810,810,800,800,790,795,795,805,805,790,790,790,790,800,790,810,810,810,810,810,790,805,795,810,795,805,795,795,810,800,815,815,795,795,805,810,795,790,795,790,795,810,800,805,805,805,805,790,805,795,790,790,815,810,805,805
38,24,26,22,25,26,25,22,22,27,25,25,25,22,22,23,24,25,22,22,22,22,23,22,25,25,25,27,26,23,25,23,26,23,26,24,23,25,25,26,26,23,23,25,26,22,22,24,22,24,25,25,26,25,25,25,23,24,24,22,22,26,26,25,25,47,47,47,47,47,47,47,47,47,47,47,47,47,47,47,47,47,47,47,47,47,47,47,47,47,47,47,47,47,47,47,47,47,47,47,47,47,47,47,47,47,47,47,47,47,47,47,47,47,47,47,47,47,47,47,47,47,47,47,47,47,47,47,47,800,810,790,805,810,805,790,790,815,805,805,805,790,790,795,800,805,790,790,790,790,795,790,805,805,805,815,810,795,805,795,810,795,810,800,795,805,805,810,810,795,795,805,810,790,790,800,790,800,805,805,810,805,805,805,795,800,800,790,790,810,810,805,805
38.5,24,27,22,25,26,25,22,23,26,25,25,25,23,22,22,23,25,22,22,22,22,23,22,25,25,25,27,25,24,25,23,26,24,26,24,24,25,25,26,25,23,24,24,26,22,22,24,22,25,25,25,26,24,24,26,24,24,24,22,22,25,25,25,25,47,47,47,47,47,47,47,47,47,47,47,47,47,47,47,47,47,47,47,47,47,47,47,47,47,47,47,47,47,47,47,47,47,47,47,47,47,47,47,47,47,47,47,47,47,47,47,47,47,47,47,47,47,47,47,47,47,47,47,47,47,47,47,47,800,815,790,805,810,805,790,795,810,805,805,805,795,790,790,795,805,790,790,790,790,795,790,805,805,805,815,805,800,805,795,810,800,810,800,800,805,805,810,805,795,800,800,810,790,790,800,790,805,805,805,810,800,800,810,800,800,800,790,790,805,805,805,805
39,24,27,22,25,25,25,23,23,25,24,25,26,24,22,22,23,24,23,23,23,23,22,23,25,24,24,27,25,24,25,24,25,24,26,25,25,26,26,26,25,24,24,23,25,22,22,25,23,25,24,26,25,24,24,25,24,24,25,23,23,25,24,24,24,47,47,47,47,47,47,47,47,47,47,47,47,47,47,47,47,47,47,47,47,47,47,47,47,47,47,47,47,47,47,47,47,47,47,47,47,47,47,47,47,47,47,47,47,47,47,47,47,47,47,47,47,47,47,47,47,47,47,47,47,47,47,47,47,800,815,790,805,805,805,795,795,805,800,805,810,800,790,790,795,800,795,795,795,795,790,795,805,800,800,815,805,800,805,800,805,800,810,805,805,810,810,810,805,800,800,795,805,790,790,805,795,805,800,810,805,800,800,805,800,800,805,795,795,805,800,800,800
39.5,23,26,23,25,25,24,24,24,25,23,25,26,24,22,22,22,25,23,23,23,23,22,24,24,24,24,27,25,25,25,25,24,25,25,26,25,26,25,25,25,25,25,22,25,23,23,26,23,25,24,26,25,23,23,25,25,24,25,23,23,24,24,24,23,47,47,47,47,47,47,47,47,47,47,47,47,47,47,47,47,47,47,47,47,47,47,47,47,47,47,47,47,47,47,47,47,47,47,47,47,47,47,47,47,47,47,47,47,47,47,47,47,47,47,47,47,47,47,47,47,47,47,47,47,47,47,47,47,795,810,795,805,805,800,800,800,805,795,805,810,800,790,790,790,805,795,795,795,795,790,800,800,800,800,815,805,805,805,805,800,805,805,810,805,810,805,805,805,805,805,790,805,795,795,810,795,805,800,810,805,795,795,805,805,800,805,795,795,800,800,800,795
40,22,26,23,24,25,24,24,24,25,23,26,26,25,23,23,22,25,23,23,23,24,22,24,23,23,23,26,25,25,25,25,24,25,25,26,25,26,25,25,26,25,25,22,24,23,23,26,24,26,24,25,24,22,23,25,25,24,26,23,24,23,23,23,23,47,47,47,47,47,47,47,47,47,47,47,47,47,47,47,47,47,47,47,47,47,47,47,47,47,47,47,47,47,47,47,47,47,47,47,47,47,47,47,47,47,47,47,47,47,47,47,47,47,47,47,47,47,47,47,47,47,47,47,47,47,47,47,47,790,810,795,800,805,800,800,800,805,795,810,810,805,795,795,790,805,795,795,795,800,790,800,795,795,795,810,805,805,805,805,800,805,805,810,805,810,805,805,810,805,805,790,800,795,795,810,800,810,800,805,800,790,795,805,805,800,810,795,800,795,795,795,795
40.5,22,27,24,23,24,23,25,25,26,22,25,25,25,23,23,22,25,24,24,24,25,22,25,22,22,22,26,24,25,24,26,23,25,24,25,25,27,25,24,26,25,25,22,24,24,24,25,25,26,23,25,25,22,22,24,26,25,26,24,25,23,22,22,22,47,47,47,47,47,47,47,47,47,47,47,47,47,47,47,47,47,47,47,47,47,47,47,47,47,47,47,47,47,47,47,47,47,47,47,47,47,47,47,47,47,47,47,47,47,47,47,47,47,47,47,47,47,47,47,47,47,47,47,47,47,47,47,47,790,815,800,795,800,795,805,805,810,790,805,805,805,795,795,790,805,800,800,800,805,790,805,790,790,790,810,800,805,800,810,795,805,800,805,805,815,805,800,810,805,805,790,800,800,800,805,805,810,795,805,805,790,790,800,810,805,810,800,805,795,790,790,790
41,22,26,25,23,23,23,25,25,26,22,25,24,26,24,24,22,25,25,25,25,25,23,26,22,22,22,26,23,25,24,25,23,25,23,25,25,27,24,23,27,25,26,22,23,25,24,25,25,25,23,24,25,22,22,23,26,25,25,25,25,23,22,22,22,47,47,47,47,47,47,47,47,47,47,47,47,47,47,47,47,47,47,47,47,47,47,47,47,47,47,47,47,47,47,47,47,47,47,47,47,47,47,47,47,47,47,47,47,47,47,47,47,47,47,47,47,47,47,47,47,47,47,47,47,47,47,47,47,790,810,805,795,795,795,805,805,810,790,805,800,810,800,800,790,805,805,805,805,805,795,810,790,790,790,810,795,805,800,805,795,805,795,805,805,815,800,795,815,805,810,790,795,805,800,805,805,805,795,800,805,790,790,795,810,805,805,805,805,795,790,790,790
41.5,22,25,25,23,22,22,25,26,25,22,24,24,25,24,24,22,25,25,25,25,26,24,26,22,22,22,25,23,25,23,25,22,25,22,25,25,27,23,23,27,25,26,22,23,25,25,25,26,24,22,24,26,22,22,23,25,25,25,25,25,22,22,22,22,47,47,47,47,47,47,47,47,47,47,47,47,47,47,47,47,47,47,47,47,47,47,47,47,47,47,47,47,47,47,47,47,47,47,47,47,47,47,47,47,47,47,47,47,47,47,47,47,47,47,47,47,47,47,47,47,47,47,47,47,47,47,47,47,790,805,805,795,790,790,805,810,805,790,800,800,805,800,800,790,805,805,805,805,810,800,810,790,790,790,805,795,805,795,805,790,805,790,805,805,815,795,795,815,805,810,790,795,805,805,805,810,800,790,800,810,790,790,795,805,805,805,805,805,790,790,790,790
42,22,25,25,22,22,22,26,26,24,22,23,23,25,25,25,23,24,25,26,26,26,24,25,22,22,22,24,22,25,23,25,22,24,22,24,24,26,22,22,26,25,25,23,22,26,26,24,26,24,22,23,26,22,23,22,25,24,25,26,25,22,22,22,22,47,47,47,47,47,47,47,47,47,47,47,47,47,47,47,47,47,47,47,47,47,47,47,47,47,47,47,47,47,47,47,47,47,47,47,47,47,47,47,47,47,47,47,47,47,47,47,47,47,47,47,47,47,47,47,47,47,47,47,47,47,47,47,47,790,805,805,790,790,790,810,810,800,790,795,795,805,805,805,795,800,805,810,810,810,800,805,790,790,790,800,790,805,795,805,790,800,790,800,800,810,790,790,810,805,805,795,790,810,810,800,810,800,790,795,810,790,795,790,805,800,805,810,805,790,790,790,790
42.5,23,26,25,22,22,22,25,25,25,23,23,23,25,26,26,24,24,25,26,26,26,25,25,22,23,22,24,22,24,22,24,22,24,22,23,23,25,22,22,26,24,24,23,22,26,26,23,26,23,23,22,26,23,23,22,24,24,24,25,25,22,23,23,23,47,47,47,47,47,47,47,47,47,47,47,47,47,47,47,47,47,47,47,47,47,47,47,47,47,47,47,47,47,47,47,47,47,47,47,47,47,47,47,47,47,47,47,47,47,47,47,47,47,47,47,47,47,47,47,47,47,47,47,47,47,47,47,47,795,810,805,790,790,790,805,805,805,795,795,795,805,810,810,800,800,805,810,810,810,805,805,790,795,790,800,790,800,790,800,790,800,790,795,795,805,790,790,810,800,800,795,790,810,810,795,810,795,795,790,810,795,795,790,800,800,800,805,805,790,795,795,795
43,24,26,25,22,22,23,25,25,26,22,22,22,24,26,26,25,23,26,25,26,25,25,25,23,23,23,24,22,23,22,23,22,23,22,23,22,24,22,22,26,24,23,24,22,25,25,23,25,23,23,22,26,24,24,22,23,23,23,25,25,22,23,24,23,47,47,47,47,47,47,47,47,47,47,47,47,47,47,47,47,47,47,47,47,47,47,47,47,47,47,47,47,47,47,47,47,47,47,47,47,47,47,47,47,47,47,47,47,47,47,47,47,47,47,47,47,47,47,47,47,47,47,47,47,47,47,47,47,800,810,805,790,790,795,805,805,810,790,790,790,800,810,810,805,795,810,805,810,805,805,805,795,795,795,800,790,795,790,795,790,795,790,795,790,800,790,790,810,800,795,800,790,805,805,795,805,795,795,790,810,800,800,790,795,795,795,805,805,790,795,800,795
43.5,24,26,25,23,23,23,24,24,26,23,22,22,24,26,26,25,22,25,25,25,25,26,24,24,24,23,23,22,23,23,22,22,23,23,23,22,25,22,22,25,23,23,25,22,25,25,22,24,22,24,22,25,25,25,23,23,23,23,25,25,23,24,24,24,47,47,47,47,47,47,47,47,47,47,47,47,47,47,47,47,47,47,47,47,47,47,47,47,47,47,47,47,47,47,47,47,47,47,47,47,47,47,47,47,47,47,47,47,47,47,47,47,47,47,47,47,47,47,47,47,47,47,47,47,47,47,47,47,800,810,805,795,795,795,800,800,810,795,790,790,800,810,810,805,790,805,805,805,805,810,800,800,800,795,795,790,795,795,790,790,795,795,795,790,805,790,790,805,795,795,805,790,805,805,790,800,790,800,790,805,805,805,795,795,795,795,805,805,795,800,800,800
44,25,26,24,24,24,24,24,23,26,24,22,22,23,25,25,25,22,24,24,24,24,26,23,24,24,24,22,23,22,23,22,23,22,24,22,22,25,23,23,25,22,23,25,23,25,24,22,24,22,24,22,25,25,25,23,22,22,22,24,24,24,24,24,24,47,47,47,47,47,47,47,47,47,47,47,47,47,47,47,47,47,47,47,47,47,47,47,47,47,47,47,47,47,47,47,47,47,47,47,47,47,47,47,47,47,47,47,47,47,47,47,47,47,47,47,47,47,47,47,47,47,47,47,47,47,47,47,47,805,810,800,800,800,800,800,795,810,800,790,790,795,805,805,805,790,800,800,800,800,810,795,800,800,800,790,795,790,795,790,795,790,800,790,790,805,795,795,805,790,795,805,795,805,800,790,800,790,800,790,805,805,805,795,790,790,790,800,800,800,800,800,800
44.5,25,27,24,24,24,24,23,23,26,25,23,23,23,25,25,26,22,24,24,24,23,25,23,25,25,25,22,23,22,23,22,24,22,25,22,23,26,23,23,24,22,22,25,24,24,24,22,23,22,25,23,24,25,26,24,22,22,22,23,23,25,25,25,25,47,47,47,47,47,47,47,47,47,47,47,47,47,47,47,47,47,47,47,47,47,47,47,47,47,47,47,47,47,47,47,47,47,47,47,47,47,47,47,47,47,47,47,47,47,47,47,47,47,47,47,47,47,47,47,47,47,47,47,47,47,47,47,47,805,815,800,800,800,800,795,795,810,805,795,795,795,805,805,810,790,800,800,800,795,805,795,805,805,805,790,795,790,795,790,800,790,805,790,795,810,795,795,800,790,790,805,800,800,800,790,795,790,805,795,800,805,810,800,790,790,790,795,795,805,805,805,805
45,26,27,23,25,25,25,22,22,25,25,23,23,22,24,24,26,22,23,23,23,22,25,23,26,26,25,22,24,22,24,22,24,22,25,23,23,27,24,24,24,22,22,25,24,23,24,23,22,23,25,24,24,25,26,25,22,22,22,23,23,25,26,26,26,47,47,47,47,47,47,47,47,47,47,47,47,47,47,47,47,47,47,47,47,47,47,47,47,47,47,47,47,47,47,47,47,47,47,47,47,47,47,47,47,47,47,47,47,47,47,47,47,47,47,47,47,47,47,47,47,47,47,47,47,47,47,47,47,810,815,795,805,805,805,790,790,805,805,795,795,790,800,800,810,790,795,795,795,790,805,795,810,810,805,790,800,790,800,790,800,790,805,795,795,815,800,800,800,790,790,805,800,795,800,795,790,795,805,800,800,805,810,805,790,790,790,795,795,805,810,810,810
45.5,26,26,23,25,26,26,22,22,25,26,24,24,22,24,23,25,22,22,23,22,22,24,22,26,26,26,22,25,23,25,23,25,23,25,23,23,27,24,25,23,23,23,25,25,23,23,23,22,23,26,24,23,25,26,25,22,22,22,22,22,26,26,26,26,47,47,47,47,47,47,47,47,47,47,47,47,47,47,47,47,47,47,47,47,47,47,47,47,47,47,47,47,47,47,47,47,47,47,47,47,47,47,47,47,47,47,47,47,47,47,47,47,47,47,47,47,47,47,47,47,47,47,47,47,47,47,47,47,810,810,795,805,810,810,790,790,805,810,800,800,790,800,795,805,790,790,795,790,790,800,790,810,810,810,790,805,795,805,795,805,795,805,795,795,815,800,805,795,795,795,805,805,795,795,795,790,795,810,800,795,805,810,805,790,790,790,790,790,810,810,810,810
46,25,26,22,26,26,25,22,22,25,25,25,24,23,23,22,25,23,22,22,22,22,24,23,25,25,25,23,25,23,25,23,25,23,26,24,24,27,26,25,22,23,23,25,26,23,22,24,22,24,25,25,22,25,25,25,23,23,24,22,22,26,25,25,25,47,47,47,47,47,47,47,47,47,47,47,47,47,47,47,47,47,47,47,47,47,47,47,47,47,47,47,47,47,47,47,47,47,47,47,47,47,47,47,47,47,47,47,47,47,47,47,47,47,47,47,47,47,47,47,47,47,47,47,47,47,47,47,47,805,810,790,810,810,805,790,790,805,805,805,800,795,795,790,805,795,790,790,790,790,800,795,805,805,805,795,805,795,805,795,805,795,810,800,800,815,810,805,790,795,795,805,810,795,790,800,790,800,805,805,790,805,805,805,795,795,800,790,790,810,805,805,805
46.5,24,26,22,25,25,25,22,22,25,25,26,25,23,22,22,24,24,22,22,22,22,23,23,25,25,25,24,25,24,26,23,25,24,26,25,25,27,26,26,22,23,23,24,26,23,22,24,23,25,25,25,22,25,25,26,24,24,24,22,22,25,25,25,25,47,47,47,47,47,47,47,47,47,47,47,47,47,47,47,47,47,47,47,47,47,47,47,47,47,47,47,47,47,47,47,47,47,47,47,47,47,47,47,47,47,47,47,47,47,47,47,47,47,47,47,47,47,47,47,47,47,47,47,47,47,47,47,47,800,810,790,805,805,805,790,790,805,805,810,805,795,790,790,800,800,790,790,790,790,795,795,805,805,805,800,805,800,810,795,805,800,810,805,805,815,810,810,790,795,795,800,810,795,790,800,795,805,805,805,790,805,805,810,800,800,800,790,790,805,805,805,805
47,24,27,22,25,25,25,23,23,25,25,26,25,23,22,22,23,25,22,23,22,23,22,23,25,24,25,24,25,24,25,24,25,25,25,25,25,26,25,25,22,24,24,24,25,22,23,25,22,25,24,26,22,24,24,25,24,24,25,22,23,25,25,25,24,47,47,47,47,47,47,47,47,47,47,47,47,47,47,47,47,47,47,47,47,47,47,47,47,47,47,47,47,47,47,47,47,47,47,47,47,47,47,47,47,47,47,47,47,47,47,47,47,47,47,47,47,47,47,47,47,47,47,47,47,47,47,47,47,800,815,790,805,805,805,795,795,805,805,810,805,795,790,790,795,805,790,795,790,795,790,795,805,800,805,800,805,800,805,800,805,805,805,805,805,810,805,805,790,800,800,800,805,790,795,805,790,805,800,810,790,800,800,805,800,800,805,790,795,805,805,805,800
47.5,24,26,22,25,25,25,23,24,25,24,26,25,24,22,23,23,25,22,23,22,23,22,24,24,24,24,24,25,25,25,25,25,25,25,25,25,26,25,25,22,25,25,23,25,22,23,26,23,26,24,26,22,23,23,25,25,25,25,23,24,24,24,24,24,47,47,47,47,47,47,47,47,47,47,47,47,47,47,47,47,47,47,47,47,47,47,47,47,47,47,47,47,47,47,47,47,47,47,47,47,47,47,47,47,47,47,47,47,47,47,47,47,47,47,47,47,47,47,47,47,47,47,47,47,47,47,47,47,800,810,790,805,805,805,795,800,805,800,810,805,800,790,795,795,805,790,795,790,795,790,800,800,800,800,800,805,805,805,805,805,805,805,805,805,810,805,805,790,805,805,795,805,790,795,810,795,810,800,810,790,795,795,805,805,805,805,795,800,800,800,800,800
48,23,26,23,25,24,24,24,24,25,23,26,26,25,23,23,22,25,23,24,23,24,22,24,23,23,23,25,25,25,25,25,24,26,25,26,26,25,25,25,23,25,25,22,25,23,23,26,23,26,23,26,23,23,23,25,25,26,26,24,24,23,23,23,23,47,47,47,47,47,47,47,47,47,47,47,47,47,47,47,47,47,47,47,47,47,47,47,47,47,47,47,47,47,47,47,47,47,47,47,47,47,47,47,47,47,47,47,47,47,47,47,47,47,47,47,47,47,47,47,47,47,47,47,47,47,47,47,47,795,810,795,805,800,800,800,800,805,795,810,810,805,795,795,790,805,795,800,795,800,790,800,795,795,795,805,805,805,805,805,800,810,805,810,810,805,805,805,795,805,805,790,805,795,795,810,795,810,795,810,795,795,795,805,805,810,810,800,800,795,795,795,795
48.5,22,27,24,24,24,23,25,25,25,23,25,25,25,23,23,22,25,24,24,24,25,22,25,23,23,22,25,24,25,24,25,24,26,24,26,25,25,25,24,24,26,26,22,24,24,24,26,24,25,23,25,23,23,22,24,26,26,26,24,24,23,23,23,22,47,47,47,47,47,47,47,47,47,47,47,47,47,47,47,47,47,47,47,47,47,47,47,47,47,47,47,47,47,47,47,47,47,47,47,47,47,47,47,47,47,47,47,47,47,47,47,47,47,47,47,47,47,47,47,47,47,47,47,47,47,47,47,47,790,815,800,800,800,795,805,805,805,795,805,805,805,795,795,790,805,800,800,800,805,790,805,795,795,790,805,800,805,800,805,800,810,800,810,805,805,805,800,800,810,810,790,800,800,800,810,800,805,795,805,795,795,790,800,810,810,810,800,800,795,795,795,790
49,22,27,24,23,23,23,26,25,24,22,24,24,25,23,24,22,25,25,25,25,25,23,25,22,22,22,25,24,25,24,26,23,25,23,25,25,24,24,24,24,26,25,22,23,25,25,25,25,25,22,24,24,22,23,23,25,26,25,25,25,22,22,22,22,47,47,47,47,47,47,47,47,47,47,47,47,47,47,47,47,47,47,47,47,47,47,47,47,47,47,47,47,47,47,47,47,47,47,47,47,47,47,47,47,47,47,47,47,47,47,47,47,47,47,47,47,47,47,47,47,47,47,47,47,47,47,47,47,790,815,800,795,795,795,810,805,800,790,800,800,805,795,800,790,805,805,805,805,805,795,805,790,790,790,805,800,805,800,810,795,805,795,805,805,800,800,800,800,810,805,790,795,805,805,805,805,805,790,800,800,790,795,795,805,810,805,805,805,790,790,790,790
49.5,22,26,25,22,22,22,26,25,24,22,24,24,25,24,25,23,25,25,25,25,25,24,26,22,22,22,25,23,25,23,25,23,25,22,25,25,24,23,23,25,25,25,23,23,25,25,25,25,25,22,23,25,22,23,23,25,26,25,26,26,22,22,22,22,47,47,47,47,47,47,47,47,47,47,47,47,47,47,47,47,47,47,47,47,47,47,47,47,47,47,47,47,47,47,47,47,47,47,47,47,47,47,47,47,47,47,47,47,47,47,47,47,47,47,47,47,47,47,47,47,47,47,47,47,47,47,47,47,790,810,805,790,790,790,810,805,800,790,800,800,805,800,805,795,805,805,805,805,805,800,810,790,790,790,805,795,805,795,805,795,805,790,805,805,800,795,795,805,805,805,795,795,805,805,805,805,805,790,795,805,790,795,795,805,810,805,810,810,790,790,790,790
50,23,25,26,22,22,21,25,25,23,23,23,23,25,25,25,23,25,26,25,26,26,24,26,23,22,22,25,22,25,22,25,22,25,22,24,24,22,23,22,25,25,25,23,22,26,26,24,26,24,23,23,25,23,23,22,25,25,24,26,25,22,22,22,22,47,47,47,47,47,47,47,47,47,47,47,47,47,47,47,47,47,47,47,47,47,47,47,47,47,47,47,47,47,47,47,47,47,47,47,47,47,47,47,47,47,47,47,47,47,47,47,47,47,47,47,47,47,47,47,47,47,47,47,47,47,47,47,47,795,805,810,790,790,785,805,805,795,795,795,795,805,805,805,795,805,810,805,810,810,800,810,795,790,790,805,790,805,790,805,790,805,790,800,800,790,795,790,805,805,805,795,790,810,810,800,810,800,795,795,805,795,795,790,805,805,800,810,805,790,790,790,790
50.5,23,26,26,22,22,22,25,25,22,23,23,23,25,25,25,24,24,26,25,25,25,25,25,23,23,22,24,22,24,22,24,22,24,22,23,23,22,22,22,26,25,24,24,22,26,26,23,25,23,23,22,26,23,23,22,24,24,24,25,25,23,23,23,23,47,47,47,47,47,47,47,47,47,47,47,47,47,47,47,47,47,47,47,47,47,47,47,47,47,47,47,47,47,47,47,47,47,47,47,47,47,47,47,47,47,47,47,47,47,47,47,47,47,47,47,47,47,47,47,47,47,47,47,47,47,47,47,47,795,810,810,790,790,790,805,805,790,795,795,795,805,805,805,800,800,810,805,805,805,805,805,795,795,790,800,790,800,790,800,790,800,790,795,795,790,790,790,810,805,800,800,790,810,810,795,805,795,795,790,810,795,795,790,800,800,800,805,805,795,795,795,795
51,24,26,26,22,22,22,25,25,22,23,22,22,24,26,26,24,23,26,25,25,25,26,25,23,24,23,24,22,23,23,24,23,23,22,22,22,22,22,22,25,23,23,24,23,25,26,23,25,22,23,22,25,24,24,22,24,23,23,25,25,23,23,23,24,47,47,47,47,47,47,47,47,47,47,47,47,47,47,47,47,47,47,47,47,47,47,47,47,47,47,47,47,47,47,47,47,47,47,47,47,47,47,47,47,47,47,47,47,47,47,47,47,47,47,47,47,47,47,47,47,47,47,47,47,47,47,47,47,800,810,810,790,790,790,805,805,790,795,790,790,800,810,810,800,795,810,805,805,805,810,805,795,800,795,800,790,795,795,800,795,795,790,790,790,790,790,790,805,795,795,800,795,805,810,795,805,790,795,790,805,800,800,790,800,795,795,805,805,795,795,795,800
51.5,24,26,25,23,23,23,24,24,22,24,22,22,23,25,25,25,23,25,25,25,24,26,24,23,24,24,23,22,23,23,23,23,23,23,22,22,22,23,23,25,23,23,25,23,25,25,22,25,22,23,22,25,25,25,22,23,23,22,25,25,23,24,23,24,47,47,47,47,47,47,47,47,47,47,47,47,47,47,47,47,47,47,47,47,47,47,47,47,47,47,47,47,47,47,47,47,47,47,47,47,47,47,47,47,47,47,47,47,47,47,47,47,47,47,47,47,47,47,47,47,47,47,47,47,47,47,47,47,800,810,805,795,795,795,800,800,790,800,790,790,795,805,805,805,795,805,805,805,800,810,800,795,800,800,795,790,795,795,795,795,795,795,790,790,790,795,795,805,795,795,805,795,805,805,790,805,790,795,790,805,805,805,790,795,795,790,805,805,795,800,795,800
52,25,26,25,24,24,24,23,24,22,24,22,22,23,25,25,25,22,25,24,24,24,26,23,24,25,24,23,23,22,23,22,23,22,23,22,23,23,22,22,25,22,23,25,23,25,24,22,24,22,24,23,25,25,25,23,22,22,22,24,24,24,25,25,25,47,47,47,47,47,47,47,47,47,47,47,47,47,47,47,47,47,47,47,47,47,47,47,47,47,47,47,47,47,47,47,47,47,47,47,47,47,47,47,47,47,47,47,47,47,47,47,47,47,47,47,47,47,47,47,47,47,47,47,47,47,47,47,47,805,810,805,800,800,800,795,800,790,800,790,790,795,805,805,805,790,805,800,800,800,810,795,800,805,800,795,795,790,795,790,795,790,795,790,795,795,790,790,805,790,795,805,795,805,800,790,800,790,800,795,805,805,805,795,790,790,790,800,800,800,805,805,805
52.5,26,27,24,25,24,25,23,23,23,25,23,23,22,25,24,26,22,24,24,23,23,26,23,25,25,25,22,23,22,23,22,24,22,24,22,23,23,23,23,24,22,22,25,23,24,24,22,23,22,25,23,25,25,26,24,22,22,22,23,23,25,25,25,25,47,47,47,47,47,47,47,47,47,47,47,47,47,47,47,47,47,47,47,47,47,47,47,47,47,47,47,47,47,47,47,47,47,47,47,47,47,47,47,47,47,47,47,47,47,47,47,47,47,47,47,47,47,47,47,47,47,47,47,47,47,47,47,47,810,815,800,805,800,805,795,795,795,805,795,795,790,805,800,810,790,800,800,795,795,810,795,805,805,805,790,795,790,795,790,800,790,800,790,795,795,795,795,800,790,790,805,795,800,800,790,795,790,805,795,805,805,810,800,790,790,790,795,795,805,805,805,805
53,26,27,23,25,25,25,22,22,23,25,23,23,22,24,24,25,22,23,23,23,22,25,22,26,26,26,22,24,22,24,22,24,22,25,23,23,23,24,24,24,22,22,25,24,23,23,22,23,22,25,23,24,26,26,24,22,22,22,23,23,25,25,26,26,47,47,47,47,47,47,47,47,47,47,47,47,47,47,47,47,47,47,47,47,47,47,47,47,47,47,47,47,47,47,47,47,47,47,47,47,47,47,47,47,47,47,47,47,47,47,47,47,47,47,47,47,47,47,47,47,47,47,47,47,47,47,47,47,810,815,795,805,805,805,790,790,795,805,795,795,790,800,800,805,790,795,795,795,790,805,790,810,810,810,790,800,790,800,790,800,790,805,795,795,795,800,800,800,790,790,805,800,795,795,790,795,790,805,795,800,810,810,800,790,790,790,795,795,805,805,810,810
53.5,26,26,23,25,25,26,22,22,24,25,24,23,22,23,23,25,23,23,22,22,22,24,22,26,26,26,22,25,22,25,23,25,22,25,23,23,24,24,25,23,23,22,25,25,23,23,23,22,23,26,24,23,25,26,25,23,23,23,22,22,26,26,26,26,47,47,47,47,47,47,47,47,47,47,47,47,47,47,47,47,47,47,47,47,47,47,47,47,47,47,47,47,47,47,47,47,47,47,47,47,47,47,47,47,47,47,47,47,47,47,47,47,47,47,47,47,47,47,47,47,47,47,47,47,47,47,47,47,810,810,795,805,805,810,790,790,800,805,800,795,790,795,795,805,795,795,790,790,790,800,790,810,810,810,790,805,790,805,795,805,790,805,795,795,800,800,805,795,795,790,805,805,795,795,795,790,795,810,800,795,805,810,805,795,795,795,790,790,810,810,810,810
54,25,26,22,25,25,25,22,22,24,25,24,25,23,23,23,25,23,22,22,22,22,24,22,25,26,25,22,25,23,25,23,25,23,25,24,24,25,25,25,22,23,23,25,26,22,22,24,22,24,25,25,23,25,25,26,23,23,23,22,22,25,26,25,25,47,47,47,47,47,47,47,47,47,47,47,47,47,47,47,47,47,47,47,47,47,47,47,47,47,47,47,47,47,47,47,47,47,47,47,47,47,47,47,47,47,47,47,47,47,47,47,47,47,47,47,47,47,47,47,47,47,47,47,47,47,47,47,47,805,810,790,805,805,805,790,790,800,805,800,805,795,795,795,805,795,790,790,790,790,800,790,805,810,805,790,805,795,805,795,805,795,805,800,800,805,805,805,790,795,795,805,810,790,790,800,790,800,805,805,795,805,805,810,795,795,795,790,790,805,810,805,805
54.5,25,26,22,25,25,25,22,23,25,25,25,25,23,22,22,24,24,22,22,22,22,24,22,25,25,25,23,26,23,25,24,25,24,25,25,25,25,25,25,22,23,24,24,26,22,22,24,22,24,25,25,22,25,24,26,24,24,24,22,22,25,25,25,25,47,47,47,47,47,47,47,47,47,47,47,47,47,47,47,47,47,47,47,47,47,47,47,47,47,47,47,47,47,47,47,47,47,47,47,47,47,47,47,47,47,47,47,47,47,47,47,47,47,47,47,47,47,47,47,47,47,47,47,47,47,47,47,47,805,810,790,805,805,805,790,795,805,805,805,805,795,790,790,800,800,790,790,790,790,800,790,805,805,805,795,810,795,805,800,805,800,805,805,805,805,805,805,790,795,800,800,810,790,790,800,790,800,805,805,790,805,800,810,800,800,800,790,790,805,805,805,805
55,24,27,22,25,25,25,23,23,25,25,25,26,24,22,22,23,25,22,22,23,22,22,23,25,25,25,24,25,25,26,24,26,25,25,25,25,26,26,26,22,24,24,24,25,22,22,25,23,25,25,26,22,24,24,26,24,25,25,23,22,25,24,25,25,47,47,47,47,47,47,47,47,47,47,47,47,47,47,47,47,47,47,47,47,47,47,47,47,47,47,47,47,47,47,47,47,47,47,47,47,47,47,47,47,47,47,47,47,47,47,47,47,47,47,47,47,47,47,47,47,47,47,47,47,47,47,47,47,800,815,790,805,805,805,795,795,805,805,805,810,800,790,790,795,805,790,790,795,790,790,795,805,805,805,800,805,805,810,800,810,805,805,805,805,810,810,810,790,800,800,800,805,790,790,805,795,805,805,810,790,800,800,810,800,805,805,795,790,805,800,805,805
55.5,23,27,23,25,25,24,23,23,25,24,25,26,24,22,22,23,25,23,23,23,23,22,24,24,24,24,24,25,25,25,25,25,25,25,25,26,26,26,25,23,25,25,23,25,22,23,26,23,25,24,26,22,23,23,25,25,25,26,23,23,24,24,24,24,47,47,47,47,47,47,47,47,47,47,47,47,47,47,47,47,47,47,47,47,47,47,47,47,47,47,47,47,47,47,47,47,47,47,47,47,47,47,47,47,47,47,47,47,47,47,47,47,47,47,47,47,47,47,47,47,47,47,47,47,47,47,47,47,795,815,795,805,805,800,795,795,805,800,805,810,800,790,790,795,805,795,795,795,795,790,800,800,800,800,800,805,805,805,805,805,805,805,805,810,810,810,805,795,805,805,795,805,790,795,810,795,805,800,810,790,795,795,805,805,805,810,795,795,800,800,800,800
56,23,26,23,24,24,24,24,25,25,23,25,25,25,23,23,22,26,24,24,23,24,22,24,23,23,24,25,25,25,25,25,24,25,24,26,25,26,25,25,23,25,25,23,25,23,23,26,24,25,24,25,23,22,22,25,25,25,25,24,24,24,23,23,23,47,47,47,47,47,47,47,47,47,47,47,47,47,47,47,47,47,47,47,47,47,47,47,47,47,47,47,47,47,47,47,47,47,47,47,47,47,47,47,47,47,47,47,47,47,47,47,47,47,47,47,47,47,47,47,47,47,47,47,47,47,47,47,47,795,810,795,800,800,800,800,805,805,795,805,805,805,795,795,790,810,800,800,795,800,790,800,795,795,800,805,805,805,805,805,800,805,800,810,805,810,805,805,795,805,805,795,805,795,795,810,800,805,800,805,795,790,790,805,805,805,805,800,800,800,795,795,795
56.5,22,26,24,24,24,23,25,25,25,22,25,25,25,23,23,22,26,24,24,24,24,23,25,23,23,23,26,25,26,24,26,23,25,24,25,25,25,25,24,24,25,25,22,24,24,23,25,25,25,23,25,24,22,22,24,25,26,25,24,25,23,23,22,22,47,47,47,47,47,47,47,47,47,47,47,47,47,47,47,47,47,47,47,47,47,47,47,47,47,47,47,47,47,47,47,47,47,47,47,47,47,47,47,47,47,47,47,47,47,47,47,47,47,47,47,47,47,47,47,47,47,47,47,47,47,47,47,47,790,810,800,800,800,795,805,805,805,790,805,805,805,795,795,790,810,800,800,800,800,795,805,795,795,795,810,805,810,800,810,795,805,800,805,805,805,805,800,800,805,805,790,800,800,795,805,805,805,795,805,800,790,790,800,805,810,805,800,805,795,795,790,790
57,22,27,25,23,23,22,26,25,25,22,25,25,26,24,24,22,25,25,25,25,25,23,25,22,22,22,25,23,26,23,25,23,25,23,25,25,24,24,24,24,26,26,22,23,24,24,25,25,25,22,24,24,22,22,24,25,26,26,25,25,22,22,22,22,47,47,47,47,47,47,47,47,47,47,47,47,47,47,47,47,47,47,47,47,47,47,47,47,47,47,47,47,47,47,47,47,47,47,47,47,47,47,47,47,47,47,47,47,47,47,47,47,47,47,47,47,47,47,47,47,47,47,47,47,47,47,47,47,790,815,805,795,795,790,810,805,805,790,805,805,810,800,800,790,805,805,805,805,805,795,805,790,790,790,805,795,810,795,805,795,805,795,805,805,800,800,800,800,810,810,790,795,800,800,805,805,805,790,800,800,790,790,800,805,810,810,805,805,790,790,790,790
57.5,23,27,25,22,22,22,26,26,24,22,24,24,26,24,25,23,25,25,26,25,26,23,25,22,22,22,25,23,25,23,25,23,25,23,25,25,23,24,23,25,25,25,23,22,25,25,25,26,25,22,24,25,22,22,23,25,26,25,26,25,22,22,22,22,47,47,47,47,47,47,47,47,47,47,47,47,47,47,47,47,47,47,47,47,47,47,47,47,47,47,47,47,47,47,47,47,47,47,47,47,47,47,47,47,47,47,47,47,47,47,47,47,47,47,47,47,47,47,47,47,47,47,47,47,47,47,47,47,795,815,805,790,790,790,810,810,800,790,800,800,810,800,805,795,805,805,810,805,810,795,805,790,790,790,805,795,805,795,805,795,805,795,805,805,795,800,795,805,805,805,795,790,805,805,805,810,805,790,800,805,790,790,795,805,810,805,810,805,790,790,790,790
58,23,27,26,22,22,22,26,25,23,23,23,23,25,25,25,23,24,26,26,25,26,24,26,22,22,22,25,23,25,22,25,22,25,22,24,24,23,23,23,26,25,25,23,22,26,25,24,26,24,22,23,25,23,23,22,25,25,24,26,25,22,22,22,22,47,47,47,47,47,47,47,47,47,47,47,47,47,47,47,47,47,47,47,47,47,47,47,47,47,47,47,47,47,47,47,47,47,47,47,47,47,47,47,47,47,47,47,47,47,47,47,47,47,47,47,47,47,47,47,47,47,47,47,47,47,47,47,47,795,815,810,790,790,790,810,805,795,795,795,795,805,805,805,795,800,810,810,805,810,800,810,790,790,790,805,795,805,790,805,790,805,790,800,800,795,795,795,810,805,805,795,790,810,805,800,810,800,790,795,805,795,795,790,805,805,800,810,805,790,790,790,790
58.5,23,27,26,22,22,22,25,25,22,23,23,23,25,25,25,24,24,26,26,25,25,25,26,22,23,23,25,22,24,22,24,22,24,22,23,23,23,22,22,26,25,24,24,22,26,26,23,25,23,23,22,25,24,23,22,24,24,24,26,25,22,23,23,23,47,47,47,47,47,47,47,47,47,47,47,47,47,47,47,47,47,47,47,47,47,47,47,47,47,47,47,47,47,47,47,47,47,47,47,47,47,47,47,47,47,47,47,47,47,47,47,47,47,47,47,47,47,47,47,47,47,47,47,47,47,47,47,47,795,815,810,790,790,790,805,805,790,795,795,795,805,805,805,800,800,810,810,805,805,805,810,790,795,795,805,790,800,790,800,790,800,790,795,795,795,790,790,810,805,800,800,790,810,810,795,805,795,795,790,805,800,795,790,800,800,800,810,805,790,795,795,795
59,24,26,26,23,22,23,25,25,22,23,22,22,24,26,25,25,23,25,25,26,25,25,24,23,24,23,24,22,24,22,23,22,23,22,23,23,23,22,22,25,23,24,24,22,26,26,23,25,23,23,22,26,24,24,22,23,23,23,25,26,23,23,23,24,47,47,47,47,47,47,47,47,47,47,47,47,47,47,47,47,47,47,47,47,47,47,47,47,47,47,47,47,47,47,47,47,47,47,47,47,47,47,47,47,47,47,47,47,47,47,47,47,47,47,47,47,47,47,47,47,47,47,47,47,47,47,47,47,800,810,810,795,790,795,805,805,790,795,790,790,800,810,805,805,795,805,805,810,805,805,800,795,800,795,800,790,800,790,795,790,795,790,795,795,795,790,790,805,795,800,800,790,810,810,795,805,795,795,790,810,800,800,790,795,795,795,805,810,795,795,795,800
59.5,24,26,25,23,23,23,24,24,22,24,22,22,23,25,25,25,22,25,25,25,25,25,24,24,24,24,23,23,23,23,23,22,22,23,22,22,23,22,22,25,23,23,25,23,25,25,22,25,22,24,22,25,25,25,22,23,23,23,25,25,24,24,23,24,47,47,47,47,47,47,47,47,47,47,47,47,47,47,47,47,47,47,47,47,47,47,47,47,47,47,47,47,47,47,47,47,47,47,47,47,47,47,47,47,47,47,47,47,47,47,47,47,47,47,47,47,47,47,47,47,47,47,47,47,47,47,47,47,800,810,805,795,795,795,800,800,790,800,790,790,795,805,805,805,790,805,805,805,805,805,800,800,800,800,795,795,795,795,795,790,790,795,790,790,795,790,790,805,795,795,805,795,805,805,790,805,790,800,790,805,805,805,790,795,795,795,805,805,800,800,795,800
60,25,26,24,23,23,24,23,24,22,24,23,22,23,25,25,26,22,24,24,25,24,25,23,24,24,24,23,23,22,23,23,23,23,23,22,22,22,23,23,25,23,22,25,23,25,24,22,24,22,24,22,25,25,25,23,22,23,22,24,24,24,24,25,25,47,47,47,47,47,47,47,47,47,47,47,47,47,47,47,47,47,47,47,47,47,47,47,47,47,47,47,47,47,47,47,47,47,47,47,47,47,47,47,47,47,47,47,47,47,47,47,47,47,47,47,47,47,47,47,47,47,47,47,47,47,47,47,47,805,810,800,795,795,800,795,800,790,800,795,790,795,805,805,810,790,800,800,805,800,805,795,800,800,800,795,795,790,795,795,795,795,795,790,790,790,795,795,805,795,790,805,795,805,800,790,800,790,800,790,805,805,805,795,790,795,790,800,800,800,800,805,805
60.5,26,25,24,24,24,25,23,23,23,25,23,23,23,25,24,26,22,24,24,24,23,25,23,25,25,25,22,23,22,24,22,24,22,24,22,22,23,23,24,24,22,22,26,23,24,24,22,23,23,25,23,25,26,25,24,22,22,22,23,23,25,25,25,25,47,47,47,47,47,47,47,47,47,47,47,47,47,47,47,47,47,47,47,47,47,47,47,47,47,47,47,47,47,47,47,47,47,47,47,47,47,47,47,47,47,47,47,47,47,47,47,47,47,47,47,47,47,47,47,47,47,47,47,47,47,47,47,47,810,805,800,800,800,805,795,795,795,805,795,795,795,805,800,810,790,800,800,800,795,805,795,805,805,805,790,795,790,800,790,800,790,800,790,790,795,795,800,800,790,790,810,795,800,800,790,795,795,805,795,805,810,805,800,790,790,790,795,795,805,805,805,805
61,26,25,23,25,25,25,22,22,23,25,23,23,22,24,24,26,23,23,23,23,22,25,22,25,26,26,22,24,22,24,22,25,22,24,23,22,24,23,24,24,22,22,25,25,23,23,23,23,23,26,24,24,26,25,24,22,22,22,23,23,25,26,25,25,47,47,47,47,47,47,47,47,47,47,47,47,47,47,47,47,47,47,47,47,47,47,47,47,47,47,47,47,47,47,47,47,47,47,47,47,47,47,47,47,47,47,47,47,47,47,47,47,47,47,47,47,47,47,47,47,47,47,47,47,47,47,47,47,810,805,795,805,805,805,790,790,795,805,795,795,790,800,800,810,795,795,795,795,790,805,790,805,810,810,790,800,790,800,790,805,790,800,795,790,800,795,800,800,790,790,805,805,795,795,795,795,795,810,800,800,810,805,800,790,790,790,795,795,805,810,805,805
61.5,26,25,22,25,26,25,22,22,24,26,24,24,22,23,23,25,23,22,22,22,22,24,22,25,26,26,22,25,22,25,22,25,23,25,23,23,25,24,25,23,22,22,25,25,23,22,23,22,24,26,24,23,26,25,25,23,23,23,22,23,26,26,25,25,47,47,47,47,47,47,47,47,47,47,47,47,47,47,47,47,47,47,47,47,47,47,47,47,47,47,47,47,47,47,47,47,47,47,47,47,47,47,47,47,47,47,47,47,47,47,47,47,47,47,47,47,47,47,47,47,47,47,47,47,47,47,47,47,810,805,790,805,810,805,790,790,800,810,800,800,790,795,795,805,795,790,790,790,790,800,790,805,810,810,790,805,790,805,790,805,795,805,795,795,805,800,805,795,790,790,805,805,795,790,795,790,800,810,800,795,810,805,805,795,795,795,790,795,810,810,805,805
62,25,24,22,26,26,26,22,22,25,25,25,25,23,23,23,25,23,22,22,22,22,23,22,26,25,26,22,26,23,26,23,26,24,25,24,24,25,25,25,23,23,23,25,25,22,22,24,22,24,26,25,23,25,25,25,23,23,23,22,22,26,25,25,25,47,47,47,47,47,47,47,47,47,47,47,47,47,47,47,47,47,47,47,47,47,47,47,47,47,47,47,47,47,47,47,47,47,47,47,47,47,47,47,47,47,47,47,47,47,47,47,47,47,47,47,47,47,47,47,47,47,47,47,47,47,47,47,47,805,800,790,810,810,810,790,790,805,805,805,805,795,795,795,805,795,790,790,790,790,795,790,810,805,810,790,810,795,810,795,810,800,805,800,800,805,805,805,795,795,795,805,805,790,790,800,790,800,810,805,795,805,805,805,795,795,795,790,790,810,805,805,805
62.5,25,24,22,25,26,25,22,23,25,25,25,25,23,22,23,24,24,22,22,22,22,22,23,25,25,25,23,26,24,26,24,26,24,25,24,24,25,25,26,22,24,24,24,26,22,22,24,22,25,25,25,22,25,25,25,24,24,24,22,22,25,25,25,25,47,47,47,47,47,47,47,47,47,47,47,47,47,47,47,47,47,47,47,47,47,47,47,47,47,47,47,47,47,47,47,47,47,47,47,47,47,47,47,47,47,47,47,47,47,47,47,47,47,47,47,47,47,47,47,47,47,47,47,47,47,47,47,47,805,800,790,805,810,805,790,795,805,805,805,805,795,790,795,800,800,790,790,790,790,790,795,805,805,805,795,810,800,810,800,810,800,805,800,800,805,805,810,790,800,800,800,810,790,790,800,790,805,805,805,790,805,805,805,800,800,800,790,790,805,805,805,805
63,24,24,22,25,25,25,23,23,25,25,26,26,24,22,22,23,25,22,22,23,23,22,23,25,25,25,24,26,24,26,24,25,24,25,25,25,26,26,25,22,24,24,24,25,22,23,25,23,25,25,26,22,24,24,26,24,25,24,22,22,25,25,25,24,47,47,47,47,47,47,47,47,47,47,47,47,47,47,47,47,47,47,47,47,47,47,47,47,47,47,47,47,47,47,47,47,47,47,47,47,47,47,47,47,47,47,47,47,47,47,47,47,47,47,47,47,47,47,47,47,47,47,47,47,47,47,47,47,800,800,790,805,805,805,795,795,805,805,810,810,800,790,790,795,805,790,790,795,795,790,795,805,805,805,800,810,800,810,800,805,800,805,805,805,810,810,805,790,800,800,800,805,790,795,805,795,805,805,810,790,800,800,810,800,805,800,790,790,805,805,805,800
63.5,23,23,23,25,25,24,23,24,25,24,26,26,24,22,23,23,25,23,23,23,23,22,24,24,24,24,25,25,25,25,25,25,25,25,26,26,26,26,25,22,25,25,23,25,22,23,25,23,26,24,26,22,23,23,25,25,25,25,23,23,25,24,24,23,47,47,47,47,47,47,47,47,47,47,47,47,47,47,47,47,47,47,47,47,47,47,47,47,47,47,47,47,47,47,47,47,47,47,47,47,47,47,47,47,47,47,47,47,47,47,47,47,47,47,47,47,47,47,47,47,47,47,47,47,47,47,47,47,795,795,795,805,805,800,795,800,805,800,810,810,800,790,795,795,805,795,795,795,795,790,800,800,800,800,805,805,805,805,805,805,805,805,810,810,810,810,805,790,805,805,795,805,790,795,805,795,810,800,810,790,795,795,805,805,805,805,795,795,805,800,800,795
64,22,23,23,24,24,24,24,24,26,23,25,25,25,23,23,22,26,23,23,23,24,23,25,23,23,23,25,25,25,25,26,25,26,24,26,26,25,25,25,23,26,26,22,25,23,23,25,24,26,23,25,23,23,22,25,26,25,26,24,24,24,23,23,23,47,47,47,47,47,47,47,47,47,47,47,47,47,47,47,47,47,47,47,47,47,47,47,47,47,47,47,47,47,47,47,47,47,47,47,47,47,47,47,47,47,47,47,47,47,47,47,47,47,47,47,47,47,47,47,47,47,47,47,47,47,47,47,47,790,795,795,800,800,800,800,800,810,795,805,805,805,795,795,790,810,795,795,795,800,795,805,795,795,795,805,805,805,805,810,805,810,800,810,810,805,805,805,795,810,810,790,805,795,795,805,800,810,795,805,795,795,790,805,810,805,810,800,800,800,795,795,795
64.5,22,22,24,24,24,23,25,25,25,23,25,25,26,23,23,22,26,24,24,24,25,23,25,23,23,23,25,25,25,24,26,24,26,24,26,25,25,25,25,23,26,26,22,24,24,24,25,24,25,23,25,24,22,22,24,26,25,26,24,25,23,23,23,22,47,47,47,47,47,47,47,47,47,47,47,47,47,47,47,47,47,47,47,47,47,47,47,47,47,47,47,47,47,47,47,47,47,47,47,47,47,47,47,47,47,47,47,47,47,47,47,47,47,47,47,47,47,47,47,47,47,47,47,47,47,47,47,47,790,790,800,800,800,795,805,805,805,795,805,805,810,795,795,790,810,800,800,800,805,795,805,795,795,795,805,805,805,800,810,800,810,800,810,805,805,805,805,795,810,810,790,800,800,800,805,800,805,795,805,800,790,790,800,810,805,810,800,805,795,795,795,790
65,22,22,25,23,23,22,25,25,25,22,24,25,26,24,24,22,26,25,25,25,25,23,25,22,22,22,26,24,25,24,25,23,26,23,25,25,24,24,24,24,25,26,22,23,24,25,25,25,25,22,24,24,22,22,23,26,25,26,25,25,22,22,22,22,47,47,47,47,47,47,47,47,47,47,47,47,47,47,47,47,47,47,47,47,47,47,47,47,47,47,47,47,47,47,47,47,47,47,47,47,47,47,47,47,47,47,47,47,47,47,47,47,47,47,47,47,47,47,47,47,47,47,47,47,47,47,47,47,790,790,805,795,795,790,805,805,805,790,800,805,810,800,800,790,810,805,805,805,805,795,805,790,790,790,810,800,805,800,805,795,810,795,805,805,800,800,800,800,805,810,790,795,800,805,805,805,805,790,800,800,790,790,795,810,805,810,805,805,790,790,790,790
65.5,22,22,26,22,22,22,25,25,24,22,24,24,26,24,25,23,25,25,26,25,26,23,26,22,22,22,25,23,25,23,25,23,25,23,25,25,23,23,23,25,25,25,22,23,25,25,25,25,24,22,23,24,23,23,23,25,25,25,25,26,22,22,22,22,47,47,47,47,47,47,47,47,47,47,47,47,47,47,47,47,47,47,47,47,47,47,47,47,47,47,47,47,47,47,47,47,47,47,47,47,47,47,47,47,47,47,47,47,47,47,47,47,47,47,47,47,47,47,47,47,47,47,47,47,47,47,47,47,790,790,810,790,790,790,805,805,800,790,800,800,810,800,805,795,805,805,810,805,810,795,810,790,790,790,805,795,805,795,805,795,805,795,805,805,795,795,795,805,805,805,790,795,805,805,805,805,800,790,795,800,795,795,795,805,805,805,805,810,790,790,790,790
66,22,23,25,22,22,22,25,25,24,23,23,23,26,25,25,23,24,25,25,25,26,24,25,22,22,22,25,23,25,22,25,22,24,22,24,24,23,23,23,25,25,25,23,22,26,25,24,26,24,22,23,25,23,23,22,25,25,24,26,26,22,22,22,23,47,47,47,47,47,47,47,47,47,47,47,47,47,47,47,47,47,47,47,47,47,47,47,47,47,47,47,47,47,47,47,47,47,47,47,47,47,47,47,47,47,47,47,47,47,47,47,47,47,47,47,47,47,47,47,47,47,47,47,47,47,47,47,47,790,795,805,790,790,790,805,805,800,795,795,795,810,805,805,795,800,805,805,805,810,800,805,790,790,790,805,795,805,790,805,790,800,790,800,800,795,795,795,805,805,805,795,790,810,805,800,810,800,790,795,805,795,795,790,805,805,800,810,810,790,790,790,795
66.5,23,23,26,22,22,22,25,25,23,23,22,22,25,26,26,24,24,25,25,25,25,24,25,23,23,23,25,22,25,22,24,22,24,22,23,23,22,22,22,26,24,25,24,22,26,25,23,25,23,22,22,26,23,24,22,24,24,24,25,26,22,22,23,23,47,47,47,47,47,47,47,47,47,47,47,47,47,47,47,47,47,47,47,47,47,47,47,47,47,47,47,47,47,47,47,47,47,47,47,47,47,47,47,47,47,47,47,47,47,47,47,47,47,47,47,47,47,47,47,47,47,47,47,47,47,47,47,47,795,795,810,790,790,790,805,805,795,795,790,790,805,810,810,800,800,805,805,805,805,800,805,795,795,795,805,790,805,790,800,790,800,790,795,795,790,790,790,810,800,805,800,790,810,805,795,805,795,790,790,810,795,800,790,800,800,800,805,810,790,790,795,795
67,24,24,26,22,22,22,25,24,22,23,22,22,24,26,25,25,23,25,25,26,25,25,25,23,23,23,24,22,24,22,23,22,23,22,23,23,22,22,22,26,24,24,24,22,26,25,23,25,23,23,22,26,24,24,22,23,24,23,25,25,23,23,23,23,47,47,47,47,47,47,47,47,47,47,47,47,47,47,47,47,47,47,47,47,47,47,47,47,47,47,47,47,47,47,47,47,47,47,47,47,47,47,47,47,47,47,47,47,47,47,47,47,47,47,47,47,47,47,47,47,47,47,47,47,47,47,47,47,800,800,810,790,790,790,805,800,790,795,790,790,800,810,805,805,795,805,805,810,805,805,805,795,795,795,800,790,800,790,795,790,795,790,795,795,790,790,790,810,800,800,800,790,810,805,795,805,795,795,790,810,800,800,790,795,800,795,805,805,795,795,795,795
67.5,24,24,25,23,23,23,24,24,22,24,22,22,24,26,25,26,22,25,25,25,25,26,24,24,24,24,23,23,23,23,23,23,23,23,22,22,22,22,22,26,23,23,25,22,25,25,22,24,22,24,22,26,25,24,23,23,23,22,24,25,23,24,24,24,47,47,47,47,47,47,47,47,47,47,47,47,47,47,47,47,47,47,47,47,47,47,47,47,47,47,47,47,47,47,47,47,47,47,47,47,47,47,47,47,47,47,47,47,47,47,47,47,47,47,47,47,47,47,47,47,47,47,47,47,47,47,47,47,800,800,805,795,795,795,800,800,790,800,790,790,800,810,805,810,790,805,805,805,805,810,800,800,800,800,795,795,795,795,795,795,795,795,790,790,790,790,790,810,795,795,805,790,805,805,790,800,790,800,790,810,805,800,795,795,795,790,800,805,795,800,800,800
68,25,25,24,24,24,24,24,24,23,25,22,22,23,25,25,25,22,24,24,24,24,26,23,24,24,25,23,23,22,23,23,23,22,23,22,22,22,23,23,25,22,22,26,23,25,24,23,24,22,24,23,25,25,25,23,22,22,22,24,24,24,25,24,25,47,47,47,47,47,47,47,47,47,47,47,47,47,47,47,47,47,47,47,47,47,47,47,47,47,47,47,47,47,47,47,47,47,47,47,47,47,47,47,47,47,47,47,47,47,47,47,47,47,47,47,47,47,47,47,47,47,47,47,47,47,47,47,47,805,805,800,800,800,800,800,800,795,805,790,790,795,805,805,805,790,800,800,800,800,810,795,800,800,805,795,795,790,795,795,795,790,795,790,790,790,795,795,805,790,790,810,795,805,800,795,800,790,800,795,805,805,805,795,790,790,790,800,800,800,805,800,805
68.5,25,25,24,24,24,24,23,23,23,25,23,22,22,25,24,26,22,24,24,24,24,25,23,25,25,25,22,23,22,23,23,24,22,24,22,22,23,23,24,25,22,22,26,23,24,24,23,23,22,25,23,24,26,25,24,22,22,22,24,23,24,25,25,25,47,47,47,47,47,47,47,47,47,47,47,47,47,47,47,47,47,47,47,47,47,47,47,47,47,47,47,47,47,47,47,47,47,47,47,47,47,47,47,47,47,47,47,47,47,47,47,47,47,47,47,47,47,47,47,47,47,47,47,47,47,47,47,47,805,805,800,800,800,800,795,795,795,805,795,790,790,805,800,810,790,800,800,800,800,805,795,805,805,805,790,795,790,795,795,800,790,800,790,790,795,795,800,805,790,790,810,795,800,800,795,795,790,805,795,800,810,805,800,790,790,790,800,795,800,805,805,805
69,25,26,23,25,25,25,22,22,23,26,23,23,22,24,24,26,22,23,22,23,23,25,22,25,26,26,22,24,22,24,22,25,22,24,22,23,23,24,24,23,22,22,25,24,23,23,23,22,23,25,23,24,26,25,25,22,22,22,23,23,25,26,26,25,47,47,47,47,47,47,47,47,47,47,47,47,47,47,47,47,47,47,47,47,47,47,47,47,47,47,47,47,47,47,47,47,47,47,47,47,47,47,47,47,47,47,47,47,47,47,47,47,47,47,47,47,47,47,47,47,47,47,47,47,47,47,47,47,805,810,795,805,805,805,790,790,795,810,795,795,790,800,800,810,790,795,790,795,795,805,790,805,810,810,790,800,790,800,790,805,790,800,790,795,795,800,800,795,790,790,805,800,795,795,795,790,795,805,795,800,810,805,805,790,790,790,795,795,805,810,810,805
69.5,25,25,23,25,26,26,22,22,24,26,24,24,22,23,23,25,23,23,22,23,22,24,22,25,26,26,22,25,22,25,22,25,22,25,23,23,24,25,25,23,22,22,25,25,23,23,23,22,23,26,24,23,26,25,25,22,23,23,22,22,26,26,26,25,47,47,47,47,47,47,47,47,47,47,47,47,47,47,47,47,47,47,47,47,47,47,47,47,47,47,47,47,47,47,47,47,47,47,47,47,47,47,47,47,47,47,47,47,47,47,47,47,47,47,47,47,47,47,47,47,47,47,47,47,47,47,47,47,805,805,795,805,810,810,790,790,800,810,800,800,790,795,795,805,795,795,790,795,790,800,790,805,810,810,790,805,790,805,790,805,790,805,795,795,800,805,805,795,790,790,805,805,795,795,795,790,795,810,800,795,810,805,805,790,795,795,790,790,810,810,810,805
70,25,25,22,25,26,25,22,23,24,25,25,25,23,23,23,25,23,22,22,22,22,24,22,25,25,25,23,25,23,25,23,26,23,25,24,24,25,25,25,22,23,23,25,26,22,22,24,22,24,25,25,22,26,25,25,23,23,23,22,23,25,26,26,25,47,47,47,47,47,47,47,47,47,47,47,47,47,47,47,47,47,47,47,47,47,47,47,47,47,47,47,47,47,47,47,47,47,47,47,47,47,47,47,47,47,47,47,47,47,47,47,47,47,47,47,47,47,47,47,47,47,47,47,47,47,47,47,47,805,805,790,805,810,805,790,795,800,805,805,805,795,795,795,805,795,790,790,790,790,800,790,805,805,805,795,805,795,805,795,810,795,805,800,800,805,805,805,790,795,795,805,810,790,790,800,790,800,805,805,790,810,805,805,795,795,795,790,795,805,810,810,805
70.5,25,24,22,25,26,25,22,23,25,25,25,25,23,22,22,24,23,22,22,22,22,23,23,25,25,25,23,25,23,25,24,26,23,25,24,25,26,25,25,22,23,23,24,26,22,22,24,22,25,25,25,22,25,25,25,24,24,24,22,23,25,25,25,25,47,47,47,47,47,47,47,47,47,47,47,47,47,47,47,47,47,47,47,47,47,47,47,47,47,47,47,47,47,47,47,47,47,47,47,47,47,47,47,47,47,47,47,47,47,47,47,47,47,47,47,47,47,47,47,47,47,47,47,47,47,47,47,47,805,800,790,805,810,805,790,795,805,805,805,805,795,790,790,800,795,790,790,790,790,795,795,805,805,805,795,805,795,805,800,810,795,805,800,805,810,805,805,790,795,795,800,810,790,790,800,790,805,805,805,790,805,805,805,800,800,800,790,795,805,805,805,805
71,24,24,22,25,25,25,23,23,26,25,25,25,24,22,22,23,24,22,23,23,23,22,23,25,25,25,24,26,24,26,24,25,25,25,25,25,26,25,26,22,24,25,23,26,22,22,25,22,25,25,26,22,24,24,25,24,25,25,23,23,24,24,24,24,47,47,47,47,47,47,47,47,47,47,47,47,47,47,47,47,47,47,47,47,47,47,47,47,47,47,47,47,47,47,47,47,47,47,47,47,47,47,47,47,47,47,47,47,47,47,47,47,47,47,47,47,47,47,47,47,47,47,47,47,47,47,47,47,800,800,790,805,805,805,795,795,810,805,805,805,800,790,790,795,800,790,795,795,795,790,795,805,805,805,800,810,800,810,800,805,805,805,805,805,810,805,810,790,800,805,795,810,790,790,805,790,805,805,810,790,800,800,805,800,805,805,795,795,800,800,800,800
71.5,23,23,23,24,25,25,23,24,26,24,25,25,24,22,22,23,25,23,23,23,23,22,24,24,24,24,24,26,25,25,25,25,25,25,25,26,26,25,25,23,25,25,23,25,23,23,26,23,26,24,26,22,23,23,25,25,25,25,23,23,24,24,24,24,47,47,47,47,47,47,47,47,47,47,47,47,47,47,47,47,47,47,47,47,47,47,47,47,47,47,47,47,47,47,47,47,47,47,47,47,47,47,47,47,47,47,47,47,47,47,47,47,47,47,47,47,47,47,47,47,47,47,47,47,47,47,47,47,795,795,795,800,805,805,795,800,810,800,805,805,800,790,790,795,805,795,795,795,795,790,800,800,800,800,800,810,805,805,805,805,805,805,805,810,810,805,805,795,805,805,795,805,795,795,810,795,810,800,810,790,795,795,805,805,805,805,795,795,800,800,800,800
72,23,23,23,24,24,24,24,24,25,23,25,25,25,22,22,22,26,23,24,24,24,23,24,23,23,23,25,25,25,25,25,24,26,25,26,26,25,25,25,23,25,26,22,25,23,23,26,24,26,24,25,23,23,23,25,25,26,26,24,24,24,23,24,23,47,47,47,47,47,47,47,47,47,47,47,47,47,47,47,47,47,47,47,47,47,47,47,47,47,47,47,47,47,47,47,47,47,47,47,47,47,47,47,47,47,47,47,47,47,47,47,47,47,47,47,47,47,47,47,47,47,47,47,47,47,47,47,47,795,795,795,800,800,800,800,800,805,795,805,805,805,790,790,790,810,795,800,800,800,795,800,795,795,795,805,805,805,805,805,800,810,805,810,810,805,805,805,795,805,810,790,805,795,795,810,800,810,800,805,795,795,795,805,805,810,810,800,800,800,795,800,795
72.5,22,22,24,23,24,23,25,25,25,23,25,25,26,23,23,22,26,24,24,24,25,23,25,23,23,23,25,25,25,24,26,24,26,24,25,25,25,25,24,24,25,26,22,24,24,23,26,25,26,23,25,23,22,22,24,25,26,26,24,24,23,23,23,22,47,47,47,47,47,47,47,47,47,47,47,47,47,47,47,47,47,47,47,47,47,47,47,47,47,47,47,47,47,47,47,47,47,47,47,47,47,47,47,47,47,47,47,47,47,47,47,47,47,47,47,47,47,47,47,47,47,47,47,47,47,47,47,47,790,790,800,795,800,795,805,805,805,795,805,805,810,795,795,790,810,800,800,800,805,795,805,795,795,795,805,805,805,800,810,800,810,800,805,805,805,805,800,800,805,810,790,800,800,795,810,805,810,795,805,795,790,790,800,805,810,810,800,800,795,795,795,790
73,22,22,25,23,23,23,25,26,25,22,25,24,26,24,24,22,25,24,25,25,25,23,25,23,22,22,26,23,26,24,25,23,25,23,25,25,24,24,24,24,25,26,22,23,25,25,25,25,25,23,25,24,22,22,24,25,26,25,25,25,23,22,22,22,47,47,47,47,47,47,47,47,47,47,47,47,47,47,47,47,47,47,47,47,47,47,47,47,47,47,47,47,47,47,47,47,47,47,47,47,47,47,47,47,47,47,47,47,47,47,47,47,47,47,47,47,47,47,47,47,47,47,47,47,47,47,47,47,790,790,805,795,795,795,805,810,805,790,805,800,810,800,800,790,805,800,805,805,805,795,805,795,790,790,810,795,810,800,805,795,805,795,805,805,800,800,800,800,805,810,790,795,805,805,805,805,805,795,805,800,790,790,800,805,810,805,805,805,795,790,790,790
73.5,22,23,25,23,22,22,25,26,24,22,24,24,26,24,25,23,25,25,25,25,26,24,25,22,22,22,25,23,25,23,25,23,25,23,24,25,24,23,23,25,25,25,22,23,25,25,25,26,24,22,24,25,22,22,23,25,25,25,26,25,22,22,22,22,47,47,47,47,47,47,47,47,47,47,47,47,47,47,47,47,47,47,47,47,47,47,47,47,47,47,47,47,47,47,47,47,47,47,47,47,47,47,47,47,47,47,47,47,47,47,47,47,47,47,47,47,47,47,47,47,47,47,47,47,47,47,47,47,790,795,805,795,790,790,805,810,800,790,800,800,810,800,805,795,805,805,805,805,810,800,805,790,790,790,805,795,805,795,805,795,805,795,800,805,800,795,795,805,805,805,790,795,805,805,805,810,800,790,800,805,790,790,795,805,805,805,810,805,790,790,790,790
74,22,23,26,22,22,22,25,26,23,22,23,23,25,25,25,23,25,26,26,25,25,24,25,22,22,22,25,22,25,23,25,22,24,22,24,24,23,23,23,25,25,25,23,22,26,25,24,25,24,22,23,25,23,23,22,25,25,24,26,25,22,22,22,22,47,47,47,47,47,47,47,47,47,47,47,47,47,47,47,47,47,47,47,47,47,47,47,47,47,47,47,47,47,47,47,47,47,47,47,47,47,47,47,47,47,47,47,47,47,47,47,47,47,47,47,47,47,47,47,47,47,47,47,47,47,47,47,47,790,795,810,790,790,790,805,810,795,790,795,795,805,805,805,795,805,810,810,805,805,800,805,790,790,790,805,790,805,795,805,790,800,790,800,800,795,795,795,805,805,805,795,790,810,805,800,805,800,790,795,805,795,795,790,805,805,800,810,805,790,790,790,790
74.5,23,23,26,22,22,22,25,25,23,23,23,23,25,26,26,24,24,26,26,25,25,25,25,23,23,23,24,22,24,22,24,22,24,22,23,23,22,22,22,25,24,24,23,22,26,25,24,25,23,22,22,26,24,23,22,24,24,24,26,25,22,23,23,23,47,47,47,47,47,47,47,47,47,47,47,47,47,47,47,47,47,47,47,47,47,47,47,47,47,47,47,47,47,47,47,47,47,47,47,47,47,47,47,47,47,47,47,47,47,47,47,47,47,47,47,47,47,47,47,47,47,47,47,47,47,47,47,47,795,795,810,790,790,790,805,805,795,795,795,795,805,810,810,800,800,810,810,805,805,805,805,795,795,795,800,790,800,790,800,790,800,790,795,795,790,790,790,805,800,800,795,790,810,805,800,805,795,790,790,810,800,795,790,800,800,800,810,805,790,795,795,795
75,23,24,25,22,23,23,25,25,22,23,22,22,24,26,25,25,23,25,25,25,25,25,25,24,23,24,24,22,24,23,23,22,23,22,23,22,22,22,22,25,24,23,24,22,25,25,23,25,22,23,22,25,24,24,22,23,24,23,25,25,22,23,23,24,47,47,47,47,47,47,47,47,47,47,47,47,47,47,47,47,47,47,47,47,47,47,47,47,47,47,47,47,47,47,47,47,47,47,47,47,47,47,47,47,47,47,47,47,47,47,47,47,47,47,47,47,47,47,47,47,47,47,47,47,47,47,47,47,795,800,805,790,795,795,805,805,790,795,790,790,800,810,805,805,795,805,805,805,805,805,805,800,795,800,800,790,800,795,795,790,795,790,795,790,790,790,790,805,800,795,800,790,805,805,795,805,790,795,790,805,800,800,790,795,800,795,805,805,790,795,795,800
75.5,24,24,25,23,23,23,24,24,22,24,22,22,24,26,25,25,23,25,25,25,25,26,24,24,24,24,23,22,23,23,23,23,23,22,22,22,23,22,22,25,23,23,25,22,25,25,22,24,22,23,22,25,25,25,23,23,23,23,25,24,23,24,24,24,47,47,47,47,47,47,47,47,47,47,47,47,47,47,47,47,47,47,47,47,47,47,47,47,47,47,47,47,47,47,47,47,47,47,47,47,47,47,47,47,47,47,47,47,47,47,47,47,47,47,47,47,47,47,47,47,47,47,47,47,47,47,47,47,800,800,805,795,795,795,800,800,790,800,790,790,800,810,805,805,795,805,805,805,805,810,800,800,800,800,795,790,795,795,795,795,795,790,790,790,795,790,790,805,795,795,805,790,805,805,790,800,790,795,790,805,805,805,795,795,795,795,805,800,795,800,800,800
76,25,25,25,23,24,24,23,23,22,24,22,22,23,25,25,26,22,24,24,24,24,26,24,25,24,25,23,23,22,23,22,23,22,23,22,22,23,23,23,25,23,23,25,23,24,25,22,24,22,24,22,25,25,25,23,22,23,22,24,24,24,25,24,25,47,47,47,47,47,47,47,47,47,47,47,47,47,47,47,47,47,47,47,47,47,47,47,47,47,47,47,47,47,47,47,47,47,47,47,47,47,47,47,47,47,47,47,47,47,47,47,47,47,47,47,47,47,47,47,47,47,47,47,47,47,47,47,47,805,805,805,795,800,800,795,795,790,800,790,790,795,805,805,810,790,800,800,800,800,810,800,805,800,805,795,795,790,795,790,795,790,795,790,790,795,795,795,805,795,795,805,795,800,805,790,800,790,800,790,805,805,805,795,790,795,790,800,800,800,805,800,805
76.5,25,25,24,24,24,25,23,23,23,25,23,22,22,25,25,26,22,24,23,24,23,25,23,26,25,25,22,23,22,23,22,24,22,24,22,23,23,23,24,24,22,22,26,24,24,24,22,23,22,25,23,25,26,26,23,22,23,22,23,23,25,25,25,25,47,47,47,47,47,47,47,47,47,47,47,47,47,47,47,47,47,47,47,47,47,47,47,47,47,47,47,47,47,47,47,47,47,47,47,47,47,47,47,47,47,47,47,47,47,47,47,47,47,47,47,47,47,47,47,47,47,47,47,47,47,47,47,47,805,805,800,800,800,805,795,795,795,805,795,790,790,805,805,810,790,800,795,800,795,805,795,810,805,805,790,795,790,795,790,800,790,800,790,795,795,795,800,800,790,790,810,800,800,800,790,795,790,805,795,805,810,810,795,790,795,790,795,795,805,805,805,805
77,25,26,24,25,25,25,22,22,23,25,24,23,22,24,24,25,22,23,23,23,23,25,22,25,25,25,22,24,22,25,22,25,22,25,23,23,23,23,24,24,22,23,25,24,23,23,23,23,22,26,23,24,25,26,25,22,22,22,23,23,26,25,26,25,47,47,47,47,47,47,47,47,47,47,47,47,47,47,47,47,47,47,47,47,47,47,47,47,47,47,47,47,47,47,47,47,47,47,47,47,47,47,47,47,47,47,47,47,47,47,47,47,47,47,47,47,47,47,47,47,47,47,47,47,47,47,47,47,805,810,800,805,805,805,790,790,795,805,800,795,790,800,800,805,790,795,795,795,795,805,790,805,805,805,790,800,790,805,790,805,790,805,795,795,795,795,800,800,790,795,805,800,795,795,795,795,790,810,795,800,805,810,805,790,790,790,795,795,810,805,810,805
77.5,25,25,23,25,26,26,22,22,24,26,24,24,22,23,23,25,23,23,22,22,22,25,21,26,26,25,22,25,22,25,23,25,22,25,23,24,24,24,25,23,23,23,25,25,23,22,23,22,23,26,24,23,25,25,25,22,23,23,22,22,26,26,26,25,47,47,47,47,47,47,47,47,47,47,47,47,47,47,47,47,47,47,47,47,47,47,47,47,47,47,47,47,47,47,47,47,47,47,47,47,47,47,47,47,47,47,47,47,47,47,47,47,47,47,47,47,47,47,47,47,47,47,47,47,47,47,47,47,805,805,795,805,810,810,790,790,800,810,800,800,790,795,795,805,795,795,790,790,790,805,785,810,810,805,790,805,790,805,795,805,790,805,795,800,800,800,805,795,795,795,805,805,795,790,795,790,795,810,800,795,805,805,805,790,795,795,790,790,810,810,810,805
78,25,25,22,26,26,26,23,22,25,26,25,25,22,23,22,24,23,22,22,22,22,24,22,25,25,26,23,25,23,26,23,26,23,26,24,24,25,25,25,22,23,23,25,26,22,22,23,22,24,25,25,22,25,25,26,23,23,23,22,22,26,25,25,25,47,47,47,47,47,47,47,47,47,47,47,47,47,47,47,47,47,47,47,47,47,47,47,47,47,47,47,47,47,47,47,47,47,47,47,47,47,47,47,47,47,47,47,47,47,47,47,47,47,47,47,47,47,47,47,47,47,47,47,47,47,47,47,47,805,805,790,810,810,810,795,790,805,810,805,805,790,795,790,800,795,790,790,790,790,800,790,805,805,810,795,805,795,810,795,810,795,810,800,800,805,805,805,790,795,795,805,810,790,790,795,790,800,805,805,790,805,805,810,795,795,795,790,790,810,805,805,805
78.5,24,25,22,26,26,25,23,22,25,25,25,25,23,22,22,24,24,22,22,22,22,23,22,25,25,26,23,26,23,26,24,26,24,26,25,24,26,26,25,22,23,24,24,26,22,22,24,22,24,25,25,22,25,25,26,24,24,24,22,22,25,25,25,25,47,47,47,47,47,47,47,47,47,47,47,47,47,47,47,47,47,47,47,47,47,47,47,47,47,47,47,47,47,47,47,47,47,47,47,47,47,47,47,47,47,47,47,47,47,47,47,47,47,47,47,47,47,47,47,47,47,47,47,47,47,47,47,47,800,805,790,810,810,805,795,790,805,805,805,805,795,790,790,800,800,790,790,790,790,795,790,805,805,810,795,810,795,810,800,810,800,810,805,800,810,810,805,790,795,800,800,810,790,790,800,790,800,805,805,790,805,805,810,800,800,800,790,790,805,805,805,805
79,24,24,22,25,25,25,23,23,26,25,26,25,24,22,22,23,25,22,23,22,23,23,23,24,25,25,24,26,25,26,24,25,24,25,25,25,26,26,25,22,24,25,24,26,22,22,25,23,25,25,26,23,24,24,25,25,24,25,23,22,25,25,24,24,47,47,47,47,47,47,47,47,47,47,47,47,47,47,47,47,47,47,47,47,47,47,47,47,47,47,47,47,47,47,47,47,47,47,47,47,47,47,47,47,47,47,47,47,47,47,47,47,47,47,47,47,47,47,47,47,47,47,47,47,47,47,47,47,800,800,790,805,805,805,795,795,810,805,810,805,800,790,790,795,805,790,795,790,795,795,795,800,805,805,800,810,805,810,800,805,800,805,805,805,810,810,805,790,800,805,800,810,790,790,805,795,805,805,810,795,800,800,805,805,800,805,795,790,805,805,800,800
79.5,24,23,22,25,25,25,24,23,26,24,26,25,24,23,22,23,25,22,23,23,23,22,24,24,24,24,25,26,25,26,25,25,25,25,26,26,26,25,25,22,25,25,23,25,23,23,26,23,26,24,26,23,23,23,25,25,25,25,23,23,25,24,24,24,47,47,47,47,47,47,47,47,47,47,47,47,47,47,47,47,47,47,47,47,47,47,47,47,47,47,47,47,47,47,47,47,47,47,47,47,47,47,47,47,47,47,47,47,47,47,47,47,47,47,47,47,47,47,47,47,47,47,47,47,47,47,47,47,800,795,790,805,805,805,800,795,810,800,810,805,800,795,790,795,805,790,795,795,795,790,800,800,800,800,805,810,805,810,805,805,805,805,810,810,810,805,805,790,805,805,795,805,795,795,810,795,810,800,810,795,795,795,805,805,805,805,795,795,805,800,800,800
80,23,23,23,24,24,24,24,24,25,23,26,25,25,23,23,22,26,23,23,24,24,22,24,23,24,23,25,25,26,25,26,25,25,25,25,26,25,25,25,23,26,25,23,25,23,23,26,24,26,24,26,23,22,22,25,26,26,26,24,24,23,23,23,23,47,47,47,47,47,47,47,47,47,47,47,47,47,47,47,47,47,47,47,47,47,47,47,47,47,47,47,47,47,47,47,47,47,47,47,47,47,47,47,47,47,47,47,47,47,47,47,47,47,47,47,47,47,47,47,47,47,47,47,47,47,47,47,47,795,795,795,800,800,800,800,800,805,795,810,805,805,795,795,790,810,795,795,800,800,790,800,795,800,795,805,805,810,805,810,805,805,805,805,810,805,805,805,795,810,805,795,805,795,795,810,800,810,800,810,795,790,790,805,810,810,810,800,800,795,795,795,795
80.5,22,22,24,23,24,23,25,25,25,23,25,25,25,23,23,22,26,24,24,24,25,22,25,23,23,23,25,24,26,25,26,24,26,24,25,25,25,25,24,24,26,25,22,24,23,24,25,25,26,23,25,23,22,22,24,26,26,26,25,24,23,23,23,22,47,47,47,47,47,47,47,47,47,47,47,47,47,47,47,47,47,47,47,47,47,47,47,47,47,47,47,47,47,47,47,47,47,47,47,47,47,47,47,47,47,47,47,47,47,47,47,47,47,47,47,47,47,47,47,47,47,47,47,47,47,47,47,47,790,790,800,795,800,795,805,805,805,795,805,805,805,795,795,790,810,800,800,800,805,790,805,795,795,795,805,800,810,805,810,800,810,800,805,805,805,805,800,800,810,805,790,800,795,800,805,805,810,795,805,795,790,790,800,810,810,810,805,800,795,795,795,790
81,22,22,25,23,23,22,25,25,25,23,25,24,26,24,24,22,25,25,25,25,25,23,25,22,22,22,26,23,26,23,25,24,25,23,25,25,24,25,24,24,26,25,22,23,25,24,25,25,25,22,24,24,22,22,24,25,25,25,25,25,23,22,22,22,47,47,47,47,47,47,47,47,47,47,47,47,47,47,47,47,47,47,47,47,47,47,47,47,47,47,47,47,47,47,47,47,47,47,47,47,47,47,47,47,47,47,47,47,47,47,47,47,47,47,47,47,47,47,47,47,47,47,47,47,47,47,47,47,790,790,805,795,795,790,805,805,805,795,805,800,810,800,800,790,805,805,805,805,805,795,805,790,790,790,810,795,810,795,805,800,805,795,805,805,800,805,800,800,810,805,790,795,805,800,805,805,805,790,800,800,790,790,800,805,805,805,805,805,795,790,790,790
81.5,22,23,25,22,22,22,25,25,24,23,24,23,26,24,24,23,25,25,25,25,26,23,25,22,22,22,25,23,25,23,25,23,25,23,25,25,23,24,23,25,25,25,22,23,25,25,25,25,25,22,23,24,22,22,23,25,25,25,26,25,23,22,22,22,47,47,47,47,47,47,47,47,47,47,47,47,47,47,47,47,47,47,47,47,47,47,47,47,47,47,47,47,47,47,47,47,47,47,47,47,47,47,47,47,47,47,47,47,47,47,47,47,47,47,47,47,47,47,47,47,47,47,47,47,47,47,47,47,790,795,805,790,790,790,805,805,800,795,800,795,810,800,800,795,805,805,805,805,810,795,805,790,790,790,805,795,805,795,805,795,805,795,805,805,795,800,795,805,805,805,790,795,805,805,805,805,805,790,795,800,790,790,795,805,805,805,810,805,795,790,790,790
82,23,23,25,22,22,22,25,25,24,22,23,23,25,25,25,23,24,26,26,26,25,24,26,23,22,22,25,22,25,22,25,22,24,22,24,24,23,23,22,25,25,25,23,22,26,25,24,26,24,22,23,25,23,23,22,25,24,24,26,26,22,23,22,22,47,47,47,47,47,47,47,47,47,47,47,47,47,47,47,47,47,47,47,47,47,47,47,47,47,47,47,47,47,47,47,47,47,47,47,47,47,47,47,47,47,47,47,47,47,47,47,47,47,47,47,47,47,47,47,47,47,47,47,47,47,47,47,47,795,795,805,790,790,790,805,805,800,790,795,795,805,805,805,795,800,810,810,810,805,800,810,795,790,790,805,790,805,790,805,790,800,790,800,800,795,795,790,805,805,805,795,790,810,805,800,810,800,790,795,805,795,795,790,805,800,800,810,810,790,795,790,790
82.5,23,23,25,22,22,23,25,25,23,22,22,23,25,26,26,23,24,26,26,25,25,24,25,23,22,23,24,22,24,22,24,22,24,22,23,23,22,22,22,26,24,24,23,22,26,26,24,25,23,23,22,25,23,23,22,24,24,24,26,25,22,23,23,23,47,47,47,47,47,47,47,47,47,47,47,47,47,47,47,47,47,47,47,47,47,47,47,47,47,47,47,47,47,47,47,47,47,47,47,47,47,47,47,47,47,47,47,47,47,47,47,47,47,47,47,47,47,47,47,47,47,47,47,47,47,47,47,47,795,795,805,790,790,795,805,805,795,790,790,795,805,810,810,795,800,810,810,805,805,800,805,795,790,795,800,790,800,790,800,790,800,790,795,795,790,790,790,810,800,800,795,790,810,810,800,805,795,795,790,805,795,795,790,800,800,800,810,805,790,795,795,795
83,24,24,25,22,23,22,25,24,22,23,22,22,24,26,25,25,23,26,25,25,25,25,24,23,23,23,24,22,24,22,23,22,23,22,23,22,22,22,22,25,24,24,24,23,26,26,23,25,23,23,22,26,24,24,22,23,23,23,25,25,23,23,23,23,47,47,47,47,47,47,47,47,47,47,47,47,47,47,47,47,47,47,47,47,47,47,47,47,47,47,47,47,47,47,47,47,47,47,47,47,47,47,47,47,47,47,47,47,47,47,47,47,47,47,47,47,47,47,47,47,47,47,47,47,47,47,47,47,800,800,805,790,795,790,805,800,790,795,790,790,800,810,805,805,795,810,805,805,805,805,800,795,795,795,800,790,800,790,795,790,795,790,795,790,790,790,790,805,800,800,800,795,810,810,795,805,795,795,790,810,800,800,790,795,795,795,805,805,795,795,795,795
83.5,25,25,25,23,23,23,25,24,22,24,22,22,24,25,25,25,22,25,25,25,24,26,24,24,24,24,23,23,23,23,23,23,22,23,22,22,22,22,22,25,23,23,25,23,25,25,22,25,22,23,22,25,25,24,23,23,23,23,25,25,23,24,24,24,47,47,47,47,47,47,47,47,47,47,47,47,47,47,47,47,47,47,47,47,47,47,47,47,47,47,47,47,47,47,47,47,47,47,47,47,47,47,47,47,47,47,47,47,47,47,47,47,47,47,47,47,47,47,47,47,47,47,47,47,47,47,47,47,805,805,805,795,795,795,805,800,790,800,790,790,800,805,805,805,790,805,805,805,800,810,800,800,800,800,795,795,795,795,795,795,790,795,790,790,790,790,790,805,795,795,805,795,805,805,790,805,790,795,790,805,805,800,795,795,795,795,805,805,795,800,800,800
84,25,26,25,24,23,24,23,24,22,25,22,22,23,25,24,25,22,25,24,24,24,26,24,24,24,24,23,23,23,23,22,23,22,23,22,22,22,23,23,25,22,22,25,23,25,24,22,24,22,24,23,25,25,25,23,22,22,22,25,24,24,24,25,25,47,47,47,47,47,47,47,47,47,47,47,47,47,47,47,47,47,47,47,47,47,47,47,47,47,47,47,47,47,47,47,47,47,47,47,47,47,47,47,47,47,47,47,47,47,47,47,47,47,47,47,47,47,47,47,47,47,47,47,47,47,47,47,47,805,810,805,800,795,800,795,800,790,805,790,790,795,805,800,805,790,805,800,800,800,810,800,800,800,800,795,795,795,795,790,795,790,795,790,790,790,795,795,805,790,790,805,795,805,800,790,800,790,800,795,805,805,805,795,790,790,790,805,800,800,800,805,805
84.5,26,26,24,24,24,25,23,23,23,25,23,23,22,25,24,25,22,24,24,23,23,26,23,25,25,25,22,23,22,23,22,24,22,24,22,22,23,23,23,24,22,22,26,24,24,24,22,24,22,25,23,25,25,26,24,22,22,22,24,23,25,25,25,26,47,47,47,47,47,47,47,47,47,47,47,47,47,47,47,47,47,47,47,47,47,47,47,47,47,47,47,47,47,47,47,47,47,47,47,47,47,47,47,47,47,47,47,47,47,47,47,47,47,47,47,47,47,47,47,47,47,47,47,47,47,47,47,47,810,810,800,800,800,805,795,795,795,805,795,795,790,805,800,805,790,800,800,795,795,810,795,805,805,805,790,795,790,795,790,800,790,800,790,790,795,795,795,800,790,790,810,800,800,800,790,800,790,805,795,805,805,810,800,790,790,790,800,795,805,805,805,810
85,26,26,23,25,25,25,22,22,23,26,23,23,22,24,24,25,22,23,23,23,22,25,23,26,25,25,22,24,22,24,22,24,23,25,22,22,24,24,24,24,22,22,25,24,23,23,23,23,23,26,24,24,26,26,24,22,22,22,22,23,25,25,25,25,47,47,47,47,47,47,47,47,47,47,47,47,47,47,47,47,47,47,47,47,47,47,47,47,47,47,47,47,47,47,47,47,47,47,47,47,47,47,47,47,47,47,47,47,47,47,47,47,47,47,47,47,47,47,47,47,47,47,47,47,47,47,47,47,810,810,795,805,805,805,790,790,795,810,795,795,790,800,800,805,790,795,795,795,790,805,795,810,805,805,790,800,790,800,790,800,795,805,790,790,800,800,800,800,790,790,805,800,795,795,795,795,795,810,800,800,810,810,800,790,790,790,790,795,805,805,805,805
85.5,26,25,23,25,25,26,22,22,24,26,24,24,23,24,23,25,22,22,23,22,22,25,22,26,26,26,22,25,23,25,23,25,23,25,23,23,24,25,25,23,22,22,25,25,23,23,23,22,24,26,24,23,25,26,25,23,23,23,22,22,25,25,26,25,47,47,47,47,47,47,47,47,47,47,47,47,47,47,47,47,47,47,47,47,47,47,47,47,47,47,47,47,47,47,47,47,47,47,47,47,47,47,47,47,47,47,47,47,47,47,47,47,47,47,47,47,47,47,47,47,47,47,47,47,47,47,47,47,810,805,795,805,805,810,790,790,800,810,800,800,795,800,795,805,790,790,795,790,790,805,790,810,810,810,790,805,795,805,795,805,795,805,795,795,800,805,805,795,790,790,805,805,795,795,795,790,800,810,800,795,805,810,805,795,795,795,790,790,805,805,810,805
86,25,26,22,25,25,26,22,22,24,26,25,25,22,23,23,25,23,23,22,22,22,24,22,25,25,26,22,25,23,26,23,25,23,26,24,24,25,25,25,23,23,23,25,26,22,22,24,22,24,26,25,22,25,25,25,23,23,23,22,22,25,26,25,25,47,47,47,47,47,47,47,47,47,47,47,47,47,47,47,47,47,47,47,47,47,47,47,47,47,47,47,47,47,47,47,47,47,47,47,47,47,47,47,47,47,47,47,47,47,47,47,47,47,47,47,47,47,47,47,47,47,47,47,47,47,47,47,47,805,810,790,805,805,810,790,790,800,810,805,805,790,795,795,805,795,795,790,790,790,800,790,805,805,810,790,805,795,810,795,805,795,810,800,800,805,805,805,795,795,795,805,810,790,790,800,790,800,810,805,790,805,805,805,795,795,795,790,790,805,810,805,805
86.5,24,25,22,25,25,25,22,23,25,25,25,25,23,22,22,24,24,23,22,22,23,23,23,25,25,25,23,26,23,26,24,25,24,26,24,25,25,25,26,22,23,24,24,26,22,22,24,22,24,25,26,22,25,25,25,24,24,24,22,22,25,25,25,25,47,47,47,47,47,47,47,47,47,47,47,47,47,47,47,47,47,47,47,47,47,47,47,47,47,47,47,47,47,47,47,47,47,47,47,47,47,47,47,47,47,47,47,47,47,47,47,47,47,47,47,47,47,47,47,47,47,47,47,47,47,47,47,47,800,805,790,805,805,805,790,795,805,805,805,805,795,790,790,800,800,795,790,790,795,795,795,805,805,805,795,810,795,810,800,805,800,810,800,805,805,805,810,790,795,800,800,810,790,790,800,790,800,805,810,790,805,805,805,800,800,800,790,790,805,805,805,805
87,24,24,23,25,25,25,23,23,26,24,25,26,24,22,22,23,24,22,22,22,23,22,23,25,25,25,24,25,24,26,25,25,24,25,25,25,26,26,25,22,24,24,24,26,22,22,25,23,25,25,26,22,24,24,25,24,24,24,23,23,25,25,24,24,47,47,47,47,47,47,47,47,47,47,47,47,47,47,47,47,47,47,47,47,47,47,47,47,47,47,47,47,47,47,47,47,47,47,47,47,47,47,47,47,47,47,47,47,47,47,47,47,47,47,47,47,47,47,47,47,47,47,47,47,47,47,47,47,800,800,795,805,805,805,795,795,810,800,805,810,800,790,790,795,800,790,790,790,795,790,795,805,805,805,800,805,800,810,805,805,800,805,805,805,810,810,805,790,800,800,800,810,790,790,805,795,805,805,810,790,800,800,805,800,800,800,795,795,805,805,800,800
87.5,23,23,23,25,25,24,24,24,26,24,25,26,24,22,22,23,25,23,23,23,23,22,24,24,24,24,25,25,25,25,25,25,25,25,26,25,26,25,25,22,25,25,23,25,22,22,25,23,26,24,26,22,23,23,25,25,25,25,23,23,25,24,24,24,47,47,47,47,47,47,47,47,47,47,47,47,47,47,47,47,47,47,47,47,47,47,47,47,47,47,47,47,47,47,47,47,47,47,47,47,47,47,47,47,47,47,47,47,47,47,47,47,47,47,47,47,47,47,47,47,47,47,47,47,47,47,47,47,795,795,795,805,805,800,800,800,810,800,805,810,800,790,790,795,805,795,795,795,795,790,800,800,800,800,805,805,805,805,805,805,805,805,810,805,810,805,805,790,805,805,795,805,790,790,805,795,810,800,810,790,795,795,805,805,805,805,795,795,805,800,800,800
88,23,22,23,24,24,24,24,24,26,23,26,25,25,22,23,22,25,24,23,24,24,22,24,23,23,23,26,25,26,25,26,24,26,25,25,26,25,25,25,23,25,25,22,25,23,23,25,24,25,24,26,22,22,23,25,26,25,25,24,24,24,23,23,23,47,47,47,47,47,47,47,47,47,47,47,47,47,47,47,47,47,47,47,47,47,47,47,47,47,47,47,47,47,47,47,47,47,47,47,47,47,47,47,47,47,47,47,47,47,47,47,47,47,47,47,47,47,47,47,47,47,47,47,47,47,47,47,47,795,790,795,800,800,800,800,800,810,795,810,805,805,790,795,790,805,800,795,800,800,790,800,795,795,795,810,805,810,805,810,800,810,805,805,810,805,805,805,795,805,805,790,805,795,795,805,800,805,800,810,790,790,795,805,810,805,805,800,800,800,795,795,795
88.5,22,22,23,23,23,23,25,25,25,23,25,25,26,23,23,22,25,24,24,24,25,22,25,22,23,23,26,24,26,24,26,24,26,24,25,25,25,25,24,24,26,26,22,24,24,23,25,24,25,23,25,23,22,23,24,26,25,25,24,25,23,23,22,23,47,47,47,47,47,47,47,47,47,47,47,47,47,47,47,47,47,47,47,47,47,47,47,47,47,47,47,47,47,47,47,47,47,47,47,47,47,47,47,47,47,47,47,47,47,47,47,47,47,47,47,47,47,47,47,47,47,47,47,47,47,47,47,47,790,790,795,795,795,795,805,805,805,795,805,805,810,795,795,790,805,800,800,800,805,790,805,790,795,795,810,800,810,800,810,800,810,800,805,805,805,805,800,800,810,810,790,800,800,795,805,800,805,795,805,795,790,795,800,810,805,805,800,805,795,795,790,795
89,22,22,25,23,23,23,25,26,24,23,24,25,26,24,24,22,25,25,25,25,26,23,26,22,22,22,26,24,26,24,25,23,26,23,25,25,24,24,24,24,25,26,22,24,25,25,25,25,25,22,24,24,22,22,23,25,25,25,25,25,22,22,22,22,47,47,47,47,47,47,47,47,47,47,47,47,47,47,47,47,47,47,47,47,47,47,47,47,47,47,47,47,47,47,47,47,47,47,47,47,47,47,47,47,47,47,47,47,47,47,47,47,47,47,47,47,47,47,47,47,47,47,47,47,47,47,47,47,790,790,805,795,795,795,805,810,800,795,800,805,810,800,800,790,805,805,805,805,810,795,810,790,790,790,810,800,810,800,805,795,810,795,805,805,800,800,800,800,805,810,790,800,805,805,805,805,805,790,800,800,790,790,795,805,805,805,805,805,790,790,790,790
89.5,22,22,25,22,22,22,26,26,24,22,24,24,26,25,24,23,25,25,25,26,26,23,26,22,22,22,26,23,25,23,25,23,25,22,25,24,24,23,23,25,25,25,23,23,25,25,25,26,25,22,24,25,22,22,23,25,25,25,25,25,22,22,22,23,47,47,47,47,47,47,47,47,47,47,47,47,47,47,47,47,47,47,47,47,47,47,47,47,47,47,47,47,47,47,47,47,47,47,47,47,47,47,47,47,47,47,47,47,47,47,47,47,47,47,47,47,47,47,47,47,47,47,47,47,47,47,47,47,790,790,805,790,790,790,810,810,800,790,800,800,810,805,800,795,805,805,805,810,810,795,810,790,790,790,810,795,805,795,805,795,805,790,805,800,800,795,795,805,805,805,795,795,805,805,805,810,805,790,800,805,790,790,795,805,805,805,805,805,790,790,790,795
90,23,23,25,22,22,22,25,26,24,22,23,23,25,25,25,24,25,25,25,25,26,24,26,22,22,22,25,22,25,22,25,22,25,22,24,24,23,23,23,25,25,25,23,23,25,25,25,26,24,22,23,25,23,22,22,25,25,24,26,25,22,22,22,23,47,47,47,47,47,47,47,47,47,47,47,47,47,47,47,47,47,47,47,47,47,47,47,47,47,47,47,47,47,47,47,47,47,47,47,47,47,47,47,47,47,47,47,47,47,47,47,47,47,47,47,47,47,47,47,47,47,47,47,47,47,47,47,47,795,795,805,790,790,790,805,810,800,790,795,795,805,805,805,800,805,805,805,805,810,800,810,790,790,790,805,790,805,790,805,790,805,790,800,800,795,795,795,805,805,805,795,795,805,805,805,810,800,790,795,805,795,790,790,805,805,800,810,805,790,790,790,795
90.5,23,23,25,22,22,22,25,25,23,22,22,22,24,26,25,24,24,25,25,25,26,25,25,22,23,23,24,22,24,22,24,22,24,22,23,23,22,23,22,26,24,24,23,22,25,25,24,25,23,23,23,26,23,23,22,24,24,24,25,25,22,22,22,23,47,47,47,47,47,47,47,47,47,47,47,47,47,47,47,47,47,47,47,47,47,47,47,47,47,47,47,47,47,47,47,47,47,47,47,47,47,47,47,47,47,47,47,47,47,47,47,47,47,47,47,47,47,47,47,47,47,47,47,47,47,47,47,47,795,795,805,790,790,790,805,805,795,790,790,790,800,810,805,800,800,805,805,805,810,805,805,790,795,795,800,790,800,790,800,790,800,790,795,795,790,795,790,810,800,800,795,790,805,805,800,805,795,795,795,810,795,795,790,800,800,800,805,805,790,790,790,795
91,24,24,25,23,22,22,25,25,22,23,22,22,24,26,25,25,23,25,26,26,25,26,25,23,23,23,24,22,23,22,24,22,24,22,23,22,22,23,22,25,24,24,24,22,25,25,23,25,23,23,22,26,24,24,23,24,23,23,25,25,23,23,23,23,47,47,47,47,47,47,47,47,47,47,47,47,47,47,47,47,47,47,47,47,47,47,47,47,47,47,47,47,47,47,47,47,47,47,47,47,47,47,47,47,47,47,47,47,47,47,47,47,47,47,47,47,47,47,47,47,47,47,47,47,47,47,47,47,800,800,805,795,790,790,805,805,790,795,790,790,800,810,805,805,795,805,810,810,805,810,805,795,795,795,800,790,795,790,800,790,800,790,795,790,790,795,790,805,800,800,800,790,805,805,795,805,795,795,790,810,800,800,795,800,795,795,805,805,795,795,795,795
91.5,25,24,25,23,22,23,24,24,22,24,22,22,24,25,25,25,23,25,25,25,24,26,24,24,24,24,23,22,23,22,23,23,23,23,22,22,23,23,22,25,23,23,25,23,25,25,22,24,22,23,22,25,24,25,23,23,23,22,25,25,23,24,24,24,47,47,47,47,47,47,47,47,47,47,47,47,47,47,47,47,47,47,47,47,47,47,47,47,47,47,47,47,47,47,47,47,47,47,47,47,47,47,47,47,47,47,47,47,47,47,47,47,47,47,47,47,47,47,47,47,47,47,47,47,47,47,47,47,805,800,805,795,790,795,800,800,790,800,790,790,800,805,805,805,795,805,805,805,800,810,800,800,800,800,795,790,795,790,795,795,795,795,790,790,795,795,790,805,795,795,805,795,805,805,790,800,790,795,790,805,800,805,795,795,795,790,805,805,795,800,800,800
92,25,25,24,24,24,23,23,23,22,25,22,23,23,26,25,26,22,24,24,24,24,26,24,25,25,25,23,23,22,23,22,23,22,23,22,22,22,23,23,25,22,22,25,23,25,25,22,24,22,24,23,25,25,25,23,23,22,22,24,24,24,25,25,25,47,47,47,47,47,47,47,47,47,47,47,47,47,47,47,47,47,47,47,47,47,47,47,47,47,47,47,47,47,47,47,47,47,47,47,47,47,47,47,47,47,47,47,47,47,47,47,47,47,47,47,47,47,47,47,47,47,47,47,47,47,47,47,47,805,805,800,800,800,795,795,795,790,805,790,795,795,810,805,810,790,800,800,800,800,810,800,805,805,805,795,795,790,795,790,795,790,795,790,790,790,795,795,805,790,790,805,795,805,805,790,800,790,800,795,805,805,805,795,795,790,790,800,800,800,805,805,805
92.5,25,25,24,25,24,24,23,23,23,25,23,23,22,25,25,26,22,24,23,24,23,25,23,25,25,25,22,23,22,23,22,24,22,24,22,22,23,23,24,24,22,22,25,23,24,24,22,23,22,25,23,25,25,26,24,22,22,22,23,23,25,25,25,25,47,47,47,47,47,47,47,47,47,47,47,47,47,47,47,47,47,47,47,47,47,47,47,47,47,47,47,47,47,47,47,47,47,47,47,47,47,47,47,47,47,47,47,47,47,47,47,47,47,47,47,47,47,47,47,47,47,47,47,47,47,47,47,47,805,805,800,805,800,800,795,795,795,805,795,795,790,805,805,810,790,800,795,800,795,805,795,805,805,805,790,795,790,795,790,800,790,800,790,790,795,795,800,800,790,790,805,795,800,800,790,795,790,805,795,805,805,810,800,790,790,790,795,795,805,805,805,805
93,26,25,23,25,25,25,22,22,23,26,23,23,22,24,24,25,22,23,23,22,22,25,22,25,26,25,22,24,22,24,22,25,23,25,23,22,24,23,24,24,22,22,25,24,23,23,22,23,22,26,23,24,26,26,25,22,22,22,23,23,25,25,25,25,47,47,47,47,47,47,47,47,47,47,47,47,47,47,47,47,47,47,47,47,47,47,47,47,47,47,47,47,47,47,47,47,47,47,47,47,47,47,47,47,47,47,47,47,47,47,47,47,47,47,47,47,47,47,47,47,47,47,47,47,47,47,47,47,810,805,795,805,805,805,790,790,795,810,795,795,790,800,800,805,790,795,795,790,790,805,790,805,810,805,790,800,790,800,790,805,795,805,795,790,800,795,800,800,790,790,805,800,795,795,790,795,790,810,795,800,810,810,805,790,790,790,795,795,805,805,805,805
93.5,26,25,23,25,25,26,22,22,24,26,24,24,22,23,23,25,23,23,22,22,22,24,22,25,26,26,23,25,23,25,22,25,23,25,23,23,24,24,25,23,23,22,25,25,23,22,23,22,23,26,24,23,25,25,25,23,23,23,22,22,25,26,25,25,47,47,47,47,47,47,47,47,47,47,47,47,47,47,47,47,47,47,47,47,47,47,47,47,47,47,47,47,47,47,47,47,47,47,47,47,47,47,47,47,47,47,47,47,47,47,47,47,47,47,47,47,47,47,47,47,47,47,47,47,47,47,47,47,810,805,795,805,805,810,790,790,800,810,800,800,790,795,795,805,795,795,790,790,790,800,790,805,810,810,795,805,795,805,790,805,795,805,795,795,800,800,805,795,795,790,805,805,795,790,795,790,795,810,800,795,805,805,805,795,795,795,790,790,805,810,805,805
94,25,25,22,26,25,26,22,22,24,26,25,25,23,23,22,24,23,22,22,22,22,24,22,25,25,25,23,25,23,25,23,25,23,25,24,24,25,25,25,23,23,23,25,26,22,22,23,22,24,26,25,23,25,25,25,23,23,24,22,22,25,26,26,25,47,47,47,47,47,47,47,47,47,47,47,47,47,47,47,47,47,47,47,47,47,47,47,47,47,47,47,47,47,47,47,47,47,47,47,47,47,47,47,47,47,47,47,47,47,47,47,47,47,47,47,47,47,47,47,47,47,47,47,47,47,47,47,47,805,805,790,810,805,810,790,790,800,810,805,805,795,795,790,800,795,790,790,790,790,800,790,805,805,805,795,805,795,805,795,805,795,805,800,800,805,805,805,795,795,795,805,810,790,790,795,790,800,810,805,795,805,805,805,795,795,800,790,790,805,810,810,805
94.5,24,25,22,25,25,25,23,23,25,26,25,25,23,22,22,24,24,22,22,22,23,23,23,25,25,25,23,26,24,26,24,26,24,25,25,25,25,26,25,22,24,24,24,26,22,22,24,22,25,25,25,22,24,24,25,24,24,24,22,22,25,25,25,25,47,47,47,47,47,47,47,47,47,47,47,47,47,47,47,47,47,47,47,47,47,47,47,47,47,47,47,47,47,47,47,47,47,47,47,47,47,47,47,47,47,47,47,47,47,47,47,47,47,47,47,47,47,47,47,47,47,47,47,47,47,47,47,47,800,805,790,805,805,805,795,795,805,810,805,805,795,790,790,800,800,790,790,790,795,795,795,805,805,805,795,810,800,810,800,810,800,805,805,805,805,810,805,790,800,800,800,810,790,790,800,790,805,805,805,790,800,800,805,800,800,800,790,790,805,805,805,805
95,24,24,22,25,25,25,23,23,26,24,25,25,24,22,22,23,24,22,22,23,23,23,23,24,25,25,24,26,24,26,25,25,25,25,25,25,26,26,25,22,24,24,24,26,22,22,25,23,25,25,26,22,24,24,25,24,24,25,22,23,25,25,25,25,47,47,47,47,47,47,47,47,47,47,47,47,47,47,47,47,47,47,47,47,47,47,47,47,47,47,47,47,47,47,47,47,47,47,47,47,47,47,47,47,47,47,47,47,47,47,47,47,47,47,47,47,47,47,47,47,47,47,47,47,47,47,47,47,800,800,790,805,805,805,795,795,810,800,805,805,800,790,790,795,800,790,790,795,795,795,795,800,805,805,800,810,800,810,805,805,805,805,805,805,810,810,805,790,800,800,800,810,790,790,805,795,805,805,810,790,800,800,805,800,800,805,790,795,805,805,805,805
95.5,23,23,23,25,25,24,24,23,26,24,26,25,25,22,23,23,25,23,23,23,23,22,24,24,24,24,25,25,25,26,26,25,25,25,26,25,25,26,25,23,25,25,23,25,23,23,26,23,26,24,26,22,24,23,25,25,25,25,23,23,24,24,24,24,47,47,47,47,47,47,47,47,47,47,47,47,47,47,47,47,47,47,47,47,47,47,47,47,47,47,47,47,47,47,47,47,47,47,47,47,47,47,47,47,47,47,47,47,47,47,47,47,47,47,47,47,47,47,47,47,47,47,47,47,47,47,47,47,795,795,795,805,805,800,800,795,810,800,810,805,805,790,795,795,805,795,795,795,795,790,800,800,800,800,805,805,805,810,810,805,805,805,810,805,805,810,805,795,805,805,795,805,795,795,810,795,810,800,810,790,800,795,805,805,805,805,795,795,800,800,800,800
96,22,23,23,24,24,24,24,24,25,23,25,25,25,23,23,22,25,23,24,23,24,22,24,23,23,23,25,25,25,25,26,25,25,24,25,26,25,25,25,23,25,25,22,25,23,23,26,23,25,24,25,23,23,22,25,25,26,26,24,24,24,23,23,23,47,47,47,47,47,47,47,47,47,47,47,47,47,47,47,47,47,47,47,47,47,47,47,47,47,47,47,47,47,47,47,47,47,47,47,47,47,47,47,47,47,47,47,47,47,47,47,47,47,47,47,47,47,47,47,47,47,47,47,47,47,47,47,47,790,795,795,800,800,800,800,800,805,795,805,805,805,795,795,790,805,795,800,795,800,790,800,795,795,795,805,805,805,805,810,805,805,800,805,810,805,805,805,795,805,805,790,805,795,795,810,795,805,800,805,795,795,790,805,805,810,810,800,800,800,795,795,795
96.5,22,22,24,23,24,23,25,25,25,23,25,25,25,23,23,22,25,24,24,24,25,22,25,22,22,22,25,24,26,24,26,24,25,24,25,25,25,25,24,24,26,26,22,24,24,24,25,24,25,23,25,23,22,22,24,25,26,26,25,25,23,23,23,22,47,47,47,47,47,47,47,47,47,47,47,47,47,47,47,47,47,47,47,47,47,47,47,47,47,47,47,47,47,47,47,47,47,47,47,47,47,47,47,47,47,47,47,47,47,47,47,47,47,47,47,47,47,47,47,47,47,47,47,47,47,47,47,47,790,790,800,795,800,795,805,805,805,795,805,805,805,795,795,790,805,800,800,800,805,790,805,790,790,790,805,800,810,800,810,800,805,800,805,805,805,805,800,800,810,810,790,800,800,800,805,800,805,795,805,795,790,790,800,805,810,810,805,805,795,795,795,790
97,22,22,25,23,23,22,25,25,25,22,24,24,26,24,24,22,25,25,25,25,25,23,26,22,22,22,26,23,26,24,25,23,25,23,25,25,24,24,23,24,25,26,22,24,24,24,25,25,25,22,25,24,22,22,24,25,25,25,25,25,23,22,22,22,47,47,47,47,47,47,47,47,47,47,47,47,47,47,47,47,47,47,47,47,47,47,47,47,47,47,47,47,47,47,47,47,47,47,47,47,47,47,47,47,47,47,47,47,47,47,47,47,47,47,47,47,47,47,47,47,47,47,47,47,47,47,47,47,790,790,805,795,795,790,805,805,805,790,800,800,810,800,800,790,805,805,805,805,805,795,810,790,790,790,810,795,810,800,805,795,805,795,805,805,800,800,795,800,805,810,790,800,800,800,805,805,805,790,805,800,790,790,800,805,805,805,805,805,795,790,790,790
97.5,22,23,25,22,22,22,26,25,24,22,24,24,26,24,25,23,25,25,26,25,26,24,26,22,22,22,26,23,25,23,25,22,24,22,25,24,24,23,23,25,25,25,22,23,25,25,25,26,25,22,24,25,22,22,23,25,25,25,26,25,22,22,22,22,47,47,47,47,47,47,47,47,47,47,47,47,47,47,47,47,47,47,47,47,47,47,47,47,47,47,47,47,47,47,47,47,47,47,47,47,47,47,47,47,47,47,47,47,47,47,47,47,47,47,47,47,47,47,47,47,47,47,47,47,47,47,47,47,790,795,805,790,790,790,810,805,800,790,800,800,810,800,805,795,805,805,810,805,810,800,810,790,790,790,810,795,805,795,805,790,800,790,805,800,800,795,795,805,805,805,790,795,805,805,805,810,805,790,800,805,790,790,795,805,805,805,810,805,790,790,790,790
98,22,23,26,22,22,22,25,25,24,22,23,23,25,25,25,23,24,25,26,26,26,24,26,22,22,22,25,23,25,22,25,22,25,22,24,23,23,23,23,25,25,25,23,22,25,26,24,26,24,22,23,26,22,23,22,25,25,24,26,25,22,23,22,22,47,47,47,47,47,47,47,47,47,47,47,47,47,47,47,47,47,47,47,47,47,47,47,47,47,47,47,47,47,47,47,47,47,47,47,47,47,47,47,47,47,47,47,47,47,47,47,47,47,47,47,47,47,47,47,47,47,47,47,47,47,47,47,47,790,795,810,790,790,790,805,805,800,790,795,795,805,805,805,795,800,805,810,810,810,800,810,790,790,790,805,795,805,790,805,790,805,790,800,795,795,795,795,805,805,805,795,790,805,810,800,810,800,790,795,810,790,795,790,805,805,800,810,805,790,795,790,790
98.5,23,23,26,22,22,22,25,25,23,22,23,22,25,26,25,24,24,26,26,26,26,25,25,22,23,22,25,22,24,22,24,22,24,22,24,23,22,23,22,25,24,24,24,22,25,26,24,26,23,22,22,26,23,23,22,24,24,24,26,25,23,23,22,23,47,47,47,47,47,47,47,47,47,47,47,47,47,47,47,47,47,47,47,47,47,47,47,47,47,47,47,47,47,47,47,47,47,47,47,47,47,47,47,47,47,47,47,47,47,47,47,47,47,47,47,47,47,47,47,47,47,47,47,47,47,47,47,47,795,795,810,790,790,790,805,805,795,790,795,790,805,810,805,800,800,810,810,810,810,805,805,790,795,790,805,790,800,790,800,790,800,790,800,795,790,795,790,805,800,800,800,790,805,810,800,810,795,790,790,810,795,795,790,800,800,800,810,805,795,795,790,795
99,24,24,25,23,23,22,25,25,22,23,22,22,25,26,25,24,23,25,25,25,25,25,25,23,23,23,24,22,24,22,23,22,23,22,23,23,22,22,22,25,24,24,24,22,26,25,23,25,22,23,22,25,24,24,22,23,24,23,25,25,23,23,23,23,47,47,47,47,47,47,47,47,47,47,47,47,47,47,47,47,47,47,47,47,47,47,47,47,47,47,47,47,47,47,47,47,47,47,47,47,47,47,47,47,47,47,47,47,47,47,47,47,47,47,47,47,47,47,47,47,47,47,47,47,47,47,47,47,800,800,805,795,795,790,805,805,790,795,790,790,805,810,805,800,795,805,805,805,805,805,805,795,795,795,800,790,800,790,795,790,795,790,795,795,790,790,790,805,800,800,800,790,810,805,795,805,790,795,790,805,800,800,790,795,800,795,805,805,795,795,795,795
99.5,24,25,25,23,23,23,24,25,22,24,22,22,24,26,25,25,22,25,24,25,24,25,24,24,24,24,23,23,23,22,22,22,23,23,22,22,22,22,22,25,23,23,25,22,25,25,22,25,22,24,22,25,24,25,23,23,23,23,25,24,23,24,24,24,47,47,47,47,47,47,47,47,47,47,47,47,47,47,47,47,47,47,47,47,47,47,47,47,47,47,47,47,47,47,47,47,47,47,47,47,47,47,47,47,47,47,47,47,47,47,47,47,47,47,47,47,47,47,47,47,47,47,47,47,47,47,47,47,800,805,805,795,795,795,800,805,790,800,790,790,800,810,805,805,790,805,800,805,800,805,800,800,800,800,795,795,795,790,790,790,795,795,790,790,790,790,790,805,795,795,805,790,805,805,790,805,790,800,790,805,800,805,795,795,795,795,805,800,795,800,800,800
100,25,26,24,24,23,24,23,24,22,25,22,22,23,25,25,25,22,25,25,24,24,26,23,25,24,24,23,23,22,23,22,23,22,23,22,22,22,23,23,24,22,22,25,23,24,24,22,24,22,24,22,25,25,25,23,22,22,22,24,24,24,24,24,25,47,47,47,47,47,47,47,47,47,47,47,47,47,47,47,47,47,47,47,47,47,47,47,47,47,47,47,47,47,47,47,47,47,47,47,47,47,47,47,47,47,47,47,47,47,47,47,47,47,47,47,47,47,47,47,47,47,47,47,47,47,47,47,47,805,810,800,800,795,800,795,800,790,805,790,790,795,805,805,805,790,805,805,800,800,810,795,805,800,800,795,795,790,795,790,795,790,795,790,790,790,795,795,800,790,790,805,795,800,800,790,800,790,800,790,805,805,805,795,790,790,790,800,800,800,800,800,805
