t,sensor0_1,sensor0_2,sensor0_3,sensor0_4,sensor0_5,sensor0_6,sensor0_7,sensor0_8,sensor0_9,sensor0_10,sensor0_11,sensor0_12,sensor0_13,sensor0_14,sensor0_15,sensor0_16,sensor0_17,sensor0_18,sensor0_19,sensor0_20,sensor0_21,sensor0_22,sensor0_23,sensor0_24,sensor0_25,sensor0_26,sensor0_27,sensor0_28,sensor0_29,sensor0_30,sensor0_31,sensor0_32,sensor0_33,sensor0_34,sensor0_35,sensor0_36,sensor0_37,sensor0_38,sensor0_39,sensor0_40,sensor0_41,sensor0_42,sensor0_43,sensor0_44,sensor0_45,sensor0_46,sensor0_47,sensor0_48,sensor0_49,sensor0_50,sensor0_51,sensor0_52,sensor0_53,sensor0_54,sensor0_55,sensor0_56,sensor0_57,sensor0_58,sensor0_59,sensor0_60,sensor0_61,sensor0_62,sensor0_63,sensor0_64,sensor1_1,sensor1_2,sensor1_3,sensor1_4,sensor1_5,sensor1_6,sensor1_7,sensor1_8,sensor1_9,sensor1_10,sensor1_11,sensor1_12,sensor1_13,sensor1_14,sensor1_15,sensor1_16,sensor1_17,sensor1_18,sensor1_19,sensor1_20,sensor1_21,sensor1_22,sensor1_23,sensor1_24,sensor1_25,sensor1_26,sensor1_27,sensor1_28,sensor1_29,sensor1_30,sensor1_31,sensor1_32,sensor1_33,sensor1_34,sensor1_35,sensor1_36,sensor1_37,sensor1_38,sensor1_39,sensor1_40,sensor1_41,sensor1_42,sensor1_43,sensor1_44,sensor1_45,sensor1_46,sensor1_47,sensor1_48,sensor1_49,sensor1_50,sensor1_51,sensor1_52,sensor1_53,sensor1_54,sensor1_55,sensor1_56,sensor1_57,sensor1_58,sensor1_59,sensor1_60,sensor1_61,sensor1_62,sensor1_63,sensor1_64,vdd_measured_1,vdd_measured_2,vdd_measured_3,vdd_measured_4,vdd_measured_5,vdd_measured_6,vdd_measured_7,vdd_measured_8,vdd_measured_9,vdd_measured_10,vdd_measured_11,vdd_measured_12,vdd_measured_13,vdd_measured_14,vdd_measured_15,vdd_measured_16,vdd_measured_17,vdd_measured_18,vdd_measured_19,vdd_measured_20,vdd_measured_21,vdd_measured_22,vdd_measured_23,vdd_measured_24,vdd_measured_25,vdd_measured_26,vdd_measured_27,vdd_measured_28,vdd_measured_29,vdd_measured_30,vdd_measured_31,vdd_measured_32,vdd_measured_33,vdd_measured_34,vdd_measured_35,vdd_measured_36,vdd_measured_37,vdd_measured_38,vdd_measured_39,vdd_measured_40,vdd_measured_41,vdd_measured_42,vdd_measured_43,vdd_measured_44,vdd_measured_45,vdd_measured_46,vdd_measured_47,vdd_measured_48,vdd_measured_49,vdd_measured_50,vdd_measured_51,vdd_measured_52,vdd_measured_53,vdd_measured_54,vdd_measured_55,vdd_measured_56,vdd_measured_57,vdd_measured_58,vdd_measured_59,vdd_measured_60,vdd_measured_61,vdd_measured_62,vdd_measured_63,vdd_measured_64
-20,0,0,0,0,0,0,0,0,0,0,0,0,0,0,0,0,0,0,0,0,0,0,0,0,0,0,0,0,0,0,0,0,0,0,0,0,0,0,0,0,0,0,0,0,0,0,0,0,0,0,0,0,0,0,0,0,0,0,0,0,0,0,0,0,25,25,25,25,25,25,25,25,25,25,25,25,24,24,24,24,24,24,24,24,24,24,23,23,23,23,23,23,23,23,23,23,23,23,23,22,22,22,22,22,22,22,22,22,22,22,22,22,22,22,23,23,23,23,23,23,23,23,23,23,23,24,24,24,605,605,605,605,605,605,605,605,605,605,605,605,600,600,600,600,600,600,600,600,600,600,595,595,595,595,595,595,595,595,595,595,595,595,595,590,590,590,590,590,590,590,590,590,590,590,590,590,590,590,595,595,595,595,595,595,595,595,595,595,595,600,600,600
-19.5,0,0,0,0,0,0,0,0,0,0,0,0,0,0,0,0,0,0,0,0,0,0,0,0,0,0,0,0,0,0,0,0,0,1,0,0,0,0,0,0,0,0,0,0,0,0,0,0,0,0,0,0,0,0,0,0,0,0,0,0,0,0,0,0,25,25,25,25,25,25,24,24,24,24,24,24,24,24,24,24,24,24,24,24,23,23,23,23,23,23,23,23,23,23,23,23,23,22,22,22,22,22,22,22,22,22,22,22,22,22,22,22,23,23,23,23,23,23,23,23,23,23,24,24,24,24,24,24,605,605,605,605,605,605,600,600,600,600,600,600,600,600,600,600,600,600,600,600,595,595,595,595,595,595,595,595,595,595,595,595,595,590,590,590,590,590,590,590,590,590,590,590,590,590,590,590,595,595,595,595,595,595,595,595,595,595,600,600,600,600,600,600
-19,0,0,0,0,0,0,0,0,0,0,0,0,0,0,0,0,0,0,0,0,0,0,0,0,0,0,0,0,0,0,0,0,0,0,0,0,0,0,0,0,0,0,0,0,0,0,0,0,0,0,0,0,0,0,0,0,0,0,0,0,0,0,0,0,25,25,24,24,24,24,24,24,24,24,24,24,24,24,24,23,23,23,23,23,23,23,23,23,23,23,22,22,22,22,22,22,22,22,22,22,22,22,22,22,22,22,22,22,22,22,23,23,23,23,23,23,23,23,24,24,24,24,24,24,24,24,24,24,605,605,600,600,600,600,600,600,600,600,600,600,600,600,600,595,595,595,595,595,595,595,595,595,595,595,590,590,590,590,590,590,590,590,590,590,590,590,590,590,590,590,590,590,590,590,595,595,595,595,595,595,595,595,600,600,600,600,600,600,600,600,600,600
-18.5,0,0,0,0,0,0,0,0,0,0,0,0,0,0,0,0,0,0,0,0,0,0,0,0,0,0,0,0,0,0,0,0,0,0,0,0,0,0,0,0,0,0,0,0,0,0,0,0,0,0,0,0,0,0,0,0,0,0,0,0,0,0,0,0,25,25,24,24,24,24,24,24,24,24,24,24,24,23,23,23,23,23,23,23,23,23,23,23,23,23,22,22,22,22,22,22,22,22,22,22,22,22,23,23,23,23,23,23,23,23,23,23,23,23,23,24,24,24,24,24,24,24,24,24,24,24,24,24,605,605,600,600,600,600,600,600,600,600,600,600,600,595,595,595,595,595,595,595,595,595,595,595,595,595,590,590,590,590,590,590,590,590,590,590,590,590,595,595,595,595,595,595,595,595,595,595,595,595,595,600,600,600,600,600,600,600,600,600,600,600,600,600
-18,0,0,0,0,0,0,0,0,0,0,0,0,0,0,0,0,0,0,0,0,0,0,0,0,0,0,0,0,0,0,0,0,0,0,0,0,0,0,0,0,0,0,0,0,0,0,0,0,0,0,0,0,0,0,0,0,0,0,0,0,0,0,0,0,24,24,24,24,24,24,24,23,23,23,23,23,23,23,23,23,23,23,23,23,22,22,22,22,22,22,22,22,22,22,22,22,22,22,22,22,23,23,23,23,23,23,23,23,23,23,23,23,23,24,24,24,24,24,24,24,24,24,24,24,24,24,24,23,600,600,600,600,600,600,600,595,595,595,595,595,595,595,595,595,595,595,595,595,590,590,590,590,590,590,590,590,590,590,590,590,590,590,590,590,595,595,595,595,595,595,595,595,595,595,595,595,595,600,600,600,600,600,600,600,600,600,600,600,600,600,600,595
-17.5,0,0,0,0,0,0,0,0,0,0,0,0,0,0,0,0,0,0,0,0,0,0,0,0,0,0,0,0,0,0,1,0,0,0,0,0,0,0,0,0,0,0,0,0,0,0,0,0,0,0,0,0,1,0,0,0,0,0,0,0,0,0,0,0,24,24,24,24,24,23,23,23,23,23,23,23,23,23,23,23,22,22,22,22,22,22,22,22,22,22,22,22,22,22,22,22,22,22,22,23,23,23,23,23,23,23,23,23,23,23,24,24,24,24,24,24,24,24,24,24,24,24,24,24,24,23,23,23,600,600,600,600,600,595,595,595,595,595,595,595,595,595,595,595,590,590,590,590,590,590,590,590,590,590,590,590,590,590,590,590,590,590,590,595,595,595,595,595,595,595,595,595,595,595,600,600,600,600,600,600,600,600,600,600,600,600,600,600,600,595,595,595
-17,0,0,0,0,0,0,0,0,0,0,0,0,0,0,0,0,0,0,0,0,0,0,0,0,0,0,0,0,0,0,0,0,0,0,0,0,0,0,0,0,0,0,0,0,0,0,0,0,0,0,0,0,0,0,0,0,0,0,0,0,0,0,0,0,24,24,23,23,23,23,23,23,23,23,23,23,23,23,22,22,22,22,22,22,22,22,22,22,22,22,22,22,22,22,22,22,22,23,23,23,23,23,23,23,24,24,24,24,24,24,24,24,24,24,24,24,24,24,24,24,24,24,23,23,23,23,23,23,600,600,595,595,595,595,595,595,595,595,595,595,595,595,590,590,590,590,590,590,590,590,590,590,590,590,590,590,590,590,590,590,590,595,595,595,595,595,595,595,600,600,600,600,600,600,600,600,600,600,600,600,600,600,600,600,600,600,595,595,595,595,595,595
-16.5,0,1,0,0,0,0,0,0,0,0,0,0,0,0,0,0,0,0,0,0,0,0,0,0,0,0,0,0,0,0,0,0,0,0,0,0,0,0,0,0,0,0,0,0,0,0,0,0,0,0,0,0,0,0,0,0,0,0,0,0,0,1,0,0,23,23,23,23,23,23,23,23,23,23,22,22,22,22,22,22,22,22,22,22,22,22,22,22,22,22,23,23,23,23,23,23,23,23,23,23,24,24,24,24,24,24,24,24,24,24,24,24,24,24,24,24,24,24,23,23,23,23,23,23,23,23,23,23,595,595,595,595,595,595,595,595,595,595,590,590,590,590,590,590,590,590,590,590,590,590,590,590,590,590,595,595,595,595,595,595,595,595,595,595,600,600,600,600,600,600,600,600,600,600,600,600,600,600,600,600,600,600,595,595,595,595,595,595,595,595,595,595
-16,0,0,0,0,0,0,0,0,0,0,0,0,0,0,0,0,0,0,0,0,0,0,0,0,0,0,0,0,0,0,0,0,0,0,0,0,0,0,0,0,0,0,0,0,0,0,0,0,0,0,0,0,0,0,0,0,0,0,0,0,0,0,0,0,23,23,23,23,23,23,22,22,22,22,22,22,22,22,22,22,22,22,22,22,22,22,22,22,22,22,23,23,23,23,23,23,23,23,23,23,24,24,24,24,24,24,24,24,24,24,24,24,24,24,24,23,23,23,23,23,23,23,23,23,23,22,22,22,595,595,595,595,595,595,590,590,590,590,590,590,590,590,590,590,590,590,590,590,590,590,590,590,590,590,595,595,595,595,595,595,595,595,595,595,600,600,600,600,600,600,600,600,600,600,600,600,600,600,600,595,595,595,595,595,595,595,595,595,595,590,590,590
-15.5,0,0,0,0,0,1,0,0,0,0,0,0,0,0,0,0,0,0,0,0,0,0,0,0,0,0,0,0,0,0,0,0,0,0,0,0,0,0,0,0,0,0,0,0,0,0,0,0,0,0,0,0,0,0,0,0,0,0,0,0,0,0,0,0,23,23,22,22,22,22,22,22,22,22,22,22,22,22,22,22,22,22,22,22,23,23,23,23,23,23,23,23,23,23,23,23,23,23,24,24,24,24,24,24,24,24,24,24,24,24,24,24,24,23,23,23,23,23,23,23,23,23,23,22,22,22,22,22,595,595,590,590,590,590,590,590,590,590,590,590,590,590,590,590,590,590,590,590,595,595,595,595,595,595,595,595,595,595,595,595,595,595,600,600,600,600,600,600,600,600,600,600,600,600,600,600,600,595,595,595,595,595,595,595,595,595,595,590,590,590,590,590
-15,0,0,0,0,0,0,0,0,0,0,0,0,0,0,0,0,0,0,0,0,0,0,0,0,0,0,0,0,0,0,0,0,0,0,0,0,0,0,0,0,0,0,0,0,0,0,0,0,0,0,0,0,0,0,0,0,0,0,0,0,0,0,0,0,23,22,22,22,22,22,22,22,22,22,22,22,22,22,22,22,23,23,23,23,23,23,23,23,23,23,23,23,24,24,24,24,24,24,24,24,24,24,24,24,24,24,24,24,24,24,23,23,23,23,23,23,23,23,23,23,23,22,22,22,22,22,22,22,595,590,590,590,590,590,590,590,590,590,590,590,590,590,590,590,595,595,595,595,595,595,595,595,595,595,595,595,600,600,600,600,600,600,600,600,600,600,600,600,600,600,600,600,600,600,595,595,595,595,595,595,595,595,595,595,595,590,590,590,590,590,590,590
-14.5,0,0,0,0,0,0,0,1,0,0,0,0,0,0,0,0,0,0,0,0,0,0,0,0,0,0,0,0,0,0,0,0,0,0,0,0,0,0,0,0,0,0,0,0,0,0,0,0,0,0,0,0,0,0,0,0,0,0,0,0,0,0,0,0,22,22,22,22,22,22,22,22,22,22,22,22,22,22,23,23,23,23,23,23,23,23,23,23,23,23,24,24,24,24,24,24,24,24,24,24,24,24,24,24,23,23,23,23,23,23,23,23,23,23,23,22,22,22,22,22,22,22,22,22,22,22,22,22,590,590,590,590,590,590,590,590,590,590,590,590,590,590,595,595,595,595,595,595,595,595,595,595,595,595,600,600,600,600,600,600,600,600,600,600,600,600,600,600,595,595,595,595,595,595,595,595,595,595,595,590,590,590,590,590,590,590,590,590,590,590,590,590
-14,0,0,1,0,0,0,0,0,0,0,0,0,0,0,0,0,0,0,0,0,0,0,0,0,0,0,0,0,0,0,0,0,0,0,0,0,0,0,0,0,0,0,0,0,0,0,0,0,0,0,0,0,0,0,0,0,0,0,0,0,0,0,0,0,22,22,22,22,22,22,22,22,22,22,23,23,23,23,23,23,23,23,23,23,23,23,24,24,24,24,24,24,24,24,24,24,24,24,24,24,23,23,23,23,23,23,23,23,23,23,23,23,23,23,22,22,22,22,22,22,22,22,22,22,22,23,23,23,590,590,590,590,590,590,590,590,590,590,595,595,595,595,595,595,595,595,595,595,595,595,600,600,600,600,600,600,600,600,600,600,600,600,600,600,595,595,595,595,595,595,595,595,595,595,595,595,595,595,590,590,590,590,590,590,590,590,590,590,590,595,595,595
-13.5,0,0,0,0,0,0,0,0,0,0,0,0,0,0,0,0,0,0,0,0,0,0,0,0,0,0,0,0,0,0,0,0,0,0,0,0,0,0,0,0,0,0,0,0,0,0,0,0,0,0,0,0,0,0,0,0,0,0,0,0,0,0,0,0,22,22,22,22,22,22,23,23,23,23,23,23,23,23,23,23,23,23,24,24,24,24,24,24,24,24,24,24,24,24,24,24,24,24,24,24,23,23,23,23,23,23,23,23,23,23,23,22,22,22,22,22,22,22,22,22,22,22,22,23,23,23,23,23,590,590,590,590,590,590,595,595,595,595,595,595,595,595,595,595,595,595,600,600,600,600,600,600,600,600,600,600,600,600,600,600,600,600,600,600,595,595,595,595,595,595,595,595,595,595,595,590,590,590,590,590,590,590,590,590,590,590,590,595,595,595,595,595
-13,0,0,0,0,0,0,0,0,0,0,0,0,0,0,0,0,0,0,0,0,0,0,0,0,0,0,0,0,0,0,0,0,0,0,1,0,0,0,0,0,0,0,0,0,0,0,0,0,0,0,0,0,0,0,0,0,0,0,0,0,0,0,0,0,22,22,23,23,23,23,23,23,23,23,23,23,23,23,23,24,24,24,24,24,24,24,24,24,24,24,24,24,24,24,24,24,24,24,23,23,23,23,23,23,23,23,23,23,23,23,22,22,22,22,22,22,22,22,22,22,22,23,23,23,23,23,23,23,590,590,595,595,595,595,595,595,595,595,595,595,595,595,595,600,600,600,600,600,600,600,600,600,600,600,600,600,600,600,600,600,600,600,595,595,595,595,595,595,595,595,595,595,595,595,590,590,590,590,590,590,590,590,590,590,590,595,595,595,595,595,595,595
-12.5,0,0,0,0,0,0,0,0,0,0,0,0,0,0,0,0,0,0,0,0,0,0,0,0,0,0,0,0,0,0,0,0,0,0,0,0,0,0,0,0,0,0,0,1,0,0,0,0,0,0,0,0,0,0,0,0,0,0,0,0,0,0,0,0,22,23,23,23,23,23,23,23,23,23,23,23,24,24,24,24,24,24,24,24,24,24,24,24,24,24,24,24,23,23,23,23,23,23,23,23,23,23,22,22,22,22,22,22,22,22,22,22,22,22,22,23,23,23,23,23,23,23,23,23,23,23,23,24,590,595,595,595,595,595,595,595,595,595,595,595,600,600,600,600,600,600,600,600,600,600,600,600,600,600,600,600,595,595,595,595,595,595,595,595,595,595,590,590,590,590,590,590,590,590,590,590,590,590,590,595,595,595,595,595,595,595,595,595,595,595,595,600
-12,0,0,0,0,0,0,0,0,0,0,0,0,0,0,0,0,0,0,0,0,0,0,0,0,0,0,0,0,0,0,0,0,0,0,0,0,0,0,0,0,0,0,0,0,0,0,0,0,0,0,0,0,0,0,0,0,0,0,0,0,0,0,0,0,23,23,23,23,23,23,24,24,24,24,24,24,24,24,24,24,24,24,24,24,24,24,24,24,24,24,23,23,23,23,23,23,23,23,23,23,22,22,22,22,22,22,22,22,22,22,22,22,22,22,23,23,23,23,23,23,23,23,23,23,24,24,24,24,595,595,595,595,595,595,600,600,600,600,600,600,600,600,600,600,600,600,600,600,600,600,600,600,600,600,595,595,595,595,595,595,595,595,595,595,590,590,590,590,590,590,590,590,590,590,590,590,590,590,595,595,595,595,595,595,595,595,595,595,600,600,600,600
-11.5,0,0,0,0,0,0,0,0,0,0,0,0,0,0,0,0,0,0,0,0,0,0,0,0,0,1,0,0,0,0,0,0,0,0,0,0,0,0,0,0,0,0,0,0,0,0,0,0,0,0,0,0,0,0,0,0,0,0,0,0,0,0,0,0,23,23,23,24,24,24,24,24,24,24,24,24,24,24,24,24,24,24,24,24,24,24,23,23,23,23,23,23,23,23,23,23,23,23,22,22,22,22,22,22,22,22,22,22,22,22,22,23,23,23,23,23,23,23,23,23,23,23,24,24,24,24,24,24,595,595,595,600,600,600,600,600,600,600,600,600,600,600,600,600,600,600,600,600,600,600,595,595,595,595,595,595,595,595,595,595,595,595,590,590,590,590,590,590,590,590,590,590,590,590,590,595,595,595,595,595,595,595,595,595,595,595,600,600,600,600,600,600
-11,0,0,0,0,0,0,0,0,0,0,0,0,0,0,0,0,0,0,0,0,0,0,0,0,0,0,0,0,0,0,0,0,0,0,0,0,0,0,0,0,0,0,0,0,0,0,0,0,0,0,0,0,0,0,0,0,0,0,0,0,0,1,0,0,23,23,24,24,24,24,24,24,24,24,24,24,24,24,24,24,24,24,23,23,23,23,23,23,23,23,23,23,23,23,23,22,22,22,22,22,22,22,22,22,22,22,22,22,22,22,23,23,23,23,23,23,23,23,24,24,24,24,24,24,24,24,24,24,595,595,600,600,600,600,600,600,600,600,600,600,600,600,600,600,600,600,595,595,595,595,595,595,595,595,595,595,595,595,595,590,590,590,590,590,590,590,590,590,590,590,590,590,590,590,595,595,595,595,595,595,595,595,600,600,600,600,600,600,600,600,600,600
-10.5,0,0,0,0,0,0,0,0,0,0,1,0,0,0,0,0,0,0,0,0,0,0,0,0,0,0,0,0,0,0,0,0,0,0,0,0,0,0,0,0,0,0,0,0,0,0,0,0,0,1,0,0,0,0,0,0,0,0,0,0,0,0,0,0,24,24,24,24,24,24,24,24,24,24,24,24,24,24,24,23,23,23,23,23,23,23,23,23,23,23,22,22,22,22,22,22,22,22,22,22,22,22,23,23,23,23,23,23,23,23,23,23,23,23,24,24,24,24,24,24,24,24,24,24,24,24,24,24,600,600,600,600,600,600,600,600,600,600,600,600,600,600,600,595,595,595,595,595,595,595,595,595,595,595,590,590,590,590,590,590,590,590,590,590,590,590,595,595,595,595,595,595,595,595,595,595,595,595,600,600,600,600,600,600,600,600,600,600,600,600,600,600
-10,0,0,0,0,0,0,0,0,0,0,0,0,0,0,0,0,0,0,0,0,0,0,0,0,0,0,0,0,0,0,0,0,0,0,0,0,0,0,0,0,0,0,0,0,0,0,0,0,0,0,0,0,0,0,0,0,0,0,0,0,0,0,0,0,24,24,24,24,24,24,24,24,24,24,24,24,23,23,23,23,23,23,23,23,23,23,23,22,22,22,22,22,22,22,22,22,22,22,22,22,23,23,23,23,23,23,23,23,23,23,23,23,23,24,24,24,24,24,24,24,24,24,24,24,24,24,24,24,600,600,600,600,600,600,600,600,600,600,600,600,595,595,595,595,595,595,595,595,595,595,595,590,590,590,590,590,590,590,590,590,590,590,590,590,595,595,595,595,595,595,595,595,595,595,595,595,595,600,600,600,600,600,600,600,600,600,600,600,600,600,600,600
-9.5,0,0,0,0,0,0,0,0,0,0,0,0,0,0,0,0,0,0,0,0,0,0,0,0,0,0,0,0,0,0,0,0,1,0,0,0,0,0,0,0,0,0,0,0,0,0,0,0,0,0,0,0,0,0,0,0,0,0,0,0,0,0,0,0,24,24,24,24,24,24,23,23,23,23,23,23,23,23,23,23,23,23,23,23,22,22,22,22,22,22,22,22,22,22,22,22,22,22,23,23,23,23,23,23,23,23,23,23,23,23,24,24,24,24,24,24,24,24,24,24,24,24,24,24,24,24,24,23,600,600,600,600,600,600,595,595,595,595,595,595,595,595,595,595,595,595,595,595,590,590,590,590,590,590,590,590,590,590,590,590,590,590,595,595,595,595,595,595,595,595,595,595,595,595,600,600,600,600,600,600,600,600,600,600,600,600,600,600,600,600,600,595
-9,0,0,0,0,0,0,0,0,0,0,0,0,0,0,0,0,0,0,0,0,0,0,0,0,0,0,0,0,0,0,0,0,0,0,0,0,0,0,0,0,0,0,0,0,0,0,0,0,0,0,0,0,0,0,0,0,0,0,0,0,0,0,0,0,24,24,24,23,23,23,23,23,23,23,23,23,23,23,23,22,22,22,22,22,22,22,22,22,22,22,22,22,22,22,22,23,23,23,23,23,23,23,24,24,24,24,24,24,24,24,24,24,24,24,24,24,24,24,24,24,24,24,24,24,23,23,23,23,600,600,600,595,595,595,595,595,595,595,595,595,595,595,595,590,590,590,590,590,590,590,590,590,590,590,590,590,590,590,590,595,595,595,595,595,595,595,600,600,600,600,600,600,600,600,600,600,600,600,600,600,600,600,600,600,600,600,600,600,595,595,595,595
-8.5,0,0,0,0,0,0,0,0,0,0,0,0,0,0,0,0,0,0,0,0,0,0,0,0,0,1,0,0,0,0,0,0,0,0,0,0,0,0,0,0,0,0,0,0,0,0,0,0,0,0,0,0,0,0,0,0,0,0,0,0,0,0,0,0,24,24,23,23,23,23,23,23,23,23,23,23,23,23,22,22,22,22,22,22,22,22,22,22,22,22,23,23,23,23,23,23,23,23,23,23,24,24,24,24,24,24,24,24,24,24,24,24,24,24,24,24,24,24,24,24,24,23,23,23,23,24,24,24,600,600,595,595,595,595,595,595,595,595,595,595,595,595,590,590,590,590,590,590,590,590,590,590,590,590,595,595,595,595,595,595,595,595,595,595,600,600,600,600,600,600,600,600,600,600,600,600,600,600,600,600,600,600,600,600,600,595,595,595,595,600,600,600
-8,0,0,0,0,0,0,0,0,0,0,0,0,0,0,0,0,0,0,0,0,0,0,0,0,0,0,0,0,0,0,0,0,0,0,0,0,0,0,0,0,0,0,0,0,0,0,0,1,0,0,0,0,0,0,0,0,0,0,0,0,0,0,0,0,23,23,23,23,23,23,23,23,22,22,22,22,22,22,22,22,22,22,22,22,22,22,22,23,23,23,23,23,23,23,23,23,23,23,23,23,24,24,24,24,24,24,24,24,24,24,24,24,24,24,24,23,23,23,23,23,23,23,24,24,24,24,24,24,595,595,595,595,595,595,595,595,590,590,590,590,590,590,590,590,590,590,590,590,590,590,590,595,595,595,595,595,595,595,595,595,595,595,595,595,600,600,600,600,600,600,600,600,600,600,600,600,600,600,600,595,595,595,595,595,595,595,600,600,600,600,600,600
-7.5,0,0,0,0,0,0,0,0,0,0,0,0,0,0,0,0,0,0,0,0,0,0,0,0,0,0,0,1,0,0,0,0,0,0,0,0,0,0,0,0,0,0,0,0,0,0,0,0,0,0,0,0,0,0,0,0,0,0,0,0,0,0,0,0,23,23,23,23,23,22,22,22,22,22,22,22,22,22,22,22,22,22,22,22,23,23,23,23,23,23,23,23,23,23,23,23,23,23,24,24,24,24,24,24,24,24,24,24,24,24,24,24,24,24,23,23,23,23,24,24,24,24,24,24,24,24,24,24,595,595,595,595,595,590,590,590,590,590,590,590,590,590,590,590,590,590,590,590,595,595,595,595,595,595,595,595,595,595,595,595,595,595,600,600,600,600,600,600,600,600,600,600,600,600,600,600,600,600,595,595,595,595,600,600,600,600,600,600,600,600,600,600
-7,0,0,0,0,0,0,0,0,0,0,0,0,0,0,0,0,0,0,0,0,0,0,0,0,0,0,0,0,0,0,0,0,0,0,0,0,0,0,0,0,0,0,0,0,0,0,0,0,0,0,0,0,0,0,0,0,0,0,0,0,0,0,0,0,23,23,22,22,22,22,22,22,22,22,22,22,22,22,22,23,23,23,23,23,23,23,23,23,23,23,23,24,24,24,24,24,24,24,24,24,24,24,24,24,24,24,24,24,24,24,24,24,23,23,23,24,24,24,24,24,24,24,24,24,24,24,24,24,595,595,590,590,590,590,590,590,590,590,590,590,590,590,590,595,595,595,595,595,595,595,595,595,595,595,595,600,600,600,600,600,600,600,600,600,600,600,600,600,600,600,600,600,600,600,600,600,595,595,595,600,600,600,600,600,600,600,600,600,600,600,600,600
-6.5,0,0,0,0,0,0,0,0,0,0,0,0,0,0,0,0,0,0,0,0,0,0,0,0,0,0,0,0,0,0,0,0,0,0,0,0,0,0,0,0,0,0,0,0,0,0,1,0,0,0,0,1,0,0,0,0,0,0,0,0,0,0,0,0,22,22,22,22,22,22,22,22,22,22,22,22,22,22,23,23,23,23,23,23,23,23,23,23,23,23,24,24,24,24,24,24,24,24,24,24,24,24,24,24,24,24,24,24,24,24,23,23,23,23,24,24,24,24,24,24,24,24,24,24,24,24,24,25,590,590,590,590,590,590,590,590,590,590,590,590,590,590,595,595,595,595,595,595,595,595,595,595,595,595,600,600,600,600,600,600,600,600,600,600,600,600,600,600,600,600,600,600,600,600,595,595,595,595,600,600,600,600,600,600,600,600,600,600,600,600,600,605
-6,0,0,0,0,0,0,0,0,0,0,0,0,0,0,0,0,0,0,0,0,0,0,0,0,0,0,0,0,1,0,0,0,0,0,0,0,0,0,0,0,0,0,0,0,0,0,0,0,0,0,0,0,0,0,0,0,0,0,0,0,0,0,0,0,22,22,22,22,22,22,22,22,23,23,23,23,23,23,23,23,23,23,23,23,23,24,24,24,24,24,24,24,24,24,24,24,24,24,24,24,24,24,23,23,23,23,23,23,23,23,24,24,24,24,24,24,24,24,24,24,24,24,24,24,25,25,25,25,590,590,590,590,590,590,590,590,595,595,595,595,595,595,595,595,595,595,595,595,595,600,600,600,600,600,600,600,600,600,600,600,600,600,600,600,600,600,595,595,595,595,595,595,595,595,600,600,600,600,600,600,600,600,600,600,600,600,600,600,605,605,605,605
-5.5,0,0,0,0,0,0,0,0,0,0,0,0,0,0,0,0,0,0,0,0,0,0,0,0,0,0,0,0,0,0,0,0,0,1,0,0,0,0,0,0,0,0,0,0,0,0,0,0,0,0,0,0,0,0,0,0,0,0,0,0,0,0,0,0,22,22,22,22,22,23,23,23,23,23,23,23,23,23,23,23,23,23,24,24,24,24,24,24,24,24,24,24,24,24,24,24,24,24,24,24,23,23,23,23,23,23,23,24,24,24,24,24,24,24,24,24,24,24,24,24,24,24,25,25,25,25,25,25,590,590,590,590,590,595,595,595,595,595,595,595,595,595,595,595,595,595,600,600,600,600,600,600,600,600,600,600,600,600,600,600,600,600,600,600,595,595,595,595,595,595,595,600,600,600,600,600,600,600,600,600,600,600,600,600,600,600,605,605,605,605,605,605
-5,0,0,0,0,0,0,1,0,0,0,0,0,0,0,0,0,0,0,0,0,0,0,0,0,0,0,0,0,0,0,0,0,0,0,0,0,0,0,0,0,0,0,0,0,0,0,0,0,0,0,0,0,0,0,0,0,0,0,0,0,0,1,0,0,22,22,23,23,23,23,23,23,23,23,23,23,23,23,23,24,24,24,24,24,24,24,24,24,24,24,24,24,24,24,24,24,24,24,24,23,23,24,24,24,24,24,24,24,24,24,24,24,24,24,24,24,24,24,25,25,25,25,25,25,25,25,25,25,590,590,595,595,595,595,595,595,595,595,595,595,595,595,595,600,600,600,600,600,600,600,600,600,600,600,600,600,600,600,600,600,600,600,600,595,595,600,600,600,600,600,600,600,600,600,600,600,600,600,600,600,600,600,605,605,605,605,605,605,605,605,605,605
-4.5,0,0,0,0,0,0,0,0,0,0,0,0,0,0,0,0,0,0,0,0,0,0,0,0,0,0,0,0,0,0,0,0,0,0,0,0,0,0,0,0,0,0,0,0,0,0,0,0,0,0,0,0,0,0,0,0,0,0,0,0,0,0,0,0,23,23,23,23,23,23,23,23,23,23,23,23,24,24,24,24,24,24,24,24,24,24,24,24,24,24,24,24,24,24,24,24,24,23,23,23,24,24,24,24,24,24,24,24,24,24,24,24,24,24,25,25,25,25,25,25,25,25,25,25,25,25,25,25,595,595,595,595,595,595,595,595,595,595,595,595,600,600,600,600,600,600,600,600,600,600,600,600,600,600,600,600,600,600,600,600,600,595,595,595,600,600,600,600,600,600,600,600,600,600,600,600,600,600,605,605,605,605,605,605,605,605,605,605,605,605,605,605
-4,0,0,0,0,0,0,0,0,0,0,0,0,0,0,0,0,0,0,0,0,0,0,0,0,0,0,0,0,0,0,0,0,1,0,0,0,0,0,0,0,0,0,0,0,0,0,0,0,0,0,0,1,0,0,0,0,0,0,0,0,0,0,0,0,23,23,23,23,23,23,24,24,24,24,24,24,24,24,24,24,24,24,24,24,24,24,24,24,24,24,23,23,23,23,23,23,23,23,24,24,24,24,24,24,24,24,24,24,24,24,24,24,24,25,25,25,25,25,25,25,25,25,25,25,25,25,25,24,595,595,595,595,595,595,600,600,600,600,600,600,600,600,600,600,600,600,600,600,600,600,600,600,600,600,595,595,595,595,595,595,595,595,600,600,600,600,600,600,600,600,600,600,600,600,600,600,600,605,605,605,605,605,605,605,605,605,605,605,605,605,605,600
-3.5,0,0,0,0,0,0,0,0,0,0,0,0,0,0,0,0,0,0,0,0,0,0,0,0,0,0,0,0,0,0,0,0,0,0,0,0,0,0,0,0,0,0,0,0,0,0,0,0,0,0,0,0,0,0,0,0,0,0,0,0,0,0,0,0,23,23,24,24,24,24,24,24,24,24,24,24,24,24,24,24,24,24,24,24,24,24,24,24,24,24,23,23,23,23,24,24,24,24,24,24,24,24,24,24,24,24,24,24,24,24,25,25,25,25,25,25,25,25,25,25,25,25,25,25,25,24,24,24,595,595,600,600,600,600,600,600,600,600,600,600,600,600,600,600,600,600,600,600,600,600,600,600,600,600,595,595,595,595,600,600,600,600,600,600,600,600,600,600,600,600,600,600,600,600,605,605,605,605,605,605,605,605,605,605,605,605,605,605,605,600,600,600
-3,0,0,0,0,0,0,0,0,0,0,0,0,0,0,0,0,0,0,0,0,0,0,0,0,0,0,0,0,0,0,0,0,0,0,0,0,0,0,0,0,0,0,0,0,0,0,0,0,0,0,1,0,0,0,0,0,0,0,0,0,0,0,0,0,23,23,24,24,24,24,24,24,24,24,24,24,24,24,24,24,24,24,24,24,23,23,23,23,23,23,24,24,24,24,24,24,24,24,24,24,24,24,25,25,25,25,25,25,25,25,25,25,25,25,25,25,25,25,25,25,25,25,24,24,24,24,24,24,595,595,600,600,600,600,600,600,600,600,600,600,600,600,600,600,600,600,600,600,595,595,595,595,595,595,600,600,600,600,600,600,600,600,600,600,600,600,605,605,605,605,605,605,605,605,605,605,605,605,605,605,605,605,605,605,605,605,600,600,600,600,600,600
-2.5,0,0,0,0,0,0,0,0,0,0,0,0,0,0,0,0,0,0,0,0,0,0,0,0,0,0,0,0,0,0,0,0,0,0,0,0,1,0,0,0,0,0,0,0,0,0,0,0,0,0,0,0,0,0,0,0,0,0,0,0,0,0,0,0,24,24,24,24,24,24,24,24,24,24,24,24,24,24,24,24,23,23,23,23,23,23,24,24,24,24,24,24,24,24,24,24,24,24,24,24,25,25,25,25,25,25,25,25,25,25,25,25,25,25,25,25,25,25,24,24,24,24,24,24,24,24,24,25,600,600,600,600,600,600,600,600,600,600,600,600,600,600,600,600,595,595,595,595,595,595,600,600,600,600,600,600,600,600,600,600,600,600,600,600,605,605,605,605,605,605,605,605,605,605,605,605,605,605,605,605,605,605,600,600,600,600,600,600,600,600,600,605
-2,0,0,0,0,0,0,0,0,0,0,0,0,0,0,0,0,0,0,0,0,0,0,0,1,0,0,0,0,0,0,0,0,0,0,0,0,0,0,0,0,0,0,0,0,0,0,0,0,0,0,0,0,0,0,0,0,0,0,0,0,0,0,0,1,24,24,24,24,24,24,24,24,24,24,24,24,24,24,23,23,23,23,23,23,24,24,24,24,24,24,24,24,24,24,24,24,24,24,24,24,25,25,25,25,25,25,25,25,25,25,25,25,25,25,25,24,24,24,24,24,24,24,24,24,25,25,25,25,600,600,600,600,600,600,600,600,600,600,600,600,600,600,595,595,595,595,595,595,600,600,600,600,600,600,600,600,600,600,600,600,600,600,600,600,605,605,605,605,605,605,605,605,605,605,605,605,605,605,605,600,600,600,600,600,600,600,600,600,605,605,605,605
-1.5,0,0,0,0,0,0,0,0,0,0,0,0,0,0,0,0,0,0,0,0,0,0,0,0,0,0,0,0,0,0,0,0,0,0,0,0,0,0,0,0,0,0,0,0,0,0,0,0,0,0,0,0,0,0,0,0,0,0,0,0,0,0,0,0,24,24,24,24,24,24,24,24,24,24,23,23,23,23,23,24,24,24,24,24,24,24,24,24,24,24,24,24,24,24,24,24,24,24,25,25,25,25,25,25,25,25,25,25,25,25,25,25,25,24,24,24,24,24,24,24,24,24,25,25,25,25,25,25,600,600,600,600,600,600,600,600,600,600,595,595,595,595,595,600,600,600,600,600,600,600,600,600,600,600,600,600,600,600,600,600,600,600,605,605,605,605,605,605,605,605,605,605,605,605,605,605,605,600,600,600,600,600,600,600,600,600,605,605,605,605,605,605
-1,0,0,1,0,0,0,0,0,0,0,0,0,0,0,0,0,0,1,0,0,0,0,0,0,0,0,0,0,0,0,0,0,0,0,0,0,0,0,0,0,0,0,0,0,0,0,0,0,0,0,0,0,0,0,0,0,0,0,0,0,0,0,0,0,24,24,24,24,24,24,23,23,23,23,23,23,23,24,24,24,24,24,24,24,24,24,24,24,24,24,24,25,25,25,25,25,25,25,25,25,25,25,25,25,25,25,25,25,25,25,24,24,24,24,24,24,24,24,25,25,25,25,25,25,25,25,25,25,600,600,600,600,600,600,595,595,595,595,595,595,595,600,600,600,600,600,600,600,600,600,600,600,600,600,600,605,605,605,605,605,605,605,605,605,605,605,605,605,605,605,605,605,605,605,600,600,600,600,600,600,600,600,605,605,605,605,605,605,605,605,605,605
-0.5,0,0,0,0,0,1,0,0,0,0,0,0,0,0,0,0,0,0,0,0,0,0,0,0,0,0,0,0,0,0,0,0,0,0,0,0,0,1,0,0,0,0,0,0,0,0,0,0,0,0,0,0,0,0,0,0,0,0,0,0,0,0,0,0,24,24,23,23,23,23,23,24,24,24,24,24,24,24,24,24,24,24,24,24,24,24,24,24,24,24,25,25,25,25,25,25,25,25,25,25,25,25,25,25,24,24,24,24,24,24,24,24,24,24,25,25,25,25,25,25,25,25,25,25,25,25,25,25,600,600,595,595,595,595,595,600,600,600,600,600,600,600,600,600,600,600,600,600,600,600,600,600,600,600,605,605,605,605,605,605,605,605,605,605,605,605,605,605,600,600,600,600,600,600,600,600,600,600,605,605,605,605,605,605,605,605,605,605,605,605,605,605
0,0,0,0,0,0,0,0,0,0,0,0,0,0,0,0,0,0,0,0,0,0,0,0,0,0,0,0,0,0,0,0,0,0,0,0,0,0,0,0,0,0,0,0,0,0,0,0,0,0,0,0,0,0,0,0,0,0,0,0,0,0,0,0,0,25,25,26,26,25,25,25,25,25,25,25,25,25,25,26,25,26,25,26,26,26,26,26,26,26,26,26,27,26,26,26,27,26,26,26,26,26,26,26,26,26,26,26,26,26,26,26,26,26,26,26,26,26,26,27,27,26,26,26,26,26,26,26,26,605,605,610,610,605,605,605,605,605,605,605,605,605,605,610,605,610,605,610,610,610,610,610,610,610,610,610,615,610,610,610,615,610,610,610,610,610,610,610,610,610,610,610,610,610,610,610,610,610,610,610,610,610,610,615,615,610,610,610,610,610,610,610,610
0.5,0,0,0,0,0,0,0,0,0,0,0,0,0,0,0,0,0,0,0,0,0,0,0,0,0,0,0,0,0,0,1,0,0,0,0,0,0,0,0,0,0,0,0,0,0,0,0,0,0,0,0,0,0,0,0,0,0,0,0,0,0,0,0,0,32,31,33,32,31,31,32,31,32,32,32,32,32,32,32,32,32,31,32,32,33,32,33,33,33,32,32,33,32,32,32,33,32,32,33,32,33,33,32,32,33,33,31,33,31,31,33,32,32,31,32,33,32,32,33,33,32,33,32,32,32,32,32,33,640,635,645,640,635,635,640,635,640,640,640,640,640,640,640,640,640,635,640,640,645,640,645,645,645,640,640,645,640,640,640,645,640,640,645,640,645,645,640,640,645,645,635,645,635,635,645,640,640,635,640,645,640,640,645,645,640,645,640,640,640,640,640,645
1,4,1,2,3,1,2,2,2,2,2,3,2,2,1,2,1,2,1,2,1,3,1,2,2,2,1,2,2,3,1,2,2,2,1,3,2,1,4,2,1,2,2,0,3,2,1,2,1,2,1,1,3,1,1,3,4,2,1,2,1,1,2,2,1,43,41,42,43,41,42,42,42,42,42,43,42,42,41,42,41,42,41,42,41,43,41,42,42,42,41,42,42,42,41,42,42,42,41,43,42,41,43,42,41,42,42,40,43,41,41,42,41,42,41,41,43,41,41,43,44,42,41,42,41,41,42,42,41,695,685,690,695,685,690,690,690,690,690,695,690,690,685,690,685,690,685,690,685,695,685,690,690,690,685,690,690,690,685,690,690,690,685,695,690,685,695,690,685,690,690,680,695,685,685,690,685,690,685,685,695,685,685,695,700,690,685,690,685,685,690,690,685
1.5,15,11,13,15,14,14,14,14,14,14,15,14,12,14,14,14,14,13,13,12,14,13,13,12,12,10,13,14,13,13,14,14,13,11,15,13,12,15,13,12,13,13,10,15,13,13,12,13,14,11,13,14,13,13,15,16,14,12,13,12,10,14,14,12,47,47,47,47,47,47,47,47,47,47,47,47,47,47,47,47,47,47,47,47,47,47,47,47,47,47,47,47,47,47,47,47,47,47,47,47,47,47,47,47,47,47,47,47,47,47,47,47,47,47,47,47,47,47,47,47,47,47,47,47,47,47,47,47,755,735,745,755,750,750,750,750,750,750,755,750,740,750,750,750,750,745,745,740,750,745,745,740,740,730,745,750,745,745,750,750,745,735,755,745,740,755,745,740,745,745,730,755,745,745,740,745,750,735,745,750,745,745,755,760,750,740,745,740,730,750,750,740
2,24,22,23,25,24,24,24,24,24,24,25,24,23,24,24,24,25,23,23,23,24,23,23,22,22,20,24,24,23,23,24,23,23,22,24,23,22,25,23,22,23,23,20,24,23,23,22,23,24,21,23,24,23,23,25,25,24,21,23,22,20,24,24,21,47,47,47,47,47,47,47,47,47,47,47,47,47,47,47,47,47,47,47,47,47,47,47,47,47,47,47,47,47,47,47,47,47,47,47,47,47,47,47,47,47,47,47,47,47,47,47,47,47,47,47,47,47,47,47,47,47,47,47,47,47,47,47,47,800,790,795,805,800,800,800,800,800,800,805,800,795,800,800,800,805,795,795,795,800,795,795,790,790,780,800,800,795,795,800,795,795,790,800,795,790,805,795,790,795,795,780,800,795,795,790,795,800,785,795,800,795,795,805,805,800,785,795,790,780,800,800,785
2.5,29,29,29,30,29,29,29,29,29,29,29,29,29,30,29,30,30,30,29,29,30,29,29,28,28,27,30,30,29,29,29,29,29,28,29,29,28,30,29,29,29,29,27,30,30,30,28,29,29,28,29,29,29,29,30,29,29,27,28,28,27,28,28,28,47,47,47,47,47,47,47,47,47,47,47,47,47,47,47,47,47,47,47,47,47,47,47,47,47,47,47,47,47,47,47,47,47,47,47,47,47,47,47,47,47,47,47,47,47,47,47,47,47,47,47,47,47,47,47,47,47,47,47,47,47,47,47,47,825,825,825,830,825,825,825,825,825,825,825,825,825,830,825,830,830,830,825,825,830,825,825,820,820,815,830,830,825,825,825,825,825,820,825,825,820,830,825,825,825,825,815,830,830,830,820,825,825,820,825,825,825,825,830,825,825,815,820,820,815,820,820,820
3,30,31,30,31,30,30,30,30,31,30,30,30,31,31,31,32,32,32,30,30,31,30,30,30,30,30,31,31,30,31,30,30,30,30,30,30,30,31,31,31,31,31,30,31,31,31,30,30,31,30,30,31,31,31,31,30,30,29,29,29,30,30,30,30,47,47,47,47,47,47,47,47,47,47,47,47,47,47,47,47,47,47,47,47,47,47,47,47,47,47,47,47,47,47,47,47,47,47,47,47,47,47,47,47,47,47,47,47,47,47,47,47,47,47,47,47,47,47,47,47,47,47,47,47,47,47,47,47,830,835,830,835,830,830,830,830,835,830,830,830,835,835,835,840,840,840,830,830,835,830,830,830,830,830,835,835,830,835,830,830,830,830,830,830,830,835,835,835,835,835,830,835,835,835,830,830,835,830,830,835,835,835,835,830,830,825,825,825,830,830,830,830
3.5,30,30,29,31,30,30,30,30,30,30,30,30,30,31,31,31,31,31,30,30,30,30,30,30,30,30,31,30,30,30,30,30,30,30,30,30,30,31,31,31,30,30,30,31,31,31,30,30,30,30,30,30,31,31,31,30,30,30,30,30,29,30,30,29,47,47,47,47,47,47,47,47,47,47,47,47,47,47,47,47,47,47,47,47,47,47,47,47,47,47,47,47,47,47,47,47,47,47,47,47,47,47,47,47,47,47,47,47,47,47,47,47,47,47,47,47,47,47,47,47,47,47,47,47,47,47,47,47,830,830,825,835,830,830,830,830,830,830,830,830,830,835,835,835,835,835,830,830,830,830,830,830,830,830,835,830,830,830,830,830,830,830,830,830,830,835,835,835,830,830,830,835,835,835,830,830,830,830,830,830,835,835,835,830,830,830,830,830,825,830,830,825
4,29,30,29,29,29,29,29,29,29,29,29,29,29,30,30,30,29,30,29,29,29,29,29,29,29,29,30,30,29,30,29,29,29,29,28,29,29,29,30,30,29,29,30,29,30,30,29,29,29,29,29,29,30,30,29,29,29,29,29,29,29,29,28,29,47,47,47,47,47,47,47,47,47,47,47,47,47,47,47,47,47,47,47,47,47,47,47,47,47,47,47,47,47,47,47,47,47,47,47,47,47,47,47,47,47,47,47,47,47,47,47,47,47,47,47,47,47,47,47,47,47,47,47,47,47,47,47,47,825,830,825,825,825,825,825,825,825,825,825,825,825,830,830,830,825,830,825,825,825,825,825,825,825,825,830,830,825,830,825,825,825,825,820,825,825,825,830,830,825,825,830,825,830,830,825,825,825,825,825,825,830,830,825,825,825,825,825,825,825,825,820,825
4.5,27,28,27,26,26,26,26,27,27,27,26,26,28,28,27,27,27,28,27,27,27,27,27,27,27,28,28,28,27,28,27,27,27,27,26,27,28,27,28,28,27,28,28,27,28,28,27,27,27,27,27,27,28,27,27,26,27,27,26,27,28,26,26,27,47,47,47,47,47,47,47,47,47,47,47,47,47,47,47,47,47,47,47,47,47,47,47,47,47,47,47,47,47,47,47,47,47,47,47,47,47,47,47,47,47,47,47,47,47,47,47,47,47,47,47,47,47,47,47,47,47,47,47,47,47,47,47,47,815,820,815,810,810,810,810,815,815,815,810,810,820,820,815,815,815,820,815,815,815,815,815,815,815,820,820,820,815,820,815,815,815,815,810,815,820,815,820,820,815,820,820,815,820,820,815,815,815,815,815,815,820,815,815,810,815,815,810,815,820,810,810,815
5,24,25,25,24,24,25,24,24,24,24,24,25,25,25,25,25,25,25,25,25,24,25,25,25,25,26,25,26,25,25,25,25,25,25,24,25,26,25,25,26,25,25,26,25,25,25,25,25,25,25,25,24,25,25,25,25,25,25,24,25,25,25,25,25,47,47,47,47,47,47,47,47,47,47,47,47,47,47,47,47,47,47,47,47,47,47,47,47,47,47,47,47,47,47,47,47,47,47,47,47,47,47,47,47,47,47,47,47,47,47,47,47,47,47,47,47,47,47,47,47,47,47,47,47,47,47,47,47,800,805,805,800,800,805,800,800,800,800,800,805,805,805,805,805,805,805,805,805,800,805,805,805,805,810,805,810,805,805,805,805,805,805,800,805,810,805,805,810,805,805,810,805,805,805,805,805,805,805,805,800,805,805,805,805,805,805,800,805,805,805,805,805
5.5,23,23,23,23,23,23,23,23,23,23,23,23,23,23,23,23,23,24,23,23,23,24,23,24,24,24,23,24,23,23,23,23,23,23,23,23,24,23,23,24,23,24,24,23,23,23,23,24,23,24,24,23,23,23,23,23,24,24,23,24,23,23,23,23,47,47,47,47,47,47,47,47,47,47,47,47,47,47,47,47,47,47,47,47,47,47,47,47,47,47,47,47,47,47,47,47,47,47,47,47,47,47,47,47,47,47,47,47,47,47,47,47,47,47,47,47,47,47,47,47,47,47,47,47,47,47,47,47,795,795,795,795,795,795,795,795,795,795,795,795,795,795,795,795,795,800,795,795,795,800,795,800,800,800,795,800,795,795,795,795,795,795,795,795,800,795,795,800,795,800,800,795,795,795,795,800,795,800,800,795,795,795,795,795,800,800,795,800,795,795,795,795
6,22,23,22,21,22,22,22,22,22,22,21,22,22,22,22,23,22,23,23,23,23,22,22,22,22,23,22,23,22,23,22,22,23,22,22,22,23,22,22,23,23,23,23,22,22,22,22,23,21,22,23,22,22,22,22,22,23,23,21,22,22,21,21,22,47,47,47,47,47,47,47,47,47,47,47,47,47,47,47,47,47,47,47,47,47,47,47,47,47,47,47,47,47,47,47,47,47,47,47,47,47,47,47,47,47,47,47,47,47,47,47,47,47,47,47,47,47,47,47,47,47,47,47,47,47,47,47,47,790,795,790,785,790,790,790,790,790,790,785,790,790,790,790,795,790,795,795,795,795,790,790,790,790,795,790,795,790,795,790,790,795,790,790,790,795,790,790,795,795,795,795,790,790,790,790,795,785,790,795,790,790,790,790,790,795,795,785,790,790,785,785,790
6.5,21,22,21,20,21,21,21,21,21,21,21,21,21,21,22,22,22,22,21,21,21,21,21,21,21,22,22,22,21,22,21,21,22,21,21,21,22,21,21,21,22,22,22,21,21,22,21,21,21,21,21,21,21,21,21,21,22,21,21,21,21,21,21,21,47,47,47,47,47,47,47,47,47,47,47,47,47,47,47,47,47,47,47,47,47,47,47,47,47,47,47,47,47,47,47,47,47,47,47,47,47,47,47,47,47,47,47,47,47,47,47,47,47,47,47,47,47,47,47,47,47,47,47,47,47,47,47,47,785,790,785,780,785,785,785,785,785,785,785,785,785,785,790,790,790,790,785,785,785,785,785,785,785,790,790,790,785,790,785,785,790,785,785,785,790,785,785,785,790,790,790,785,785,790,785,785,785,785,785,785,785,785,785,785,790,785,785,785,785,785,785,785
7,20,21,20,21,21,21,21,20,21,21,21,21,21,21,21,21,21,21,20,21,21,21,21,21,21,21,21,21,21,21,21,20,21,21,21,21,21,20,20,21,21,21,21,20,21,21,20,21,21,21,21,21,20,21,21,21,21,21,21,21,20,21,21,21,47,47,47,47,47,47,47,47,47,47,47,47,47,47,47,47,47,47,47,47,47,47,47,47,47,47,47,47,47,47,47,47,47,47,47,47,47,47,47,47,47,47,47,47,47,47,47,47,47,47,47,47,47,47,47,47,47,47,47,47,47,47,47,47,780,785,780,785,785,785,785,780,785,785,785,785,785,785,785,785,785,785,780,785,785,785,785,785,785,785,785,785,785,785,785,780,785,785,785,785,785,780,780,785,785,785,785,780,785,785,780,785,785,785,785,785,780,785,785,785,785,785,785,785,780,785,785,785
7.5,21,21,20,21,20,20,21,20,21,21,20,21,20,21,21,21,21,21,21,21,21,20,20,21,21,21,20,20,21,21,20,20,21,20,21,20,21,20,20,21,21,21,20,21,20,20,21,20,21,21,21,21,21,21,21,21,21,21,20,21,20,20,20,21,47,47,47,47,47,47,47,47,47,47,47,47,47,47,47,47,47,47,47,47,47,47,47,47,47,47,47,47,47,47,47,47,47,47,47,47,47,47,47,47,47,47,47,47,47,47,47,47,47,47,47,47,47,47,47,47,47,47,47,47,47,47,47,47,785,785,780,785,780,780,785,780,785,785,780,785,780,785,785,785,785,785,785,785,785,780,780,785,785,785,780,780,785,785,780,780,785,780,785,780,785,780,780,785,785,785,780,785,780,780,785,780,785,785,785,785,785,785,785,785,785,785,780,785,780,780,780,785
8,20,21,20,20,20,20,20,20,20,20,20,20,20,21,21,21,20,21,21,20,21,20,20,20,20,21,20,20,21,20,20,20,21,20,21,20,21,20,21,20,21,21,21,21,21,21,20,20,20,21,20,21,21,20,20,20,20,20,20,20,21,20,20,21,47,47,47,47,47,47,47,47,47,47,47,47,47,47,47,47,47,47,47,47,47,47,47,47,47,47,47,47,47,47,47,47,47,47,47,47,47,47,47,47,47,47,47,47,47,47,47,47,47,47,47,47,47,47,47,47,47,47,47,47,47,47,47,47,780,785,780,780,780,780,780,780,780,780,780,780,780,785,785,785,780,785,785,780,785,780,780,780,780,785,780,780,785,780,780,780,785,780,785,780,785,780,785,780,785,785,785,785,785,785,780,780,780,785,780,785,785,780,780,780,780,780,780,780,785,780,780,785
8.5,20,21,20,21,20,20,20,20,21,20,21,21,20,21,21,20,20,20,20,20,20,20,20,20,20,21,20,20,20,20,20,21,20,21,20,20,20,21,21,20,21,20,21,21,22,22,20,20,21,20,20,21,21,20,20,21,20,20,21,20,20,21,21,21,47,47,47,47,47,47,47,47,47,47,47,47,47,47,47,47,47,47,47,47,47,47,47,47,47,47,47,47,47,47,47,47,47,47,47,47,47,47,47,47,47,47,47,47,47,47,47,47,47,47,47,47,47,47,47,47,47,47,47,47,47,47,47,47,780,785,780,785,780,780,780,780,785,780,785,785,780,785,785,780,780,780,780,780,780,780,780,780,780,785,780,780,780,780,780,785,780,785,780,780,780,785,785,780,785,780,785,785,790,790,780,780,785,780,780,785,785,780,780,785,780,780,785,780,780,785,785,785
9,21,21,20,21,20,21,21,20,20,21,20,21,21,21,21,20,20,20,20,20,20,20,20,21,21,20,20,20,20,20,20,21,20,21,20,20,20,21,21,20,20,20,20,21,21,21,21,20,21,20,21,21,21,21,21,21,20,21,21,21,20,21,21,21,47,47,47,47,47,47,47,47,47,47,47,47,47,47,47,47,47,47,47,47,47,47,47,47,47,47,47,47,47,47,47,47,47,47,47,47,47,47,47,47,47,47,47,47,47,47,47,47,47,47,47,47,47,47,47,47,47,47,47,47,47,47,47,47,785,785,780,785,780,785,785,780,780,785,780,785,785,785,785,780,780,780,780,780,780,780,780,785,785,780,780,780,780,780,780,785,780,785,780,780,780,785,785,780,780,780,780,785,785,785,785,780,785,780,785,785,785,785,785,785,780,785,785,785,780,785,785,785
9.5,20,21,21,21,20,20,20,20,20,21,20,20,21,21,21,21,20,21,21,21,21,20,21,20,20,20,20,20,20,20,20,21,21,21,20,21,20,21,21,20,20,21,21,21,21,21,21,21,21,21,21,21,21,21,21,21,21,21,21,21,21,21,20,21,47,47,47,47,47,47,47,47,47,47,47,47,47,47,47,47,47,47,47,47,47,47,47,47,47,47,47,47,47,47,47,47,47,47,47,47,47,47,47,47,47,47,47,47,47,47,47,47,47,47,47,47,47,47,47,47,47,47,47,47,47,47,47,47,780,785,785,785,780,780,780,780,780,785,780,780,785,785,785,785,780,785,785,785,785,780,785,780,780,780,780,780,780,780,780,785,785,785,780,785,780,785,785,780,780,785,785,785,785,785,785,785,785,785,785,785,785,785,785,785,785,785,785,785,785,785,780,785
10,20,21,20,21,20,20,20,20,20,20,20,20,20,21,21,21,20,21,22,21,21,20,21,20,20,21,21,20,20,20,21,21,21,21,20,20,21,21,21,20,21,22,21,22,21,21,21,21,20,20,21,21,21,21,21,21,21,21,21,20,20,21,21,20,47,47,47,47,47,47,47,47,47,47,47,47,47,47,47,47,47,47,47,47,47,47,47,47,47,47,47,47,47,47,47,47,47,47,47,47,47,47,47,47,47,47,47,47,47,47,47,47,47,47,47,47,47,47,47,47,47,47,47,47,47,47,47,47,780,785,780,785,780,780,780,780,780,780,780,780,780,785,785,785,780,785,790,785,785,780,785,780,780,785,785,780,780,780,785,785,785,785,780,780,785,785,785,780,785,790,785,790,785,785,785,785,780,780,785,785,785,785,785,785,785,785,785,780,780,785,785,780
10.5,20,21,20,20,20,20,21,20,20,20,21,20,21,20,20,21,21,20,21,21,20,20,20,21,21,20,21,20,21,21,21,21,21,21,21,21,21,21,21,21,22,22,21,22,21,21,21,21,21,20,21,20,21,21,21,21,21,20,21,21,20,21,21,20,47,47,47,47,47,47,47,47,47,47,47,47,47,47,47,47,47,47,47,47,47,47,47,47,47,47,47,47,47,47,47,47,47,47,47,47,47,47,47,47,47,47,47,47,47,47,47,47,47,47,47,47,47,47,47,47,47,47,47,47,47,47,47,47,780,785,780,780,780,780,785,780,780,780,785,780,785,780,780,785,785,780,785,785,780,780,780,785,785,780,785,780,785,785,785,785,785,785,785,785,785,785,785,785,790,790,785,790,785,785,785,785,785,780,785,780,785,785,785,785,785,780,785,785,780,785,785,780
11,20,21,20,20,20,20,20,20,20,20,21,20,21,20,20,21,21,21,21,21,21,20,20,21,21,20,20,20,21,21,21,20,21,20,21,21,20,20,21,21,21,21,21,22,21,21,21,21,21,21,21,21,20,21,21,20,21,21,20,21,21,21,20,21,47,47,47,47,47,47,47,47,47,47,47,47,47,47,47,47,47,47,47,47,47,47,47,47,47,47,47,47,47,47,47,47,47,47,47,47,47,47,47,47,47,47,47,47,47,47,47,47,47,47,47,47,47,47,47,47,47,47,47,47,47,47,47,47,780,785,780,780,780,780,780,780,780,780,785,780,785,780,780,785,785,785,785,785,785,780,780,785,785,780,780,780,785,785,785,780,785,780,785,785,780,780,785,785,785,785,785,790,785,785,785,785,785,785,785,785,780,785,785,780,785,785,780,785,785,785,780,785
11.5,20,21,20,20,20,20,20,20,20,20,20,21,20,20,20,20,20,21,21,21,21,20,20,21,21,21,20,21,20,21,21,20,21,20,21,21,21,20,21,20,21,21,21,21,20,20,21,21,21,21,21,21,21,21,21,20,21,21,20,20,20,20,20,20,47,47,47,47,47,47,47,47,47,47,47,47,47,47,47,47,47,47,47,47,47,47,47,47,47,47,47,47,47,47,47,47,47,47,47,47,47,47,47,47,47,47,47,47,47,47,47,47,47,47,47,47,47,47,47,47,47,47,47,47,47,47,47,47,780,785,780,780,780,780,780,780,780,780,780,785,780,780,780,780,780,785,785,785,785,780,780,785,785,785,780,785,780,785,785,780,785,780,785,785,785,780,785,780,785,785,785,785,780,780,785,785,785,785,785,785,785,785,785,780,785,785,780,780,780,780,780,780
12,20,21,21,20,20,21,21,21,20,20,21,21,20,21,20,20,21,21,22,20,21,20,20,20,20,20,20,21,21,21,21,21,22,21,20,21,21,20,21,20,21,21,21,21,20,20,20,20,21,21,20,21,21,20,21,21,21,20,20,20,20,20,20,20,47,47,47,47,47,47,47,47,47,47,47,47,47,47,47,47,47,47,47,47,47,47,47,47,47,47,47,47,47,47,47,47,47,47,47,47,47,47,47,47,47,47,47,47,47,47,47,47,47,47,47,47,47,47,47,47,47,47,47,47,47,47,47,47,780,785,785,780,780,785,785,785,780,780,785,785,780,785,780,780,785,785,790,780,785,780,780,780,780,780,780,785,785,785,785,785,790,785,780,785,785,780,785,780,785,785,785,785,780,780,780,780,785,785,780,785,785,780,785,785,785,780,780,780,780,780,780,780
12.5,20,20,21,21,20,20,21,20,20,21,21,21,20,21,20,20,21,21,21,21,21,21,20,20,20,20,20,20,21,21,21,21,21,21,21,21,20,20,20,20,21,21,21,20,20,20,20,20,21,21,20,21,21,21,21,21,21,20,20,21,20,21,20,21,47,47,47,47,47,47,47,47,47,47,47,47,47,47,47,47,47,47,47,47,47,47,47,47,47,47,47,47,47,47,47,47,47,47,47,47,47,47,47,47,47,47,47,47,47,47,47,47,47,47,47,47,47,47,47,47,47,47,47,47,47,47,47,47,780,780,785,785,780,780,785,780,780,785,785,785,780,785,780,780,785,785,785,785,785,785,780,780,780,780,780,780,785,785,785,785,785,785,785,785,780,780,780,780,785,785,785,780,780,780,780,780,785,785,780,785,785,785,785,785,785,780,780,785,780,785,780,785
13,20,20,21,22,20,20,21,20,20,21,21,21,20,20,20,20,20,21,21,21,21,20,21,20,20,21,20,20,21,21,21,21,21,20,20,21,20,20,20,20,21,20,21,20,20,20,21,21,21,21,21,21,21,21,20,21,21,20,20,21,20,21,20,21,47,47,47,47,47,47,47,47,47,47,47,47,47,47,47,47,47,47,47,47,47,47,47,47,47,47,47,47,47,47,47,47,47,47,47,47,47,47,47,47,47,47,47,47,47,47,47,47,47,47,47,47,47,47,47,47,47,47,47,47,47,47,47,47,780,780,785,790,780,780,785,780,780,785,785,785,780,780,780,780,780,785,785,785,785,780,785,780,780,785,780,780,785,785,785,785,785,780,780,785,780,780,780,780,785,780,785,780,780,780,785,785,785,785,785,785,785,785,780,785,785,780,780,785,780,785,780,785
13.5,21,20,20,21,20,20,21,21,20,21,21,21,20,20,20,20,20,20,21,20,21,20,21,20,20,21,20,20,21,21,21,21,21,21,20,21,20,20,20,20,20,20,20,20,20,20,21,21,21,21,21,21,20,21,20,21,21,20,20,21,20,21,21,21,47,47,47,47,47,47,47,47,47,47,47,47,47,47,47,47,47,47,47,47,47,47,47,47,47,47,47,47,47,47,47,47,47,47,47,47,47,47,47,47,47,47,47,47,47,47,47,47,47,47,47,47,47,47,47,47,47,47,47,47,47,47,47,47,785,780,780,785,780,780,785,785,780,785,785,785,780,780,780,780,780,780,785,780,785,780,785,780,780,785,780,780,785,785,785,785,785,785,780,785,780,780,780,780,780,780,780,780,780,780,785,785,785,785,785,785,780,785,780,785,785,780,780,785,780,785,785,785
14,21,20,21,21,21,21,21,21,20,21,21,21,20,20,20,21,20,20,21,20,21,21,20,20,20,20,20,20,21,20,21,21,21,21,20,20,20,20,20,20,20,20,20,20,20,20,21,20,21,21,21,20,20,21,20,21,21,20,20,20,20,21,20,21,47,47,47,47,47,47,47,47,47,47,47,47,47,47,47,47,47,47,47,47,47,47,47,47,47,47,47,47,47,47,47,47,47,47,47,47,47,47,47,47,47,47,47,47,47,47,47,47,47,47,47,47,47,47,47,47,47,47,47,47,47,47,47,47,785,780,785,785,785,785,785,785,780,785,785,785,780,780,780,785,780,780,785,780,785,785,780,780,780,780,780,780,785,780,785,785,785,785,780,780,780,780,780,780,780,780,780,780,780,780,785,780,785,785,785,780,780,785,780,785,785,780,780,780,780,785,780,785
14.5,21,20,21,21,20,20,20,20,20,21,20,20,20,20,20,21,20,20,21,20,20,21,21,20,20,20,20,20,21,20,21,21,20,21,21,20,20,21,21,20,20,20,20,20,20,20,21,21,21,21,21,20,20,21,20,21,21,21,20,21,20,21,20,21,47,47,47,47,47,47,47,47,47,47,47,47,47,47,47,47,47,47,47,47,47,47,47,47,47,47,47,47,47,47,47,47,47,47,47,47,47,47,47,47,47,47,47,47,47,47,47,47,47,47,47,47,47,47,47,47,47,47,47,47,47,47,47,47,785,780,785,785,780,780,780,780,780,785,780,780,780,780,780,785,780,780,785,780,780,785,785,780,780,780,780,780,785,780,785,785,780,785,785,780,780,785,785,780,780,780,780,780,780,780,785,785,785,785,785,780,780,785,780,785,785,785,780,785,780,785,780,785
15,21,21,21,21,20,20,20,20,20,21,20,20,20,20,20,21,20,20,20,21,20,21,21,20,20,21,20,20,21,20,20,20,20,20,20,21,20,21,21,20,20,20,20,21,20,20,21,21,20,21,21,20,20,21,20,21,21,20,20,22,21,22,20,21,47,47,47,47,47,47,47,47,47,47,47,47,47,47,47,47,47,47,47,47,47,47,47,47,47,47,47,47,47,47,47,47,47,47,47,47,47,47,47,47,47,47,47,47,47,47,47,47,47,47,47,47,47,47,47,47,47,47,47,47,47,47,47,47,785,785,785,785,780,780,780,780,780,785,780,780,780,780,780,785,780,780,780,785,780,785,785,780,780,785,780,780,785,780,780,780,780,780,780,785,780,785,785,780,780,780,780,785,780,780,785,785,780,785,785,780,780,785,780,785,785,780,780,790,785,790,780,785
15.5,21,21,20,21,21,20,20,20,21,21,21,21,20,20,20,21,20,20,21,21,21,21,20,20,20,21,20,20,21,20,20,20,20,20,21,21,20,21,21,20,20,20,20,21,20,20,21,21,20,21,21,20,20,21,20,21,20,21,20,21,21,22,20,21,47,47,47,47,47,47,47,47,47,47,47,47,47,47,47,47,47,47,47,47,47,47,47,47,47,47,47,47,47,47,47,47,47,47,47,47,47,47,47,47,47,47,47,47,47,47,47,47,47,47,47,47,47,47,47,47,47,47,47,47,47,47,47,47,785,785,780,785,785,780,780,780,785,785,785,785,780,780,780,785,780,780,785,785,785,785,780,780,780,785,780,780,785,780,780,780,780,780,785,785,780,785,785,780,780,780,780,785,780,780,785,785,780,785,785,780,780,785,780,785,780,785,780,785,785,790,780,785
16,21,21,20,21,21,21,21,20,21,21,21,21,20,20,20,21,21,21,21,20,21,21,20,21,21,21,20,20,21,20,20,21,20,20,21,21,20,21,21,20,20,20,20,21,21,21,21,20,20,21,20,20,20,21,20,21,20,21,20,21,21,21,20,20,47,47,47,47,47,47,47,47,47,47,47,47,47,47,47,47,47,47,47,47,47,47,47,47,47,47,47,47,47,47,47,47,47,47,47,47,47,47,47,47,47,47,47,47,47,47,47,47,47,47,47,47,47,47,47,47,47,47,47,47,47,47,47,47,785,785,780,785,785,785,785,780,785,785,785,785,780,780,780,785,785,785,785,780,785,785,780,785,785,785,780,780,785,780,780,785,780,780,785,785,780,785,785,780,780,780,780,785,785,785,785,780,780,785,780,780,780,785,780,785,780,785,780,785,785,785,780,780
16.5,20,21,21,20,21,21,21,20,21,20,21,21,20,21,21,21,21,21,21,21,20,21,20,21,21,21,21,21,20,20,20,21,20,20,21,21,21,21,21,21,20,21,21,21,21,21,20,20,20,21,21,20,20,20,20,21,20,21,20,20,20,21,20,20,47,47,47,47,47,47,47,47,47,47,47,47,47,47,47,47,47,47,47,47,47,47,47,47,47,47,47,47,47,47,47,47,47,47,47,47,47,47,47,47,47,47,47,47,47,47,47,47,47,47,47,47,47,47,47,47,47,47,47,47,47,47,47,47,780,785,785,780,785,785,785,780,785,780,785,785,780,785,785,785,785,785,785,785,780,785,780,785,785,785,785,785,780,780,780,785,780,780,785,785,785,785,785,785,780,785,785,785,785,785,780,780,780,785,785,780,780,780,780,785,780,785,780,780,780,785,780,780
17,20,21,20,20,21,21,21,21,21,20,21,21,20,21,21,21,21,21,21,22,21,20,20,21,21,21,21,21,20,20,20,20,20,20,20,21,21,20,21,21,20,21,21,21,21,21,20,20,20,21,21,20,20,20,20,21,20,21,20,20,20,20,20,20,47,47,47,47,47,47,47,47,47,47,47,47,47,47,47,47,47,47,47,47,47,47,47,47,47,47,47,47,47,47,47,47,47,47,47,47,47,47,47,47,47,47,47,47,47,47,47,47,47,47,47,47,47,47,47,47,47,47,47,47,47,47,47,47,780,785,780,780,785,785,785,785,785,780,785,785,780,785,785,785,785,785,785,790,785,780,780,785,785,785,785,785,780,780,780,780,780,780,780,785,785,780,785,785,780,785,785,785,785,785,780,780,780,785,785,780,780,780,780,785,780,785,780,780,780,780,780,780
17.5,21,21,20,20,21,21,20,21,21,20,21,21,20,21,21,21,21,21,20,21,21,20,20,21,20,21,21,21,20,20,20,20,20,20,21,21,21,20,21,21,20,21,21,21,21,21,20,20,20,21,20,20,20,20,20,20,20,21,20,20,20,20,20,20,47,47,47,47,47,47,47,47,47,47,47,47,47,47,47,47,47,47,47,47,47,47,47,47,47,47,47,47,47,47,47,47,47,47,47,47,47,47,47,47,47,47,47,47,47,47,47,47,47,47,47,47,47,47,47,47,47,47,47,47,47,47,47,47,785,785,780,780,785,785,780,785,785,780,785,785,780,785,785,785,785,785,780,785,785,780,780,785,780,785,785,785,780,780,780,780,780,780,785,785,785,780,785,785,780,785,785,785,785,785,780,780,780,785,780,780,780,780,780,780,780,785,780,780,780,780,780,780
18,20,21,21,21,21,21,21,21,21,20,21,22,20,21,21,21,21,21,20,21,20,20,20,21,21,20,21,21,20,21,21,20,20,20,21,20,21,20,21,21,20,21,21,21,21,21,20,20,20,21,20,20,20,20,21,20,20,21,21,20,20,20,20,20,47,47,47,47,47,47,47,47,47,47,47,47,47,47,47,47,47,47,47,47,47,47,47,47,47,47,47,47,47,47,47,47,47,47,47,47,47,47,47,47,47,47,47,47,47,47,47,47,47,47,47,47,47,47,47,47,47,47,47,47,47,47,47,47,780,785,785,785,785,785,785,785,785,780,785,790,780,785,785,785,785,785,780,785,780,780,780,785,785,780,785,785,780,785,785,780,780,780,785,780,785,780,785,785,780,785,785,785,785,785,780,780,780,785,780,780,780,780,785,780,780,785,785,780,780,780,780,780
18.5,20,21,21,21,21,21,21,21,21,20,20,21,21,21,21,22,21,21,20,21,20,20,21,20,21,20,21,21,20,21,21,21,21,20,20,20,21,20,21,21,21,21,21,21,21,21,20,20,20,20,20,20,21,20,21,20,21,21,20,20,20,20,21,20,47,47,47,47,47,47,47,47,47,47,47,47,47,47,47,47,47,47,47,47,47,47,47,47,47,47,47,47,47,47,47,47,47,47,47,47,47,47,47,47,47,47,47,47,47,47,47,47,47,47,47,47,47,47,47,47,47,47,47,47,47,47,47,47,780,785,785,785,785,785,785,785,785,780,780,785,785,785,785,790,785,785,780,785,780,780,785,780,785,780,785,785,780,785,785,785,785,780,780,780,785,780,785,785,785,785,785,785,785,785,780,780,780,780,780,780,785,780,785,780,785,785,780,780,780,780,785,780
19,20,22,21,21,20,21,20,21,21,20,20,21,21,21,21,22,21,21,20,21,20,20,21,20,20,21,21,21,20,21,21,20,21,20,20,20,21,20,22,21,21,21,21,22,21,21,20,20,20,20,20,20,21,20,21,20,21,20,20,20,20,20,21,20,47,47,47,47,47,47,47,47,47,47,47,47,47,47,47,47,47,47,47,47,47,47,47,47,47,47,47,47,47,47,47,47,47,47,47,47,47,47,47,47,47,47,47,47,47,47,47,47,47,47,47,47,47,47,47,47,47,47,47,47,47,47,47,47,780,790,785,785,780,785,780,785,785,780,780,785,785,785,785,790,785,785,780,785,780,780,785,780,780,785,785,785,780,785,785,780,785,780,780,780,785,780,790,785,785,785,785,790,785,785,780,780,780,780,780,780,785,780,785,780,785,780,780,780,780,780,785,780
19.5,21,22,21,20,21,21,20,20,21,20,20,20,21,21,21,22,21,21,20,21,20,20,21,20,20,21,21,21,20,21,21,20,21,20,20,20,21,20,22,21,21,21,21,22,21,21,20,20,21,20,21,20,21,20,21,20,21,20,21,20,21,21,20,20,47,47,47,47,47,47,47,47,47,47,47,47,47,47,47,47,47,47,47,47,47,47,47,47,47,47,47,47,47,47,47,47,47,47,47,47,47,47,47,47,47,47,47,47,47,47,47,47,47,47,47,47,47,47,47,47,47,47,47,47,47,47,47,47,785,790,785,780,785,785,780,780,785,780,780,780,785,785,785,790,785,785,780,785,780,780,785,780,780,785,785,785,780,785,785,780,785,780,780,780,785,780,790,785,785,785,785,790,785,785,780,780,785,780,785,780,785,780,785,780,785,780,785,780,785,785,780,780
20,21,22,21,20,21,21,20,20,20,20,20,20,21,21,21,22,21,21,20,20,20,20,20,20,20,20,21,21,20,21,21,20,21,21,20,20,21,20,22,21,21,21,21,22,21,21,21,20,21,20,20,20,21,20,21,20,21,20,21,20,21,21,20,20,47,47,47,47,47,47,47,47,47,47,47,47,47,47,47,47,47,47,47,47,47,47,47,47,47,47,47,47,47,47,47,47,47,47,47,47,47,47,47,47,47,47,47,47,47,47,47,47,47,47,47,47,47,47,47,47,47,47,47,47,47,47,47,47,785,790,785,780,785,785,780,780,780,780,780,780,785,785,785,790,785,785,780,780,780,780,780,780,780,780,785,785,780,785,785,780,785,785,780,780,785,780,790,785,785,785,785,790,785,785,785,780,785,780,780,780,785,780,785,780,785,780,785,780,785,785,780,780
20.5,21,22,20,20,20,20,20,20,20,20,20,20,21,21,21,22,22,22,20,20,20,20,20,20,20,20,21,21,21,21,21,20,21,20,20,20,21,20,22,21,21,21,21,22,21,21,21,20,21,20,20,20,21,21,21,20,21,20,20,20,21,21,21,20,47,47,47,47,47,47,47,47,47,47,47,47,47,47,47,47,47,47,47,47,47,47,47,47,47,47,47,47,47,47,47,47,47,47,47,47,47,47,47,47,47,47,47,47,47,47,47,47,47,47,47,47,47,47,47,47,47,47,47,47,47,47,47,47,785,790,780,780,780,780,780,780,780,780,780,780,785,785,785,790,790,790,780,780,780,780,780,780,780,780,785,785,785,785,785,780,785,780,780,780,785,780,790,785,785,785,785,790,785,785,785,780,785,780,780,780,785,785,785,780,785,780,780,780,785,785,785,780
21,21,22,20,20,20,20,20,20,20,21,20,20,21,21,22,22,22,22,20,20,20,20,20,20,20,20,22,22,21,21,21,20,21,21,20,20,21,21,22,22,21,22,22,22,22,22,21,20,21,20,20,20,21,21,21,20,21,20,20,21,21,21,21,21,47,47,47,47,47,47,47,47,47,47,47,47,47,47,47,47,47,47,47,47,47,47,47,47,47,47,47,47,47,47,47,47,47,47,47,47,47,47,47,47,47,47,47,47,47,47,47,47,47,47,47,47,47,47,47,47,47,47,47,47,47,47,47,47,785,790,780,780,780,780,780,780,780,785,780,780,785,785,790,790,790,790,780,780,780,780,780,780,780,780,790,790,785,785,785,780,785,785,780,780,785,785,790,790,785,790,790,790,790,790,785,780,785,780,780,780,785,785,785,780,785,780,780,785,785,785,785,785
21.5,20,22,20,20,20,20,20,20,20,21,20,20,21,22,22,22,22,22,20,20,21,20,20,20,20,20,22,22,21,21,21,20,21,21,21,21,22,21,22,22,21,22,22,22,22,22,21,20,21,20,20,20,21,21,21,20,21,20,21,21,21,21,20,21,47,47,47,47,47,47,47,47,47,47,47,47,47,47,47,47,47,47,47,47,47,47,47,47,47,47,47,47,47,47,47,47,47,47,47,47,47,47,47,47,47,47,47,47,47,47,47,47,47,47,47,47,47,47,47,47,47,47,47,47,47,47,47,47,780,790,780,780,780,780,780,780,780,785,780,780,785,790,790,790,790,790,780,780,785,780,780,780,780,780,790,790,785,785,785,780,785,785,785,785,790,785,790,790,785,790,790,790,790,790,785,780,785,780,780,780,785,785,785,780,785,780,785,785,785,785,780,785
22,20,22,20,21,20,20,20,20,20,21,20,20,21,22,22,22,22,22,21,20,21,20,20,20,20,20,22,22,21,21,21,20,21,21,21,21,22,21,22,22,21,22,22,22,22,22,21,21,21,20,20,20,21,21,21,20,21,20,21,21,21,21,20,21,47,47,47,47,47,47,47,47,47,47,47,47,47,47,47,47,47,47,47,47,47,47,47,47,47,47,47,47,47,47,47,47,47,47,47,47,47,47,47,47,47,47,47,47,47,47,47,47,47,47,47,47,47,47,47,47,47,47,47,47,47,47,47,47,780,790,780,785,780,780,780,780,780,785,780,780,785,790,790,790,790,790,785,780,785,780,780,780,780,780,790,790,785,785,785,780,785,785,785,785,790,785,790,790,785,790,790,790,790,790,785,785,785,780,780,780,785,785,785,780,785,780,785,785,785,785,780,785
22.5,20,22,20,21,20,20,20,20,20,21,20,20,21,22,22,22,22,22,21,20,21,20,20,20,20,20,22,22,21,21,21,21,22,20,21,21,22,21,22,22,21,22,22,22,22,22,21,21,21,20,20,21,21,21,21,21,21,20,21,21,20,21,20,21,47,47,47,47,47,47,47,47,47,47,47,47,47,47,47,47,47,47,47,47,47,47,47,47,47,47,47,47,47,47,47,47,47,47,47,47,47,47,47,47,47,47,47,47,47,47,47,47,47,47,47,47,47,47,47,47,47,47,47,47,47,47,47,47,780,790,780,785,780,780,780,780,780,785,780,780,785,790,790,790,790,790,785,780,785,780,780,780,780,780,790,790,785,785,785,785,790,780,785,785,790,785,790,790,785,790,790,790,790,790,785,785,785,780,780,785,785,785,785,785,785,780,785,785,780,785,780,785
23,20,22,20,21,20,20,20,20,20,21,20,20,21,22,22,22,22,22,21,20,21,20,21,21,21,20,22,22,21,22,22,21,22,20,21,21,22,21,22,22,22,22,22,22,22,22,21,20,21,20,21,21,22,21,22,21,22,20,21,21,20,21,20,21,47,47,47,47,47,47,47,47,47,47,47,47,47,47,47,47,47,47,47,47,47,47,47,47,47,47,47,47,47,47,47,47,47,47,47,47,47,47,47,47,47,47,47,47,47,47,47,47,47,47,47,47,47,47,47,47,47,47,47,47,47,47,47,47,780,790,780,785,780,780,780,780,780,785,780,780,785,790,790,790,790,790,785,780,785,780,785,785,785,780,790,790,785,790,790,785,790,780,785,785,790,785,790,790,790,790,790,790,790,790,785,780,785,780,785,785,790,785,790,785,790,780,785,785,780,785,780,785
23.5,20,22,20,21,20,20,21,20,20,21,20,20,22,22,22,22,22,22,21,20,21,20,21,21,21,20,22,22,21,22,22,21,22,20,21,21,22,21,22,22,22,22,22,22,22,22,21,20,21,21,21,21,22,21,22,21,22,20,21,20,20,22,20,21,47,47,47,47,47,47,47,47,47,47,47,47,47,47,47,47,47,47,47,47,47,47,47,47,47,47,47,47,47,47,47,47,47,47,47,47,47,47,47,47,47,47,47,47,47,47,47,47,47,47,47,47,47,47,47,47,47,47,47,47,47,47,47,47,780,790,780,785,780,780,785,780,780,785,780,780,790,790,790,790,790,790,785,780,785,780,785,785,785,780,790,790,785,790,790,785,790,780,785,785,790,785,790,790,790,790,790,790,790,790,785,780,785,785,785,785,790,785,790,785,790,780,785,780,780,790,780,785
24,20,22,20,21,20,20,21,20,20,21,20,20,22,22,22,22,22,22,21,21,21,20,20,21,21,20,22,22,21,22,22,21,22,20,20,21,22,21,22,22,22,22,22,22,22,22,21,20,22,21,21,21,22,21,22,21,22,21,21,20,20,22,20,21,47,47,47,47,47,47,47,47,47,47,47,47,47,47,47,47,47,47,47,47,47,47,47,47,47,47,47,47,47,47,47,47,47,47,47,47,47,47,47,47,47,47,47,47,47,47,47,47,47,47,47,47,47,47,47,47,47,47,47,47,47,47,47,47,780,790,780,785,780,780,785,780,780,785,780,780,790,790,790,790,790,790,785,785,785,780,780,785,785,780,790,790,785,790,790,785,790,780,780,785,790,785,790,790,790,790,790,790,790,790,785,780,790,785,785,785,790,785,790,785,790,785,785,780,780,790,780,785
24.5,20,22,20,21,20,20,21,21,20,21,20,20,22,22,22,22,22,22,21,21,21,20,20,21,21,20,22,22,21,22,22,21,22,20,20,21,22,21,22,22,22,22,22,22,22,22,22,20,22,21,21,21,22,21,22,21,22,21,21,20,20,22,21,21,47,47,47,47,47,47,47,47,47,47,47,47,47,47,47,47,47,47,47,47,47,47,47,47,47,47,47,47,47,47,47,47,47,47,47,47,47,47,47,47,47,47,47,47,47,47,47,47,47,47,47,47,47,47,47,47,47,47,47,47,47,47,47,47,780,790,780,785,780,780,785,785,780,785,780,780,790,790,790,790,790,790,785,785,785,780,780,785,785,780,790,790,785,790,790,785,790,780,780,785,790,785,790,790,790,790,790,790,790,790,790,780,790,785,785,785,790,785,790,785,790,785,785,780,780,790,785,785
25,21,23,20,21,20,20,21,21,20,21,21,21,22,22,22,23,22,22,21,21,21,21,21,21,21,21,22,22,22,22,22,21,22,20,20,21,22,21,23,22,22,22,22,23,22,22,22,20,22,21,21,21,22,22,22,21,22,21,20,20,20,22,21,21,47,47,47,47,47,47,47,47,47,47,47,47,47,47,47,47,47,47,47,47,47,47,47,47,47,47,47,47,47,47,47,47,47,47,47,47,47,47,47,47,47,47,47,47,47,47,47,47,47,47,47,47,47,47,47,47,47,47,47,47,47,47,47,47,785,795,780,785,780,780,785,785,780,785,785,785,790,790,790,795,790,790,785,785,785,785,785,785,785,785,790,790,790,790,790,785,790,780,780,785,790,785,795,790,790,790,790,795,790,790,790,780,790,785,785,785,790,790,790,785,790,785,780,780,780,790,785,785
25.5,21,23,20,21,20,20,21,21,20,22,21,21,22,22,22,23,22,22,21,21,21,21,21,21,21,21,22,22,22,22,22,21,22,20,20,21,22,22,23,22,22,22,22,23,22,22,22,21,22,21,21,21,22,22,22,21,22,21,21,20,20,22,21,22,47,47,47,47,47,47,47,47,47,47,47,47,47,47,47,47,47,47,47,47,47,47,47,47,47,47,47,47,47,47,47,47,47,47,47,47,47,47,47,47,47,47,47,47,47,47,47,47,47,47,47,47,47,47,47,47,47,47,47,47,47,47,47,47,785,795,780,785,780,780,785,785,780,790,785,785,790,790,790,795,790,790,785,785,785,785,785,785,785,785,790,790,790,790,790,785,790,780,780,785,790,790,795,790,790,790,790,795,790,790,790,785,790,785,785,785,790,790,790,785,790,785,785,780,780,790,785,790
26,21,23,20,21,21,20,21,21,20,22,21,21,22,22,22,23,22,22,21,21,22,21,21,21,21,21,22,22,22,22,22,21,22,21,20,22,22,22,23,22,22,22,22,23,22,22,22,21,22,21,21,21,22,22,22,21,22,21,21,21,20,22,21,22,47,47,47,47,47,47,47,47,47,47,47,47,47,47,47,47,47,47,47,47,47,47,47,47,47,47,47,47,47,47,47,47,47,47,47,47,47,47,47,47,47,47,47,47,47,47,47,47,47,47,47,47,47,47,47,47,47,47,47,47,47,47,47,47,785,795,780,785,785,780,785,785,780,790,785,785,790,790,790,795,790,790,785,785,790,785,785,785,785,785,790,790,790,790,790,785,790,785,780,790,790,790,795,790,790,790,790,795,790,790,790,785,790,785,785,785,790,790,790,785,790,785,785,785,780,790,785,790
26.5,21,23,20,22,21,20,21,20,20,22,21,21,22,22,22,23,23,23,22,21,22,21,21,21,21,21,22,22,22,22,22,22,22,21,20,22,22,22,23,22,22,22,22,23,22,22,22,21,22,21,21,21,22,22,22,21,22,21,21,21,20,22,20,22,47,47,47,47,47,47,47,47,47,47,47,47,47,47,47,47,47,47,47,47,47,47,47,47,47,47,47,47,47,47,47,47,47,47,47,47,47,47,47,47,47,47,47,47,47,47,47,47,47,47,47,47,47,47,47,47,47,47,47,47,47,47,47,47,785,795,780,790,785,780,785,780,780,790,785,785,790,790,790,795,795,795,790,785,790,785,785,785,785,785,790,790,790,790,790,790,790,785,780,790,790,790,795,790,790,790,790,795,790,790,790,785,790,785,785,785,790,790,790,785,790,785,785,785,780,790,780,790
27,21,23,20,22,21,20,21,20,21,22,21,21,22,22,23,23,23,23,22,21,22,21,21,21,21,21,23,23,22,22,22,22,22,21,20,22,22,22,23,23,22,23,23,23,23,23,22,21,22,21,21,22,22,22,22,22,22,21,21,21,20,22,20,22,47,47,47,47,47,47,47,47,47,47,47,47,47,47,47,47,47,47,47,47,47,47,47,47,47,47,47,47,47,47,47,47,47,47,47,47,47,47,47,47,47,47,47,47,47,47,47,47,47,47,47,47,47,47,47,47,47,47,47,47,47,47,47,47,785,795,780,790,785,780,785,780,785,790,785,785,790,790,795,795,795,795,790,785,790,785,785,785,785,785,795,795,790,790,790,790,790,785,780,790,790,790,795,795,790,795,795,795,795,795,790,785,790,785,785,790,790,790,790,790,790,785,785,785,780,790,780,790
27.5,21,23,21,22,21,21,21,20,21,22,21,21,22,23,23,23,23,23,22,21,22,21,21,22,22,21,23,23,22,22,22,22,22,21,21,22,23,22,23,23,22,23,23,23,23,23,22,21,22,21,22,22,22,22,22,22,22,21,20,21,21,22,20,22,47,47,47,47,47,47,47,47,47,47,47,47,47,47,47,47,47,47,47,47,47,47,47,47,47,47,47,47,47,47,47,47,47,47,47,47,47,47,47,47,47,47,47,47,47,47,47,47,47,47,47,47,47,47,47,47,47,47,47,47,47,47,47,47,785,795,785,790,785,785,785,780,785,790,785,785,790,795,795,795,795,795,790,785,790,785,785,790,790,785,795,795,790,790,790,790,790,785,785,790,795,790,795,795,790,795,795,795,795,795,790,785,790,785,790,790,790,790,790,790,790,785,780,785,785,790,780,790
28,21,23,21,22,21,21,22,20,21,22,21,21,22,23,23,23,23,23,22,21,22,21,20,22,22,21,23,23,22,22,22,22,22,21,21,22,23,22,23,23,22,23,23,23,23,23,22,21,22,22,22,22,22,22,22,22,22,21,20,21,21,22,20,22,47,47,47,47,47,47,47,47,47,47,47,47,47,47,47,47,47,47,47,47,47,47,47,47,47,47,47,47,47,47,47,47,47,47,47,47,47,47,47,47,47,47,47,47,47,47,47,47,47,47,47,47,47,47,47,47,47,47,47,47,47,47,47,47,785,795,785,790,785,785,790,780,785,790,785,785,790,795,795,795,795,795,790,785,790,785,780,790,790,785,795,795,790,790,790,790,790,785,785,790,795,790,795,795,790,795,795,795,795,795,790,785,790,790,790,790,790,790,790,790,790,785,780,785,785,790,780,790
28.5,21,23,21,22,21,21,22,20,21,22,21,21,22,23,23,23,23,23,22,22,22,21,20,22,22,21,23,23,22,22,22,22,22,21,21,22,23,22,23,23,22,23,23,23,23,23,22,21,22,22,22,22,22,22,22,22,22,22,20,21,21,22,20,22,47,47,47,47,47,47,47,47,47,47,47,47,47,47,47,47,47,47,47,47,47,47,47,47,47,47,47,47,47,47,47,47,47,47,47,47,47,47,47,47,47,47,47,47,47,47,47,47,47,47,47,47,47,47,47,47,47,47,47,47,47,47,47,47,785,795,785,790,785,785,790,780,785,790,785,785,790,795,795,795,795,795,790,790,790,785,780,790,790,785,795,795,790,790,790,790,790,785,785,790,795,790,795,795,790,795,795,795,795,795,790,785,790,790,790,790,790,790,790,790,790,790,780,785,785,790,780,790
29,22,23,21,22,21,21,22,20,21,22,21,21,22,23,23,23,23,23,22,22,22,21,20,22,22,21,23,23,22,23,23,22,23,21,21,22,23,22,23,23,23,23,23,23,23,23,22,21,22,22,22,22,23,22,23,22,23,22,20,21,21,22,20,22,47,47,47,47,47,47,47,47,47,47,47,47,47,47,47,47,47,47,47,47,47,47,47,47,47,47,47,47,47,47,47,47,47,47,47,47,47,47,47,47,47,47,47,47,47,47,47,47,47,47,47,47,47,47,47,47,47,47,47,47,47,47,47,47,790,795,785,790,785,785,790,780,785,790,785,785,790,795,795,795,795,795,790,790,790,785,780,790,790,785,795,795,790,795,795,790,795,785,785,790,795,790,795,795,795,795,795,795,795,795,790,785,790,790,790,790,795,790,795,790,795,790,780,785,785,790,780,790
29.5,22,23,21,22,21,21,22,21,21,22,22,22,23,23,23,23,23,23,22,22,22,21,20,22,22,22,23,23,22,23,23,22,23,21,21,22,23,22,23,23,23,23,23,23,23,23,22,21,22,22,22,22,23,22,23,22,23,22,20,21,21,22,21,22,47,47,47,47,47,47,47,47,47,47,47,47,47,47,47,47,47,47,47,47,47,47,47,47,47,47,47,47,47,47,47,47,47,47,47,47,47,47,47,47,47,47,47,47,47,47,47,47,47,47,47,47,47,47,47,47,47,47,47,47,47,47,47,47,790,795,785,790,785,785,790,785,785,790,790,790,795,795,795,795,795,795,790,790,790,785,780,790,790,790,795,795,790,795,795,790,795,785,785,790,795,790,795,795,795,795,795,795,795,795,790,785,790,790,790,790,795,790,795,790,795,790,780,785,785,790,785,790
30,22,23,21,22,21,21,22,21,21,22,22,22,23,23,23,23,23,23,22,22,22,22,21,22,22,22,23,23,22,23,23,22,23,21,21,22,23,22,23,23,23,23,23,23,23,23,22,22,23,22,22,22,23,22,23,22,23,22,20,22,21,23,21,22,47,47,47,47,47,47,47,47,47,47,47,47,47,47,47,47,47,47,47,47,47,47,47,47,47,47,47,47,47,47,47,47,47,47,47,47,47,47,47,47,47,47,47,47,47,47,47,47,47,47,47,47,47,47,47,47,47,47,47,47,47,47,47,47,790,795,785,790,785,785,790,785,785,790,790,790,795,795,795,795,795,795,790,790,790,790,785,790,790,790,795,795,790,795,795,790,795,785,785,790,795,790,795,795,795,795,795,795,795,795,790,790,795,790,790,790,795,790,795,790,795,790,780,790,785,795,785,790
30.5,22,23,21,22,22,21,22,21,21,22,22,22,23,23,23,23,23,23,22,22,22,22,21,22,22,22,23,23,22,23,23,22,23,22,21,22,23,22,23,23,23,23,23,23,23,23,23,22,23,22,22,22,23,22,23,22,23,22,20,22,21,23,21,22,47,47,47,47,47,47,47,47,47,47,47,47,47,47,47,47,47,47,47,47,47,47,47,47,47,47,47,47,47,47,47,47,47,47,47,47,47,47,47,47,47,47,47,47,47,47,47,47,47,47,47,47,47,47,47,47,47,47,47,47,47,47,47,47,790,795,785,790,790,785,790,785,785,790,790,790,795,795,795,795,795,795,790,790,790,790,785,790,790,790,795,795,790,795,795,790,795,790,785,790,795,790,795,795,795,795,795,795,795,795,795,790,795,790,790,790,795,790,795,790,795,790,780,790,785,795,785,790
31,22,23,21,22,22,21,22,21,21,22,22,22,23,23,23,23,23,23,22,22,22,22,21,22,22,22,23,23,23,23,23,22,23,22,21,22,23,22,23,23,23,23,23,23,23,23,23,22,23,22,22,22,23,23,23,22,23,22,20,22,21,23,21,22,47,47,47,47,47,47,47,47,47,47,47,47,47,47,47,47,47,47,47,47,47,47,47,47,47,47,47,47,47,47,47,47,47,47,47,47,47,47,47,47,47,47,47,47,47,47,47,47,47,47,47,47,47,47,47,47,47,47,47,47,47,47,47,47,790,795,785,790,790,785,790,785,785,790,790,790,795,795,795,795,795,795,790,790,790,790,785,790,790,790,795,795,795,795,795,790,795,790,785,790,795,790,795,795,795,795,795,795,795,795,795,790,795,790,790,790,795,795,795,790,795,790,780,790,785,795,785,790
31.5,22,23,21,22,22,21,22,21,22,22,22,22,23,23,23,24,23,23,22,22,22,22,21,22,22,22,23,23,23,23,23,22,23,22,21,22,23,23,23,23,23,23,23,23,23,23,23,22,23,22,22,22,23,23,23,22,23,22,20,22,21,23,21,23,47,47,47,47,47,47,47,47,47,47,47,47,47,47,47,47,47,47,47,47,47,47,47,47,47,47,47,47,47,47,47,47,47,47,47,47,47,47,47,47,47,47,47,47,47,47,47,47,47,47,47,47,47,47,47,47,47,47,47,47,47,47,47,47,790,795,785,790,790,785,790,785,790,790,790,790,795,795,795,800,795,795,790,790,790,790,785,790,790,790,795,795,795,795,795,790,795,790,785,790,795,795,795,795,795,795,795,795,795,795,795,790,795,790,790,790,795,795,795,790,795,790,780,790,785,795,785,795
32,22,23,21,22,22,22,22,21,22,23,22,22,23,23,23,24,23,23,22,22,23,22,21,22,22,22,23,23,23,23,23,22,23,22,22,23,23,23,24,23,23,23,23,23,23,23,23,22,23,22,22,22,23,23,23,22,23,22,21,22,22,23,21,23,47,47,47,47,47,47,47,47,47,47,47,47,47,47,47,47,47,47,47,47,47,47,47,47,47,47,47,47,47,47,47,47,47,47,47,47,47,47,47,47,47,47,47,47,47,47,47,47,47,47,47,47,47,47,47,47,47,47,47,47,47,47,47,47,790,795,785,790,790,790,790,785,790,795,790,790,795,795,795,800,795,795,790,790,795,790,785,790,790,790,795,795,795,795,795,790,795,790,790,795,795,795,800,795,795,795,795,795,795,795,795,790,795,790,790,790,795,795,795,790,795,790,785,790,790,795,785,795
32.5,22,23,22,23,22,22,22,21,22,23,22,22,23,23,23,24,23,23,23,22,23,22,21,22,22,22,23,23,23,23,23,22,23,22,22,23,23,23,24,23,23,23,23,23,23,23,23,22,23,22,22,22,23,23,23,22,23,22,21,22,22,23,21,23,47,47,47,47,47,47,47,47,47,47,47,47,47,47,47,47,47,47,47,47,47,47,47,47,47,47,47,47,47,47,47,47,47,47,47,47,47,47,47,47,47,47,47,47,47,47,47,47,47,47,47,47,47,47,47,47,47,47,47,47,47,47,47,47,790,795,790,795,790,790,790,785,790,795,790,790,795,795,795,800,795,795,795,790,795,790,785,790,790,790,795,795,795,795,795,790,795,790,790,795,795,795,800,795,795,795,795,795,795,795,795,790,795,790,790,790,795,795,795,790,795,790,785,790,790,795,785,795
33,22,23,22,23,22,22,22,21,22,23,22,22,23,23,23,24,23,23,23,22,23,22,21,22,22,22,23,23,23,23,23,23,23,22,22,23,23,23,24,23,23,23,23,23,23,23,23,22,23,22,22,23,23,23,23,23,23,22,21,22,22,23,21,23,47,47,47,47,47,47,47,47,47,47,47,47,47,47,47,47,47,47,47,47,47,47,47,47,47,47,47,47,47,47,47,47,47,47,47,47,47,47,47,47,47,47,47,47,47,47,47,47,47,47,47,47,47,47,47,47,47,47,47,47,47,47,47,47,790,795,790,795,790,790,790,785,790,795,790,790,795,795,795,800,795,795,795,790,795,790,785,790,790,790,795,795,795,795,795,795,795,790,790,795,795,795,800,795,795,795,795,795,795,795,795,790,795,790,790,795,795,795,795,795,795,790,785,790,790,795,785,795
33.5,22,23,22,23,22,22,22,21,22,23,22,22,23,23,23,24,24,24,23,22,23,22,21,22,22,22,23,23,23,23,23,23,23,22,22,23,23,23,24,23,23,23,23,23,23,23,23,22,23,22,23,23,23,23,23,23,23,22,21,22,22,23,22,23,47,47,47,47,47,47,47,47,47,47,47,47,47,47,47,47,47,47,47,47,47,47,47,47,47,47,47,47,47,47,47,47,47,47,47,47,47,47,47,47,47,47,47,47,47,47,47,47,47,47,47,47,47,47,47,47,47,47,47,47,47,47,47,47,790,795,790,795,790,790,790,785,790,795,790,790,795,795,795,800,800,800,795,790,795,790,785,790,790,790,795,795,795,795,795,795,795,790,790,795,795,795,800,795,795,795,795,795,795,795,795,790,795,790,795,795,795,795,795,795,795,790,785,790,790,795,790,795
34,22,23,22,23,22,22,23,22,22,23,22,22,23,23,23,24,24,24,23,22,23,22,22,23,23,22,23,23,23,23,23,23,23,22,22,23,23,23,24,24,23,24,23,23,24,24,23,22,23,23,23,23,23,23,23,23,23,22,21,22,22,23,22,23,47,47,47,47,47,47,47,47,47,47,47,47,47,47,47,47,47,47,47,47,47,47,47,47,47,47,47,47,47,47,47,47,47,47,47,47,47,47,47,47,47,47,47,47,47,47,47,47,47,47,47,47,47,47,47,47,47,47,47,47,47,47,47,47,790,795,790,795,790,790,795,790,790,795,790,790,795,795,795,800,800,800,795,790,795,790,790,795,795,790,795,795,795,795,795,795,795,790,790,795,795,795,800,800,795,800,795,795,800,800,795,790,795,795,795,795,795,795,795,795,795,790,785,790,790,795,790,795
34.5,22,23,22,23,22,22,23,22,22,23,22,22,23,24,23,24,24,24,23,23,23,22,22,23,23,22,23,23,23,23,23,23,23,22,22,23,24,23,24,24,23,24,23,23,24,24,23,22,23,23,23,23,23,23,23,23,23,23,21,22,22,23,22,23,47,47,47,47,47,47,47,47,47,47,47,47,47,47,47,47,47,47,47,47,47,47,47,47,47,47,47,47,47,47,47,47,47,47,47,47,47,47,47,47,47,47,47,47,47,47,47,47,47,47,47,47,47,47,47,47,47,47,47,47,47,47,47,47,790,795,790,795,790,790,795,790,790,795,790,790,795,800,795,800,800,800,795,795,795,790,790,795,795,790,795,795,795,795,795,795,795,790,790,795,800,795,800,800,795,800,795,795,800,800,795,790,795,795,795,795,795,795,795,795,795,795,785,790,790,795,790,795
35,22,23,22,23,22,22,23,22,22,23,22,22,23,24,23,24,24,24,23,23,23,22,22,23,23,22,23,23,23,23,23,23,23,22,22,23,24,23,23,24,23,24,23,23,24,24,23,22,23,23,23,23,23,23,23,23,23,23,21,22,22,23,22,23,47,47,47,47,47,47,47,47,47,47,47,47,47,47,47,47,47,47,47,47,47,47,47,47,47,47,47,47,47,47,47,47,47,47,47,47,47,47,47,47,47,47,47,47,47,47,47,47,47,47,47,47,47,47,47,47,47,47,47,47,47,47,47,47,790,795,790,795,790,790,795,790,790,795,790,790,795,800,795,800,800,800,795,795,795,790,790,795,795,790,795,795,795,795,795,795,795,790,790,795,800,795,795,800,795,800,795,795,800,800,795,790,795,795,795,795,795,795,795,795,795,795,785,790,790,795,790,795
35.5,23,23,22,23,22,22,23,22,22,23,23,23,23,24,23,24,24,24,23,23,23,22,22,23,23,22,23,23,23,23,23,23,24,22,22,23,24,23,23,24,23,24,23,23,24,24,23,22,23,23,23,23,23,23,23,23,23,23,21,22,22,23,22,23,47,47,47,47,47,47,47,47,47,47,47,47,47,47,47,47,47,47,47,47,47,47,47,47,47,47,47,47,47,47,47,47,47,47,47,47,47,47,47,47,47,47,47,47,47,47,47,47,47,47,47,47,47,47,47,47,47,47,47,47,47,47,47,47,795,795,790,795,790,790,795,790,790,795,795,795,795,800,795,800,800,800,795,795,795,790,790,795,795,790,795,795,795,795,795,795,800,790,790,795,800,795,795,800,795,800,795,795,800,800,795,790,795,795,795,795,795,795,795,795,795,795,785,790,790,795,790,795
36,23,23,22,23,22,22,23,22,22,23,23,23,23,24,23,24,24,24,23,23,23,23,22,23,23,23,23,23,23,24,23,23,24,22,22,23,24,23,23,24,24,24,23,23,24,24,23,22,23,23,23,23,24,23,24,23,24,23,21,22,22,23,22,23,47,47,47,47,47,47,47,47,47,47,47,47,47,47,47,47,47,47,47,47,47,47,47,47,47,47,47,47,47,47,47,47,47,47,47,47,47,47,47,47,47,47,47,47,47,47,47,47,47,47,47,47,47,47,47,47,47,47,47,47,47,47,47,47,795,795,790,795,790,790,795,790,790,795,795,795,795,800,795,800,800,800,795,795,795,795,790,795,795,795,795,795,795,800,795,795,800,790,790,795,800,795,795,800,800,800,795,795,800,800,795,790,795,795,795,795,800,795,800,795,800,795,785,790,790,795,790,795
36.5,23,23,22,23,23,22,23,22,22,23,23,23,24,24,23,24,24,24,23,23,23,23,22,23,23,23,23,23,23,24,23,23,24,23,22,23,24,23,23,24,24,24,23,24,24,24,23,23,23,23,23,23,24,23,24,23,24,23,22,23,22,24,22,23,47,47,47,47,47,47,47,47,47,47,47,47,47,47,47,47,47,47,47,47,47,47,47,47,47,47,47,47,47,47,47,47,47,47,47,47,47,47,47,47,47,47,47,47,47,47,47,47,47,47,47,47,47,47,47,47,47,47,47,47,47,47,47,47,795,795,790,795,795,790,795,790,790,795,795,795,800,800,795,800,800,800,795,795,795,795,790,795,795,795,795,795,795,800,795,795,800,795,790,795,800,795,795,800,800,800,795,800,800,800,795,795,795,795,795,795,800,795,800,795,800,795,790,795,790,800,790,795
37,23,23,22,23,23,22,23,22,22,23,23,23,24,24,23,24,24,23,23,23,23,23,22,23,23,23,23,23,23,24,23,23,24,23,22,23,24,23,23,24,24,24,23,24,23,23,23,23,23,23,23,23,24,23,24,23,24,23,22,23,22,24,22,23,47,47,47,47,47,47,47,47,47,47,47,47,47,47,47,47,47,47,47,47,47,47,47,47,47,47,47,47,47,47,47,47,47,47,47,47,47,47,47,47,47,47,47,47,47,47,47,47,47,47,47,47,47,47,47,47,47,47,47,47,47,47,47,47,795,795,790,795,795,790,795,790,790,795,795,795,800,800,795,800,800,795,795,795,795,795,790,795,795,795,795,795,795,800,795,795,800,795,790,795,800,795,795,800,800,800,795,800,795,795,795,795,795,795,795,795,800,795,800,795,800,795,790,795,790,800,790,795
37.5,23,23,22,23,23,22,23,22,22,23,23,23,24,24,23,24,24,23,23,23,23,23,22,23,23,23,23,23,23,24,23,23,24,23,22,23,24,23,23,24,24,24,23,24,23,23,24,23,23,23,23,23,24,23,24,23,24,23,22,23,22,24,22,23,47,47,47,47,47,47,47,47,47,47,47,47,47,47,47,47,47,47,47,47,47,47,47,47,47,47,47,47,47,47,47,47,47,47,47,47,47,47,47,47,47,47,47,47,47,47,47,47,47,47,47,47,47,47,47,47,47,47,47,47,47,47,47,47,795,795,790,795,795,790,795,790,790,795,795,795,800,800,795,800,800,795,795,795,795,795,790,795,795,795,795,795,795,800,795,795,800,795,790,795,800,795,795,800,800,800,795,800,795,795,800,795,795,795,795,795,800,795,800,795,800,795,790,795,790,800,790,795
38,23,23,22,23,23,22,23,22,23,23,23,23,24,24,23,24,24,23,23,23,23,23,22,23,23,23,23,23,24,24,23,23,24,23,22,23,24,23,23,24,24,24,23,24,23,23,24,23,23,23,23,23,24,23,24,23,24,23,22,23,23,24,22,23,47,47,47,47,47,47,47,47,47,47,47,47,47,47,47,47,47,47,47,47,47,47,47,47,47,47,47,47,47,47,47,47,47,47,47,47,47,47,47,47,47,47,47,47,47,47,47,47,47,47,47,47,47,47,47,47,47,47,47,47,47,47,47,47,795,795,790,795,795,790,795,790,795,795,795,795,800,800,795,800,800,795,795,795,795,795,790,795,795,795,795,795,800,800,795,795,800,795,790,795,800,795,795,800,800,800,795,800,795,795,800,795,795,795,795,795,800,795,800,795,800,795,790,795,795,800,790,795
38.5,23,23,23,23,23,23,23,22,23,23,23,23,24,24,23,24,24,23,23,23,23,23,22,23,23,23,23,23,24,24,23,23,24,23,23,23,24,23,23,24,24,24,23,24,23,23,24,23,23,23,23,23,24,23,24,23,24,23,22,23,23,24,22,23,47,47,47,47,47,47,47,47,47,47,47,47,47,47,47,47,47,47,47,47,47,47,47,47,47,47,47,47,47,47,47,47,47,47,47,47,47,47,47,47,47,47,47,47,47,47,47,47,47,47,47,47,47,47,47,47,47,47,47,47,47,47,47,47,795,795,795,795,795,795,795,790,795,795,795,795,800,800,795,800,800,795,795,795,795,795,790,795,795,795,795,795,800,800,795,795,800,795,795,795,800,795,795,800,800,800,795,800,795,795,800,795,795,795,795,795,800,795,800,795,800,795,790,795,795,800,790,795
39,23,23,23,23,23,23,23,22,23,23,23,23,24,24,23,25,24,23,23,23,24,23,22,23,23,23,23,23,24,24,23,23,24,23,23,24,24,23,23,24,23,24,23,24,24,24,24,23,23,23,23,23,24,23,23,23,23,23,22,23,23,24,22,23,47,47,47,47,47,47,47,47,47,47,47,47,47,47,47,47,47,47,47,47,47,47,47,47,47,47,47,47,47,47,47,47,47,47,47,47,47,47,47,47,47,47,47,47,47,47,47,47,47,47,47,47,47,47,47,47,47,47,47,47,47,47,47,47,795,795,795,795,795,795,795,790,795,795,795,795,800,800,795,805,800,795,795,795,800,795,790,795,795,795,795,795,800,800,795,795,800,795,795,800,800,795,795,800,795,800,795,800,800,800,800,795,795,795,795,795,800,795,795,795,795,795,790,795,795,800,790,795
39.5,23,23,23,23,23,23,23,22,23,23,23,23,23,24,23,24,24,23,23,23,24,23,22,23,23,23,23,23,24,24,23,23,24,23,23,24,24,23,23,24,23,24,23,24,24,24,24,23,23,23,23,23,23,23,23,23,23,23,22,23,23,24,22,23,47,47,47,47,47,47,47,47,47,47,47,47,47,47,47,47,47,47,47,47,47,47,47,47,47,47,47,47,47,47,47,47,47,47,47,47,47,47,47,47,47,47,47,47,47,47,47,47,47,47,47,47,47,47,47,47,47,47,47,47,47,47,47,47,795,795,795,795,795,795,795,790,795,795,795,795,795,800,795,800,800,795,795,795,800,795,790,795,795,795,795,795,800,800,795,795,800,795,795,800,800,795,795,800,795,800,795,800,800,800,800,795,795,795,795,795,795,795,795,795,795,795,790,795,795,800,790,795
40,23,23,23,23,23,23,23,23,23,23,23,23,23,24,23,24,24,23,23,23,24,23,23,23,23,23,23,23,24,24,23,23,24,23,23,24,24,23,23,24,23,24,23,24,24,24,24,23,23,23,23,24,23,23,23,24,23,23,22,23,23,23,23,23,47,47,47,47,47,47,47,47,47,47,47,47,47,47,47,47,47,47,47,47,47,47,47,47,47,47,47,47,47,47,47,47,47,47,47,47,47,47,47,47,47,47,47,47,47,47,47,47,47,47,47,47,47,47,47,47,47,47,47,47,47,47,47,47,795,795,795,795,795,795,795,795,795,795,795,795,795,800,795,800,800,795,795,795,800,795,795,795,795,795,795,795,800,800,795,795,800,795,795,800,800,795,795,800,795,800,795,800,800,800,800,795,795,795,795,800,795,795,795,800,795,795,790,795,795,795,795,795
40.5,23,24,23,23,23,23,23,23,23,23,23,23,23,24,23,24,24,23,23,23,24,23,23,23,23,23,23,23,24,24,24,23,24,23,23,24,24,23,23,24,23,24,23,24,24,24,24,23,23,23,23,24,23,23,23,24,23,23,22,23,23,23,23,23,47,47,47,47,47,47,47,47,47,47,47,47,47,47,47,47,47,47,47,47,47,47,47,47,47,47,47,47,47,47,47,47,47,47,47,47,47,47,47,47,47,47,47,47,47,47,47,47,47,47,47,47,47,47,47,47,47,47,47,47,47,47,47,47,795,800,795,795,795,795,795,795,795,795,795,795,795,800,795,800,800,795,795,795,800,795,795,795,795,795,795,795,800,800,800,795,800,795,795,800,800,795,795,800,795,800,795,800,800,800,800,795,795,795,795,800,795,795,795,800,795,795,790,795,795,795,795,795
41,23,24,23,23,23,23,23,23,23,23,23,23,23,24,23,24,25,23,23,23,24,23,23,23,23,23,23,23,24,24,24,23,24,23,23,24,23,23,23,24,24,24,23,24,24,24,24,23,23,23,23,24,23,23,24,24,24,23,22,23,23,23,23,23,47,47,47,47,47,47,47,47,47,47,47,47,47,47,47,47,47,47,47,47,47,47,47,47,47,47,47,47,47,47,47,47,47,47,47,47,47,47,47,47,47,47,47,47,47,47,47,47,47,47,47,47,47,47,47,47,47,47,47,47,47,47,47,47,795,800,795,795,795,795,795,795,795,795,795,795,795,800,795,800,805,795,795,795,800,795,795,795,795,795,795,795,800,800,800,795,800,795,795,800,795,795,795,800,800,800,795,800,800,800,800,795,795,795,795,800,795,795,800,800,800,795,790,795,795,795,795,795
41.5,23,24,23,23,23,23,23,23,23,23,23,23,23,24,23,24,24,23,23,23,24,23,23,23,23,23,23,23,24,24,24,23,24,23,23,24,23,23,23,24,24,24,23,24,24,24,24,23,23,23,23,24,23,23,24,24,24,23,22,23,23,23,23,23,47,47,47,47,47,47,47,47,47,47,47,47,47,47,47,47,47,47,47,47,47,47,47,47,47,47,47,47,47,47,47,47,47,47,47,47,47,47,47,47,47,47,47,47,47,47,47,47,47,47,47,47,47,47,47,47,47,47,47,47,47,47,47,47,795,800,795,795,795,795,795,795,795,795,795,795,795,800,795,800,800,795,795,795,800,795,795,795,795,795,795,795,800,800,800,795,800,795,795,800,795,795,795,800,800,800,795,800,800,800,800,795,795,795,795,800,795,795,800,800,800,795,790,795,795,795,795,795
42,23,24,23,23,23,23,23,23,23,23,23,23,23,25,23,24,24,24,23,23,24,23,23,23,23,23,23,23,24,24,24,23,24,23,23,24,23,23,23,24,24,24,23,24,24,24,24,23,23,23,23,24,23,23,24,24,24,23,22,23,23,23,23,23,47,47,47,47,47,47,47,47,47,47,47,47,47,47,47,47,47,47,47,47,47,47,47,47,47,47,47,47,47,47,47,47,47,47,47,47,47,47,47,47,47,47,47,47,47,47,47,47,47,47,47,47,47,47,47,47,47,47,47,47,47,47,47,47,795,800,795,795,795,795,795,795,795,795,795,795,795,805,795,800,800,800,795,795,800,795,795,795,795,795,795,795,800,800,800,795,800,795,795,800,795,795,795,800,800,800,795,800,800,800,800,795,795,795,795,800,795,795,800,800,800,795,790,795,795,795,795,795
42.5,23,24,23,23,23,23,23,23,23,23,23,23,23,24,24,24,24,24,23,23,23,23,23,23,23,23,23,24,24,23,24,23,24,23,23,24,23,23,23,24,24,24,24,23,24,24,24,23,23,23,23,24,23,24,23,24,23,23,23,23,23,23,23,23,47,47,47,47,47,47,47,47,47,47,47,47,47,47,47,47,47,47,47,47,47,47,47,47,47,47,47,47,47,47,47,47,47,47,47,47,47,47,47,47,47,47,47,47,47,47,47,47,47,47,47,47,47,47,47,47,47,47,47,47,47,47,47,47,795,800,795,795,795,795,795,795,795,795,795,795,795,800,800,800,800,800,795,795,795,795,795,795,795,795,795,800,800,795,800,795,800,795,795,800,795,795,795,800,800,800,800,795,800,800,800,795,795,795,795,800,795,800,795,800,795,795,795,795,795,795,795,795
43,23,24,23,23,23,23,23,23,23,23,23,23,23,24,24,24,24,24,23,23,23,24,23,23,23,23,23,24,24,23,23,23,24,23,23,24,23,23,23,24,24,24,24,23,24,24,24,24,23,23,23,24,23,24,23,24,23,23,23,24,23,23,23,24,47,47,47,47,47,47,47,47,47,47,47,47,47,47,47,47,47,47,47,47,47,47,47,47,47,47,47,47,47,47,47,47,47,47,47,47,47,47,47,47,47,47,47,47,47,47,47,47,47,47,47,47,47,47,47,47,47,47,47,47,47,47,47,47,795,800,795,795,795,795,795,795,795,795,795,795,795,800,800,800,800,800,795,795,795,800,795,795,795,795,795,800,800,795,795,795,800,795,795,800,795,795,795,800,800,800,800,795,800,800,800,800,795,795,795,800,795,800,795,800,795,795,795,800,795,795,795,800
43.5,23,24,23,23,23,23,23,23,23,23,23,23,23,24,24,24,24,24,23,23,23,24,23,23,23,23,23,24,24,23,23,23,24,23,23,24,23,23,23,24,24,24,24,23,24,24,24,24,23,23,23,24,23,24,23,24,23,23,23,24,23,23,23,24,47,47,47,47,47,47,47,47,47,47,47,47,47,47,47,47,47,47,47,47,47,47,47,47,47,47,47,47,47,47,47,47,47,47,47,47,47,47,47,47,47,47,47,47,47,47,47,47,47,47,47,47,47,47,47,47,47,47,47,47,47,47,47,47,795,800,795,795,795,795,795,795,795,795,795,795,795,800,800,800,800,800,795,795,795,800,795,795,795,795,795,800,800,795,795,795,800,795,795,800,795,795,795,800,800,800,800,795,800,800,800,800,795,795,795,800,795,800,795,800,795,795,795,800,795,795,795,800
44,23,24,23,24,23,23,23,23,23,23,23,23,23,24,24,24,24,24,24,23,24,24,23,23,23,23,23,24,24,23,23,23,24,23,23,24,23,23,23,24,24,24,24,23,24,24,24,24,23,23,23,24,23,24,23,24,23,23,23,24,23,23,23,24,47,47,47,47,47,47,47,47,47,47,47,47,47,47,47,47,47,47,47,47,47,47,47,47,47,47,47,47,47,47,47,47,47,47,47,47,47,47,47,47,47,47,47,47,47,47,47,47,47,47,47,47,47,47,47,47,47,47,47,47,47,47,47,47,795,800,795,800,795,795,795,795,795,795,795,795,795,800,800,800,800,800,800,795,800,800,795,795,795,795,795,800,800,795,795,795,800,795,795,800,795,795,795,800,800,800,800,795,800,800,800,800,795,795,795,800,795,800,795,800,795,795,795,800,795,795,795,800
44.5,23,24,23,24,23,23,23,23,23,23,23,23,23,24,24,24,24,23,24,23,24,24,23,23,23,23,23,24,23,23,23,23,24,23,23,24,23,23,23,24,24,24,24,23,23,23,24,24,23,23,23,24,23,24,23,24,23,23,23,24,23,23,23,24,47,47,47,47,47,47,47,47,47,47,47,47,47,47,47,47,47,47,47,47,47,47,47,47,47,47,47,47,47,47,47,47,47,47,47,47,47,47,47,47,47,47,47,47,47,47,47,47,47,47,47,47,47,47,47,47,47,47,47,47,47,47,47,47,795,800,795,800,795,795,795,795,795,795,795,795,795,800,800,800,800,795,800,795,800,800,795,795,795,795,795,800,795,795,795,795,800,795,795,800,795,795,795,800,800,800,800,795,795,795,800,800,795,795,795,800,795,800,795,800,795,795,795,800,795,795,795,800
45,23,24,23,24,23,23,23,23,23,23,23,23,23,24,23,24,24,23,24,23,24,24,23,23,23,23,23,23,23,23,24,23,24,23,23,24,23,23,23,24,24,24,24,23,23,23,24,24,23,23,24,24,23,24,23,24,23,23,23,24,24,23,23,24,47,47,47,47,47,47,47,47,47,47,47,47,47,47,47,47,47,47,47,47,47,47,47,47,47,47,47,47,47,47,47,47,47,47,47,47,47,47,47,47,47,47,47,47,47,47,47,47,47,47,47,47,47,47,47,47,47,47,47,47,47,47,47,47,795,800,795,800,795,795,795,795,795,795,795,795,795,800,795,800,800,795,800,795,800,800,795,795,795,795,795,795,795,795,800,795,800,795,795,800,795,795,795,800,800,800,800,795,795,795,800,800,795,795,800,800,795,800,795,800,795,795,795,800,800,795,795,800
45.5,23,24,23,24,23,23,24,23,23,23,23,23,23,24,23,24,24,23,24,23,24,24,23,24,24,23,23,23,23,23,24,23,23,23,23,24,23,23,23,24,24,24,24,23,23,23,24,24,23,24,24,24,23,23,23,24,23,23,23,24,24,23,23,24,47,47,47,47,47,47,47,47,47,47,47,47,47,47,47,47,47,47,47,47,47,47,47,47,47,47,47,47,47,47,47,47,47,47,47,47,47,47,47,47,47,47,47,47,47,47,47,47,47,47,47,47,47,47,47,47,47,47,47,47,47,47,47,47,795,800,795,800,795,795,800,795,795,795,795,795,795,800,795,800,800,795,800,795,800,800,795,800,800,795,795,795,795,795,800,795,795,795,795,800,795,795,795,800,800,800,800,795,795,795,800,800,795,800,800,800,795,795,795,800,795,795,795,800,800,795,795,800
46,23,24,23,24,23,23,24,23,23,23,23,23,23,24,23,24,24,23,24,24,23,24,23,24,24,23,23,23,23,23,24,23,23,23,23,24,23,23,23,24,24,24,24,23,23,23,24,24,23,24,24,24,23,23,23,24,23,24,23,24,24,23,23,24,47,47,47,47,47,47,47,47,47,47,47,47,47,47,47,47,47,47,47,47,47,47,47,47,47,47,47,47,47,47,47,47,47,47,47,47,47,47,47,47,47,47,47,47,47,47,47,47,47,47,47,47,47,47,47,47,47,47,47,47,47,47,47,47,795,800,795,800,795,795,800,795,795,795,795,795,795,800,795,800,800,795,800,800,795,800,795,800,800,795,795,795,795,795,800,795,795,795,795,800,795,795,795,800,800,800,800,795,795,795,800,800,795,800,800,800,795,795,795,800,795,800,795,800,800,795,795,800
46.5,23,24,23,23,23,23,24,23,23,23,23,23,23,24,23,24,24,24,23,24,23,24,23,24,24,23,23,23,23,23,24,23,23,23,23,25,23,23,23,24,24,24,24,23,23,23,24,23,23,24,24,24,23,23,23,24,23,24,23,24,24,23,24,24,47,47,47,47,47,47,47,47,47,47,47,47,47,47,47,47,47,47,47,47,47,47,47,47,47,47,47,47,47,47,47,47,47,47,47,47,47,47,47,47,47,47,47,47,47,47,47,47,47,47,47,47,47,47,47,47,47,47,47,47,47,47,47,47,795,800,795,795,795,795,800,795,795,795,795,795,795,800,795,800,800,800,795,800,795,800,795,800,800,795,795,795,795,795,800,795,795,795,795,805,795,795,795,800,800,800,800,795,795,795,800,795,795,800,800,800,795,795,795,800,795,800,795,800,800,795,800,800
47,23,24,23,23,23,23,24,24,23,23,23,23,23,24,23,24,24,24,23,24,23,24,23,24,24,23,23,23,23,23,24,23,23,23,23,24,23,23,23,24,24,24,24,23,23,23,24,23,23,24,24,24,23,23,23,24,23,24,23,24,24,23,24,24,47,47,47,47,47,47,47,47,47,47,47,47,47,47,47,47,47,47,47,47,47,47,47,47,47,47,47,47,47,47,47,47,47,47,47,47,47,47,47,47,47,47,47,47,47,47,47,47,47,47,47,47,47,47,47,47,47,47,47,47,47,47,47,47,795,800,795,795,795,795,800,800,795,795,795,795,795,800,795,800,800,800,795,800,795,800,795,800,800,795,795,795,795,795,800,795,795,795,795,800,795,795,795,800,800,800,800,795,795,795,800,795,795,800,800,800,795,795,795,800,795,800,795,800,800,795,800,800
47.5,23,25,23,23,23,23,24,24,23,23,23,23,23,24,23,24,24,24,23,24,23,24,23,24,24,23,23,23,23,23,24,23,23,23,23,24,23,23,23,24,24,24,24,23,23,23,24,23,23,24,24,25,23,23,23,24,23,24,23,24,24,23,24,24,47,47,47,47,47,47,47,47,47,47,47,47,47,47,47,47,47,47,47,47,47,47,47,47,47,47,47,47,47,47,47,47,47,47,47,47,47,47,47,47,47,47,47,47,47,47,47,47,47,47,47,47,47,47,47,47,47,47,47,47,47,47,47,47,795,805,795,795,795,795,800,800,795,795,795,795,795,800,795,800,800,800,795,800,795,800,795,800,800,795,795,795,795,795,800,795,795,795,795,800,795,795,795,800,800,800,800,795,795,795,800,795,795,800,800,805,795,795,795,800,795,800,795,800,800,795,800,800
48,23,24,23,23,23,23,23,24,23,23,23,23,23,24,23,24,24,24,23,24,24,24,23,24,24,23,23,23,23,23,24,23,23,23,23,24,23,23,23,24,24,24,24,23,23,23,24,23,23,24,24,24,23,23,23,24,23,24,23,24,24,23,24,24,47,47,47,47,47,47,47,47,47,47,47,47,47,47,47,47,47,47,47,47,47,47,47,47,47,47,47,47,47,47,47,47,47,47,47,47,47,47,47,47,47,47,47,47,47,47,47,47,47,47,47,47,47,47,47,47,47,47,47,47,47,47,47,47,795,800,795,795,795,795,795,800,795,795,795,795,795,800,795,800,800,800,795,800,800,800,795,800,800,795,795,795,795,795,800,795,795,795,795,800,795,795,795,800,800,800,800,795,795,795,800,795,795,800,800,800,795,795,795,800,795,800,795,800,800,795,800,800
48.5,23,24,23,24,23,23,23,24,23,23,23,23,23,24,23,24,24,24,24,23,24,24,23,24,24,23,23,23,23,23,24,23,23,23,23,24,23,23,24,24,24,24,24,23,23,23,24,23,23,24,24,24,24,23,23,24,24,24,23,24,24,23,24,24,47,47,47,47,47,47,47,47,47,47,47,47,47,47,47,47,47,47,47,47,47,47,47,47,47,47,47,47,47,47,47,47,47,47,47,47,47,47,47,47,47,47,47,47,47,47,47,47,47,47,47,47,47,47,47,47,47,47,47,47,47,47,47,47,795,800,795,800,795,795,795,800,795,795,795,795,795,800,795,800,800,800,800,795,800,800,795,800,800,795,795,795,795,795,800,795,795,795,795,800,795,795,800,800,800,800,800,795,795,795,800,795,795,800,800,800,800,795,795,800,800,800,795,800,800,795,800,800
49,23,24,23,24,23,23,23,24,23,23,23,23,23,24,23,24,24,24,24,23,24,24,23,24,24,23,23,23,23,23,24,23,24,23,23,24,23,23,24,24,24,24,24,23,23,23,24,23,23,24,24,24,24,23,23,24,24,23,23,24,24,23,24,23,47,47,47,47,47,47,47,47,47,47,47,47,47,47,47,47,47,47,47,47,47,47,47,47,47,47,47,47,47,47,47,47,47,47,47,47,47,47,47,47,47,47,47,47,47,47,47,47,47,47,47,47,47,47,47,47,47,47,47,47,47,47,47,47,795,800,795,800,795,795,795,800,795,795,795,795,795,800,795,800,800,800,800,795,800,800,795,800,800,795,795,795,795,795,800,795,800,795,795,800,795,795,800,800,800,800,800,795,795,795,800,795,795,800,800,800,800,795,795,800,800,795,795,800,800,795,800,795
49.5,23,24,23,24,23,23,23,24,23,23,23,23,23,24,23,24,24,24,24,23,24,24,23,24,24,23,23,23,23,23,24,23,24,23,23,24,23,23,24,25,24,24,24,23,23,23,24,23,24,24,24,24,24,23,23,24,24,23,23,23,24,23,24,23,47,47,47,47,47,47,47,47,47,47,47,47,47,47,47,47,47,47,47,47,47,47,47,47,47,47,47,47,47,47,47,47,47,47,47,47,47,47,47,47,47,47,47,47,47,47,47,47,47,47,47,47,47,47,47,47,47,47,47,47,47,47,47,47,795,800,795,800,795,795,795,800,795,795,795,795,795,800,795,800,800,800,800,795,800,800,795,800,800,795,795,795,795,795,800,795,800,795,795,800,795,795,800,805,800,800,800,795,795,795,800,795,800,800,800,800,800,795,795,800,800,795,795,795,800,795,800,795
50,23,24,24,24,23,23,24,23,23,23,23,23,23,24,23,24,24,24,23,23,23,24,23,24,24,23,23,23,23,23,24,23,24,23,24,24,23,23,24,24,24,24,24,23,23,23,24,23,24,24,24,24,24,23,23,24,24,23,23,23,24,23,23,23,47,47,47,47,47,47,47,47,47,47,47,47,47,47,47,47,47,47,47,47,47,47,47,47,47,47,47,47,47,47,47,47,47,47,47,47,47,47,47,47,47,47,47,47,47,47,47,47,47,47,47,47,47,47,47,47,47,47,47,47,47,47,47,47,795,800,800,800,795,795,800,795,795,795,795,795,795,800,795,800,800,800,795,795,795,800,795,800,800,795,795,795,795,795,800,795,800,795,800,800,795,795,800,800,800,800,800,795,795,795,800,795,800,800,800,800,800,795,795,800,800,795,795,795,800,795,795,795
50.5,23,24,24,24,23,23,24,23,23,23,23,23,23,24,24,24,24,24,23,23,23,25,23,24,24,23,23,24,23,23,24,23,23,23,24,24,23,23,24,24,24,24,24,23,24,24,24,23,24,24,24,24,24,24,23,24,24,23,23,23,24,23,23,23,47,47,47,47,47,47,47,47,47,47,47,47,47,47,47,47,47,47,47,47,47,47,47,47,47,47,47,47,47,47,47,47,47,47,47,47,47,47,47,47,47,47,47,47,47,47,47,47,47,47,47,47,47,47,47,47,47,47,47,47,47,47,47,47,795,800,800,800,795,795,800,795,795,795,795,795,795,800,800,800,800,800,795,795,795,805,795,800,800,795,795,800,795,795,800,795,795,795,800,800,795,795,800,800,800,800,800,795,800,800,800,795,800,800,800,800,800,800,795,800,800,795,795,795,800,795,795,795
51,23,24,24,24,23,23,24,23,23,23,23,24,23,24,24,24,24,24,23,23,23,24,23,24,23,23,23,24,23,23,24,23,23,23,24,24,23,24,24,24,24,24,24,23,24,24,24,23,24,24,24,24,24,24,23,24,23,23,23,23,24,23,23,23,47,47,47,47,47,47,47,47,47,47,47,47,47,47,47,47,47,47,47,47,47,47,47,47,47,47,47,47,47,47,47,47,47,47,47,47,47,47,47,47,47,47,47,47,47,47,47,47,47,47,47,47,47,47,47,47,47,47,47,47,47,47,47,47,795,800,800,800,795,795,800,795,795,795,795,800,795,800,800,800,800,800,795,795,795,800,795,800,795,795,795,800,795,795,800,795,795,795,800,800,795,800,800,800,800,800,800,795,800,800,800,795,800,800,800,800,800,800,795,800,795,795,795,795,800,795,795,795
51.5,23,24,24,24,23,23,23,23,23,23,23,24,23,24,24,24,24,24,23,23,23,24,23,24,23,23,23,24,23,23,24,23,23,23,24,24,23,24,24,24,24,24,24,23,24,24,24,23,24,23,24,24,24,24,23,24,23,23,23,23,23,23,23,23,47,47,47,47,47,47,47,47,47,47,47,47,47,47,47,47,47,47,47,47,47,47,47,47,47,47,47,47,47,47,47,47,47,47,47,47,47,47,47,47,47,47,47,47,47,47,47,47,47,47,47,47,47,47,47,47,47,47,47,47,47,47,47,47,795,800,800,800,795,795,795,795,795,795,795,800,795,800,800,800,800,800,795,795,795,800,795,800,795,795,795,800,795,795,800,795,795,795,800,800,795,800,800,800,800,800,800,795,800,800,800,795,800,795,800,800,800,800,795,800,795,795,795,795,795,795,795,795
52,23,24,24,24,24,23,23,24,23,23,23,24,23,24,24,24,24,24,23,23,23,24,23,25,23,23,23,24,23,23,24,23,23,23,24,24,23,24,24,24,24,23,24,23,24,24,24,23,23,23,24,24,24,24,23,24,23,23,23,23,23,23,23,23,47,47,47,47,47,47,47,47,47,47,47,47,47,47,47,47,47,47,47,47,47,47,47,47,47,47,47,47,47,47,47,47,47,47,47,47,47,47,47,47,47,47,47,47,47,47,47,47,47,47,47,47,47,47,47,47,47,47,47,47,47,47,47,47,795,800,800,800,800,795,795,800,795,795,795,800,795,800,800,800,800,800,795,795,795,800,795,805,795,795,795,800,795,795,800,795,795,795,800,800,795,800,800,800,800,795,800,795,800,800,800,795,795,795,800,800,800,800,795,800,795,795,795,795,795,795,795,795
52.5,23,24,24,24,24,23,23,24,23,23,23,24,23,23,24,24,24,24,24,23,23,24,23,24,23,23,23,24,23,24,24,24,23,23,24,24,23,24,24,24,24,23,24,24,24,24,24,23,23,23,24,24,24,24,23,24,23,23,23,24,23,23,23,23,47,47,47,47,47,47,47,47,47,47,47,47,47,47,47,47,47,47,47,47,47,47,47,47,47,47,47,47,47,47,47,47,47,47,47,47,47,47,47,47,47,47,47,47,47,47,47,47,47,47,47,47,47,47,47,47,47,47,47,47,47,47,47,47,795,800,800,800,800,795,795,800,795,795,795,800,795,795,800,800,800,800,800,795,795,800,795,800,795,795,795,800,795,800,800,800,795,795,800,800,795,800,800,800,800,795,800,800,800,800,800,795,795,795,800,800,800,800,795,800,795,795,795,800,795,795,795,795
53,23,24,24,24,24,23,23,24,23,23,23,24,23,23,23,24,24,24,24,23,23,24,23,24,23,23,23,24,23,24,24,24,24,23,24,24,23,24,24,24,24,23,24,24,23,23,24,23,23,23,24,24,24,23,23,24,24,23,23,24,23,23,23,23,47,47,47,47,47,47,47,47,47,47,47,47,47,47,47,47,47,47,47,47,47,47,47,47,47,47,47,47,47,47,47,47,47,47,47,47,47,47,47,47,47,47,47,47,47,47,47,47,47,47,47,47,47,47,47,47,47,47,47,47,47,47,47,47,795,800,800,800,800,795,795,800,795,795,795,800,795,795,795,800,800,800,800,795,795,800,795,800,795,795,795,800,795,800,800,800,800,795,800,800,795,800,800,800,800,795,800,800,795,795,800,795,795,795,800,800,800,795,795,800,800,795,795,800,795,795,795,795
53.5,23,24,24,24,24,23,23,24,23,23,23,23,23,23,23,24,24,24,24,23,23,24,23,24,23,23,23,24,23,24,24,24,24,23,24,24,23,24,24,24,24,23,24,24,23,23,24,23,23,23,24,24,24,23,23,24,24,23,23,24,23,23,23,23,47,47,47,47,47,47,47,47,47,47,47,47,47,47,47,47,47,47,47,47,47,47,47,47,47,47,47,47,47,47,47,47,47,47,47,47,47,47,47,47,47,47,47,47,47,47,47,47,47,47,47,47,47,47,47,47,47,47,47,47,47,47,47,47,795,800,800,800,800,795,795,800,795,795,795,795,795,795,795,800,800,800,800,795,795,800,795,800,795,795,795,800,795,800,800,800,800,795,800,800,795,800,800,800,800,795,800,800,795,795,800,795,795,795,800,800,800,795,795,800,800,795,795,800,795,795,795,795
54,23,24,24,23,24,23,24,24,23,23,23,23,23,23,23,24,24,24,23,24,23,24,23,24,24,23,23,24,23,24,24,24,24,23,24,24,23,24,24,24,24,23,24,24,23,23,24,23,24,23,24,24,24,23,23,24,24,24,23,24,23,23,23,23,47,47,47,47,47,47,47,47,47,47,47,47,47,47,47,47,47,47,47,47,47,47,47,47,47,47,47,47,47,47,47,47,47,47,47,47,47,47,47,47,47,47,47,47,47,47,47,47,47,47,47,47,47,47,47,47,47,47,47,47,47,47,47,47,795,800,800,795,800,795,800,800,795,795,795,795,795,795,795,800,800,800,795,800,795,800,795,800,800,795,795,800,795,800,800,800,800,795,800,800,795,800,800,800,800,795,800,800,795,795,800,795,800,795,800,800,800,795,795,800,800,800,795,800,795,795,795,795
54.5,23,24,24,23,23,23,24,24,23,23,23,23,23,23,23,24,24,24,23,24,23,24,23,24,24,23,24,24,23,24,24,24,23,23,24,24,23,24,23,24,24,23,24,24,23,23,24,23,24,24,24,24,24,23,23,24,23,24,23,24,24,23,23,23,47,47,47,47,47,47,47,47,47,47,47,47,47,47,47,47,47,47,47,47,47,47,47,47,47,47,47,47,47,47,47,47,47,47,47,47,47,47,47,47,47,47,47,47,47,47,47,47,47,47,47,47,47,47,47,47,47,47,47,47,47,47,47,47,795,800,800,795,795,795,800,800,795,795,795,795,795,795,795,800,800,800,795,800,795,800,795,800,800,795,800,800,795,800,800,800,795,795,800,800,795,800,795,800,800,795,800,800,795,795,800,795,800,800,800,800,800,795,795,800,795,800,795,800,800,795,795,795
55,24,24,24,23,23,23,24,24,23,23,23,23,23,23,23,24,24,24,23,24,23,24,23,24,24,23,24,24,23,24,24,23,23,23,24,24,24,24,23,24,24,23,24,23,24,24,24,23,24,24,24,24,24,23,23,24,23,24,23,24,24,23,23,24,47,47,47,47,47,47,47,47,47,47,47,47,47,47,47,47,47,47,47,47,47,47,47,47,47,47,47,47,47,47,47,47,47,47,47,47,47,47,47,47,47,47,47,47,47,47,47,47,47,47,47,47,47,47,47,47,47,47,47,47,47,47,47,47,800,800,800,795,795,795,800,800,795,795,795,795,795,795,795,800,800,800,795,800,795,800,795,800,800,795,800,800,795,800,800,795,795,795,800,800,800,800,795,800,800,795,800,795,800,800,800,795,800,800,800,800,800,795,795,800,795,800,795,800,800,795,795,800
55.5,24,24,24,23,23,23,23,24,23,24,23,24,23,23,23,24,23,23,23,24,24,24,24,24,24,23,24,24,23,24,24,23,23,23,24,24,24,24,23,24,24,24,24,23,24,24,24,23,24,24,24,24,25,23,23,24,23,24,23,24,24,23,23,24,47,47,47,47,47,47,47,47,47,47,47,47,47,47,47,47,47,47,47,47,47,47,47,47,47,47,47,47,47,47,47,47,47,47,47,47,47,47,47,47,47,47,47,47,47,47,47,47,47,47,47,47,47,47,47,47,47,47,47,47,47,47,47,47,800,800,800,795,795,795,795,800,795,800,795,800,795,795,795,800,795,795,795,800,800,800,800,800,800,795,800,800,795,800,800,795,795,795,800,800,800,800,795,800,800,800,800,795,800,800,800,795,800,800,800,800,805,795,795,800,795,800,795,800,800,795,795,800
56,24,24,23,23,23,23,23,24,23,24,23,24,23,23,23,24,23,23,23,24,24,24,24,24,24,23,24,24,23,24,24,23,23,24,24,24,24,24,23,24,24,24,24,23,24,24,24,24,23,24,24,24,24,23,23,24,23,24,23,24,24,23,23,24,47,47,47,47,47,47,47,47,47,47,47,47,47,47,47,47,47,47,47,47,47,47,47,47,47,47,47,47,47,47,47,47,47,47,47,47,47,47,47,47,47,47,47,47,47,47,47,47,47,47,47,47,47,47,47,47,47,47,47,47,47,47,47,47,800,800,795,795,795,795,795,800,795,800,795,800,795,795,795,800,795,795,795,800,800,800,800,800,800,795,800,800,795,800,800,795,795,800,800,800,800,800,795,800,800,800,800,795,800,800,800,800,795,800,800,800,800,795,795,800,795,800,795,800,800,795,795,800
56.5,24,24,23,23,24,23,23,24,23,24,23,24,23,23,23,24,23,23,24,23,24,24,24,24,24,23,24,24,23,24,24,23,23,24,24,24,24,24,23,24,24,24,24,23,23,23,24,24,23,24,24,24,24,23,23,24,23,23,23,24,24,23,23,24,47,47,47,47,47,47,47,47,47,47,47,47,47,47,47,47,47,47,47,47,47,47,47,47,47,47,47,47,47,47,47,47,47,47,47,47,47,47,47,47,47,47,47,47,47,47,47,47,47,47,47,47,47,47,47,47,47,47,47,47,47,47,47,47,800,800,795,795,800,795,795,800,795,800,795,800,795,795,795,800,795,795,800,795,800,800,800,800,800,795,800,800,795,800,800,795,795,800,800,800,800,800,795,800,800,800,800,795,795,795,800,800,795,800,800,800,800,795,795,800,795,795,795,800,800,795,795,800
57,24,24,23,24,24,23,23,24,23,24,23,24,23,23,23,24,23,23,24,23,24,23,24,24,24,23,23,24,23,24,24,23,24,24,24,24,24,23,23,24,24,24,24,24,23,23,24,24,23,24,24,24,24,23,23,24,24,23,23,24,24,23,23,24,47,47,47,47,47,47,47,47,47,47,47,47,47,47,47,47,47,47,47,47,47,47,47,47,47,47,47,47,47,47,47,47,47,47,47,47,47,47,47,47,47,47,47,47,47,47,47,47,47,47,47,47,47,47,47,47,47,47,47,47,47,47,47,47,800,800,795,800,800,795,795,800,795,800,795,800,795,795,795,800,795,795,800,795,800,795,800,800,800,795,795,800,795,800,800,795,800,800,800,800,800,795,795,800,800,800,800,800,795,795,800,800,795,800,800,800,800,795,795,800,800,795,795,800,800,795,795,800
57.5,24,24,23,24,24,23,23,23,24,24,23,24,23,23,23,24,23,23,24,23,24,23,24,24,24,23,23,24,23,24,24,23,24,24,24,24,24,23,23,24,24,24,24,24,23,23,24,24,23,24,24,24,24,23,23,24,24,23,23,23,24,24,23,23,47,47,47,47,47,47,47,47,47,47,47,47,47,47,47,47,47,47,47,47,47,47,47,47,47,47,47,47,47,47,47,47,47,47,47,47,47,47,47,47,47,47,47,47,47,47,47,47,47,47,47,47,47,47,47,47,47,47,47,47,47,47,47,47,800,800,795,800,800,795,795,795,800,800,795,800,795,795,795,800,795,795,800,795,800,795,800,800,800,795,795,800,795,800,800,795,800,800,800,800,800,795,795,800,800,800,800,800,795,795,800,800,795,800,800,800,800,795,795,800,800,795,795,795,800,800,795,795
58,24,24,23,23,23,23,24,23,24,23,23,24,23,23,23,24,23,23,24,23,23,23,23,24,24,23,23,24,23,24,24,23,24,24,24,24,24,23,23,24,24,24,24,24,23,23,24,24,24,24,24,24,24,23,23,24,24,23,23,23,24,24,23,23,47,47,47,47,47,47,47,47,47,47,47,47,47,47,47,47,47,47,47,47,47,47,47,47,47,47,47,47,47,47,47,47,47,47,47,47,47,47,47,47,47,47,47,47,47,47,47,47,47,47,47,47,47,47,47,47,47,47,47,47,47,47,47,47,800,800,795,795,795,795,800,795,800,795,795,800,795,795,795,800,795,795,800,795,795,795,795,800,800,795,795,800,795,800,800,795,800,800,800,800,800,795,795,800,800,800,800,800,795,795,800,800,800,800,800,800,800,795,795,800,800,795,795,795,800,800,795,795
58.5,24,24,23,23,23,23,24,23,24,23,23,24,23,23,23,24,23,23,24,23,23,23,23,24,24,23,23,24,23,24,24,23,23,23,24,24,24,23,23,24,24,24,24,23,23,23,24,24,24,24,24,24,24,23,23,24,23,23,23,23,24,24,23,23,47,47,47,47,47,47,47,47,47,47,47,47,47,47,47,47,47,47,47,47,47,47,47,47,47,47,47,47,47,47,47,47,47,47,47,47,47,47,47,47,47,47,47,47,47,47,47,47,47,47,47,47,47,47,47,47,47,47,47,47,47,47,47,47,800,800,795,795,795,795,800,795,800,795,795,800,795,795,795,800,795,795,800,795,795,795,795,800,800,795,795,800,795,800,800,795,795,795,800,800,800,795,795,800,800,800,800,795,795,795,800,800,800,800,800,800,800,795,795,800,795,795,795,795,800,800,795,795
59,24,24,23,23,23,23,24,23,24,23,23,24,23,23,23,24,23,23,24,23,23,23,23,24,23,23,24,24,23,24,24,23,23,23,24,24,24,23,23,24,24,24,24,23,23,23,24,24,24,24,24,24,24,23,23,24,23,23,23,23,24,24,23,23,47,47,47,47,47,47,47,47,47,47,47,47,47,47,47,47,47,47,47,47,47,47,47,47,47,47,47,47,47,47,47,47,47,47,47,47,47,47,47,47,47,47,47,47,47,47,47,47,47,47,47,47,47,47,47,47,47,47,47,47,47,47,47,47,800,800,795,795,795,795,800,795,800,795,795,800,795,795,795,800,795,795,800,795,795,795,795,800,795,795,800,800,795,800,800,795,795,795,800,800,800,795,795,800,800,800,800,795,795,795,800,800,800,800,800,800,800,795,795,800,795,795,795,795,800,800,795,795
59.5,24,24,23,23,23,23,24,23,24,23,23,24,23,23,23,24,23,23,24,23,23,23,23,24,23,24,24,24,23,25,24,23,23,23,24,24,24,24,23,24,24,24,24,23,23,23,24,24,24,23,24,24,24,23,23,24,23,23,23,23,23,24,23,24,47,47,47,47,47,47,47,47,47,47,47,47,47,47,47,47,47,47,47,47,47,47,47,47,47,47,47,47,47,47,47,47,47,47,47,47,47,47,47,47,47,47,47,47,47,47,47,47,47,47,47,47,47,47,47,47,47,47,47,47,47,47,47,47,800,800,795,795,795,795,800,795,800,795,795,800,795,795,795,800,795,795,800,795,795,795,795,800,795,800,800,800,795,805,800,795,795,795,800,800,800,800,795,800,800,800,800,795,795,795,800,800,800,795,800,800,800,795,795,800,795,795,795,795,795,800,795,800
60,24,24,23,23,23,23,24,24,23,23,23,24,23,23,23,24,23,23,24,23,24,23,24,24,23,24,24,23,23,24,24,23,23,23,24,24,24,24,23,24,24,24,24,23,23,23,24,24,24,23,24,24,24,23,23,24,23,23,23,23,23,24,23,24,47,47,47,47,47,47,47,47,47,47,47,47,47,47,47,47,47,47,47,47,47,47,47,47,47,47,47,47,47,47,47,47,47,47,47,47,47,47,47,47,47,47,47,47,47,47,47,47,47,47,47,47,47,47,47,47,47,47,47,47,47,47,47,47,800,800,795,795,795,795,800,800,795,795,795,800,795,795,795,800,795,795,800,795,800,795,800,800,795,800,800,795,795,800,800,795,795,795,800,800,800,800,795,800,800,800,800,795,795,795,800,800,800,795,800,800,800,795,795,800,795,795,795,795,795,800,795,800
